t_s,imu1_roll_deg,cmd_roll_erpm,imu1_pitch_deg,cmd_pitch_erpm,imu2_roll_deg,imu2_pitch_deg,motor_roll_erpm,motor_pitch_erpm,motor_roll_pos_deg,motor_pitch_pos_deg,motor_roll_amps,motor_pitch_amps,roll_rate_dps,pitch_rate_dps,d_roll_erpm,d_pitch_erpm,dt_ms
0.000,-0.0895,-0.5,-0.4288,0.0,-0.9304,6.5141,0,0,0.00,0.00,0.000,0.000,0.03,0.00,0.5,0.0,0.01
0.020,-0.0895,-0.4,-0.4288,0.0,-0.9304,6.5141,0,0,0.00,0.00,0.000,0.000,0.02,0.00,0.4,0.0,42.73
0.040,-0.0895,-0.2,-0.4288,0.0,-0.9304,6.5141,3,-1,0.00,0.00,0.350,0.050,0.02,0.00,0.2,0.0,20.09
0.060,-0.0895,-0.2,-0.4288,0.0,-0.9292,6.5071,0,0,0.00,0.00,0.010,0.000,0.01,0.00,0.2,0.0,20.07
0.080,-0.0895,-0.1,-0.4288,0.0,-0.9292,6.5071,0,0,0.00,0.00,0.300,0.040,0.01,0.00,0.1,0.0,20.07
0.100,-0.0895,-0.1,-0.4288,0.0,-0.9292,6.5071,0,0,0.00,0.00,0.310,0.040,0.01,0.00,0.1,0.0,20.09
0.120,-0.0895,-0.1,-0.4288,0.0,-0.9292,6.5071,0,0,0.00,0.00,0.300,0.040,0.00,0.00,0.1,0.0,20.07
0.140,-0.0905,-0.0,-0.4218,0.0,-0.9292,6.5071,0,0,0.00,0.00,0.300,0.040,0.00,0.00,0.0,0.0,20.08
0.160,-0.0905,-0.0,-0.4218,0.0,-0.9292,6.5071,0,0,0.00,0.00,0.300,0.040,0.00,0.00,0.0,0.0,20.09
0.180,-0.0905,-0.0,-0.4218,0.0,-0.9292,6.5071,0,0,0.00,0.00,0.300,0.040,0.00,0.00,0.0,0.0,20.07
0.200,-0.0905,-0.0,-0.4218,0.0,-0.9292,6.5071,0,0,0.00,0.00,0.300,0.040,0.00,0.00,0.0,0.0,20.09
0.220,-0.0905,-0.0,-0.4218,0.0,-0.9292,6.5071,0,0,0.00,0.00,0.310,0.040,0.00,0.00,0.0,0.0,20.07
0.240,-0.0905,-0.0,-0.4218,0.0,-0.9292,6.5071,0,0,0.00,0.00,0.310,0.040,0.00,0.00,0.0,0.0,20.08
0.260,-0.0905,-0.0,-0.4218,0.0,-0.9292,6.5071,0,0,0.00,0.00,0.310,0.040,0.00,0.00,0.0,0.0,20.07
0.280,-0.0905,-0.0,-0.4218,0.0,-0.9292,6.5071,0,0,0.00,0.00,0.300,0.040,0.00,0.00,0.0,0.0,20.07
0.300,-0.0905,-0.0,-0.4218,0.0,-0.9292,6.5071,0,0,0.00,0.00,0.310,0.050,0.00,0.00,0.0,0.0,20.07
0.320,-0.0905,-0.0,-0.4218,0.0,-0.9292,6.5071,0,0,0.00,0.00,0.300,0.040,0.00,0.00,0.0,0.0,20.07
0.340,-0.0905,-0.0,-0.4218,0.0,-0.9292,6.5071,0,0,0.00,0.00,0.310,0.040,0.00,0.00,0.0,0.0,20.10
0.360,-0.0905,-0.0,-0.4218,0.0,-0.9304,6.5141,0,0,0.00,0.00,0.310,0.040,0.00,0.00,0.0,0.0,20.08
0.380,-0.0905,-0.0,-0.4218,0.0,-0.9304,6.5141,0,0,0.00,0.00,0.310,0.030,0.00,0.00,0.0,0.0,20.07
0.400,-0.0905,-0.0,-0.4218,0.0,-0.9304,6.5141,0,0,0.00,0.00,0.320,0.040,0.00,0.00,0.0,0.0,20.07
0.420,-0.0905,-0.0,-0.4218,0.0,-0.9304,6.5141,0,0,0.00,0.00,0.310,0.040,0.00,0.00,0.0,0.0,20.07
0.440,-0.0905,-0.0,-0.4218,0.0,-0.9238,6.5148,0,0,0.00,0.00,0.310,0.040,0.00,0.00,0.0,0.0,20.09
0.460,-0.0905,-0.0,-0.4218,0.0,-0.9238,6.5148,0,0,0.00,0.00,0.310,0.040,0.00,0.00,0.0,0.0,20.06
0.480,-0.0905,-0.0,-0.4218,0.0,-0.9238,6.5148,0,0,0.00,0.00,0.310,0.040,0.00,0.00,0.0,0.0,20.08
0.500,-0.0905,-0.0,-0.4218,0.0,-0.9238,6.5148,0,0,0.00,0.00,0.310,0.040,0.00,0.00,0.0,0.0,20.08
0.520,-0.0905,-0.0,-0.4218,0.0,-0.9238,6.5148,0,0,0.00,0.00,0.310,0.050,0.00,0.00,0.0,0.0,20.07
0.540,-0.0905,-0.0,-0.4218,0.0,-0.9308,6.5137,0,0,0.00,0.00,0.320,0.050,0.00,0.00,0.0,0.0,20.07
0.560,-0.0905,-0.0,-0.4218,0.0,-0.9308,6.5137,0,0,0.00,0.00,0.310,0.040,0.00,0.00,0.0,0.0,20.08
0.580,-0.0905,-0.0,-0.4218,0.0,-0.9308,6.5137,0,0,0.00,0.00,0.300,0.040,0.00,0.00,0.0,0.0,20.09
0.600,-0.0905,-0.0,-0.4218,0.0,-0.9238,6.5148,0,0,0.00,0.00,0.310,0.040,0.00,0.00,0.0,0.0,20.07
0.620,-0.0905,-0.0,-0.4218,0.0,-0.9238,6.5148,0,0,0.00,0.00,0.310,0.050,0.00,0.00,0.0,0.0,20.07
0.640,-0.0905,-0.0,-0.4218,0.0,-0.9308,6.5137,0,0,0.00,0.00,0.290,0.050,0.00,0.00,0.0,0.0,20.08
0.660,-0.0905,-0.0,-0.4218,0.0,-0.9308,6.5137,0,0,0.00,0.00,0.300,0.040,0.00,0.00,0.0,0.0,20.07
0.680,-0.0905,-0.0,-0.4218,0.0,-0.9308,6.5137,0,0,0.00,0.00,0.310,0.040,0.00,0.00,0.0,0.0,20.07
0.700,-0.0905,-0.0,-0.4218,0.0,-0.9308,6.5137,0,0,0.00,0.00,0.300,0.040,0.00,0.00,0.0,0.0,20.07
0.720,-0.0905,-0.0,-0.4218,0.0,-0.9308,6.5137,0,0,0.00,0.00,0.300,0.040,0.00,0.00,0.0,0.0,20.07
0.740,-0.0835,-0.0,-0.4209,0.0,-0.9238,6.5148,0,0,0.00,0.00,0.310,0.040,0.00,0.00,0.0,0.0,20.08
0.760,-0.0835,-0.0,-0.4209,0.0,-0.9238,6.5148,0,0,0.00,0.00,0.310,0.040,0.00,0.00,0.0,0.0,20.07
0.780,-0.0835,-0.0,-0.4209,0.0,-0.9238,6.5148,0,0,0.00,0.00,0.310,0.040,0.00,0.00,0.0,0.0,20.08
0.800,-0.0835,-0.0,-0.4209,0.0,-0.9238,6.5148,0,0,0.00,0.00,0.300,0.040,0.00,0.00,0.0,0.0,20.07
0.820,-0.0835,-0.0,-0.4209,0.0,-0.9238,6.5148,0,0,0.00,0.00,0.310,0.040,0.00,0.00,0.0,0.0,20.09
0.840,-0.0905,-0.0,-0.4218,0.0,-0.9238,6.5148,0,0,0.00,0.00,0.310,0.040,0.00,0.00,0.0,0.0,20.08
0.860,-0.0905,-0.0,-0.4218,0.0,-0.9238,6.5148,0,0,0.00,0.00,0.310,0.040,0.00,0.00,0.0,0.0,20.09
0.880,-0.0835,-0.0,-0.4209,0.0,-0.9238,6.5148,0,0,0.00,0.00,0.300,0.040,0.00,0.00,0.0,0.0,20.07
0.900,-0.0835,-0.0,-0.4209,-0.3,-0.9238,6.5152,0,0,0.00,0.00,0.310,0.040,0.00,-0.03,0.0,-0.3,20.09
0.920,-0.0835,-0.0,-0.4209,-0.5,-0.9238,6.5152,0,0,0.00,0.00,0.300,0.040,0.00,-0.06,0.0,-0.5,20.07
0.940,-0.0835,-0.0,-0.4209,-0.3,-0.9238,6.5148,0,0,0.00,0.00,0.320,0.040,0.00,-0.04,0.0,-0.3,20.09
0.960,-0.0835,-0.0,-0.4209,-0.2,-0.9238,6.5148,0,0,0.00,0.00,0.310,0.040,0.00,-0.03,0.0,-0.2,20.08
0.980,-0.0835,-0.0,-0.4209,-0.2,-0.9238,6.5148,0,0,0.00,0.00,0.320,0.050,0.00,-0.02,0.0,-0.2,20.09
1.000,-0.0835,0.5,-0.4209,0.2,-0.9169,6.5160,0,0,0.00,0.00,0.300,0.040,-0.03,0.02,-0.5,0.2,20.07
1.020,-0.0835,0.9,-0.4209,0.4,-0.9169,6.5160,0,0,0.00,0.00,0.310,0.040,-0.06,0.05,-0.9,0.4,20.08
1.040,-0.0835,0.6,-0.4209,-0.0,-0.9234,6.5152,0,0,0.00,0.00,0.310,0.040,-0.04,-0.00,-0.6,-0.0,20.07
1.060,-0.0835,0.4,-0.4209,-0.3,-0.9234,6.5152,0,0,0.00,0.00,0.300,0.040,-0.03,-0.03,-0.4,-0.3,20.09
1.080,-0.0905,0.3,-0.4218,-0.5,-0.9234,6.5152,0,0,0.00,0.00,0.300,0.050,-0.02,-0.06,-0.3,-0.5,20.08
1.100,-0.0905,-0.3,-0.4218,-0.3,-0.9238,6.5148,0,0,0.00,0.00,0.290,0.040,0.02,-0.04,0.3,-0.3,20.08
1.120,-0.0905,-0.7,-0.4218,-0.2,-0.9238,6.5148,0,0,0.00,0.00,0.310,0.040,0.05,-0.03,0.7,-0.2,20.09
1.140,-0.0835,0.0,-0.4209,0.1,-0.9308,6.5141,0,0,0.00,0.00,0.310,0.050,-0.00,0.01,-0.0,0.1,20.09
1.160,-0.0835,0.5,-0.4209,0.3,-0.9308,6.5141,0,0,0.00,0.00,0.310,0.040,-0.03,0.04,-0.5,0.3,20.08
1.180,-0.0845,0.9,-0.4139,0.5,-0.9308,6.5141,0,0,0.00,0.00,0.300,0.040,-0.06,0.06,-0.9,0.5,20.09
1.200,-0.0845,0.1,-0.4139,0.4,-0.9308,6.5137,0,0,0.00,0.00,0.300,0.040,-0.01,0.04,-0.1,0.4,20.08
1.220,-0.0845,-0.4,-0.4139,0.3,-0.9308,6.5137,0,0,0.00,0.00,0.300,0.040,0.03,0.03,0.4,0.3,20.08
1.240,-0.0845,-0.3,-0.4139,0.2,-0.9308,6.5137,0,0,0.00,0.00,0.290,0.040,0.02,0.02,0.3,0.2,20.08
1.260,-0.0845,-0.2,-0.4139,0.1,-0.9308,6.5137,0,0,0.00,0.00,0.310,0.040,0.01,0.02,0.2,0.1,20.08
1.280,-0.0845,-0.1,-0.4139,0.1,-0.9308,6.5137,0,0,0.00,0.00,0.320,0.040,0.01,0.01,0.1,0.1,20.07
1.300,-0.0845,0.4,-0.4139,0.1,-0.9300,6.5067,0,0,0.00,0.00,0.310,0.040,-0.03,0.01,-0.4,0.1,20.08
1.320,-0.0845,0.8,-0.4139,0.0,-0.9300,6.5067,0,0,0.00,0.00,0.310,0.040,-0.05,0.01,-0.8,0.0,20.08
1.340,-0.0854,0.5,-0.4070,0.0,-0.9300,6.5067,0,0,0.00,0.00,0.310,0.040,-0.04,0.00,-0.5,0.0,20.08
1.360,-0.0854,0.4,-0.4070,0.0,-0.9300,6.5067,0,0,0.00,0.00,0.310,0.040,-0.03,0.00,-0.4,0.0,20.07
1.380,-0.0854,0.3,-0.4070,0.0,-0.9300,6.5067,0,0,0.00,0.00,0.300,0.050,-0.02,0.00,-0.3,0.0,20.08
1.400,-0.0854,0.2,-0.4070,0.0,-0.9300,6.5067,0,0,0.00,0.00,0.300,0.040,-0.01,0.00,-0.2,0.0,20.08
1.420,-0.0854,0.1,-0.4070,0.0,-0.9300,6.5067,0,0,0.00,0.00,0.300,0.040,-0.01,0.00,-0.1,0.0,20.08
1.440,-0.0924,0.1,-0.4080,-0.5,-0.9300,6.5067,0,0,0.00,0.00,0.290,0.040,-0.01,-0.07,-0.1,-0.5,20.09
1.460,-0.0924,0.1,-0.4080,-0.9,-0.9300,6.5067,0,0,0.00,0.00,0.300,0.040,-0.00,-0.11,-0.1,-0.9,20.08
1.480,-0.0924,0.0,-0.4080,-1.2,-0.9300,6.5067,0,0,0.00,0.00,0.300,0.040,-0.00,-0.15,-0.0,-1.2,20.07
1.500,-0.0924,0.0,-0.4080,-0.6,-0.9231,6.5079,0,0,0.00,0.00,0.310,0.040,-0.00,-0.07,-0.0,-0.6,20.08
1.520,-0.0924,0.0,-0.4080,-0.1,-0.9231,6.5079,0,0,0.00,0.00,0.310,0.050,-0.00,-0.01,-0.0,-0.1,20.08
1.540,-0.0924,0.0,-0.4080,-0.4,-0.9300,6.5067,0,0,0.00,0.00,0.320,0.040,-0.00,-0.04,-0.0,-0.4,20.08
1.560,-0.0924,0.0,-0.4080,-0.5,-0.9300,6.5067,0,0,0.00,0.00,0.310,0.040,-0.00,-0.06,-0.0,-0.5,20.08
1.580,-0.0924,0.0,-0.4080,-0.6,-0.9300,6.5067,0,0,0.00,0.00,0.310,0.050,-0.00,-0.08,-0.0,-0.6,20.08
1.600,-0.0924,0.0,-0.4080,-0.4,-0.9231,6.5079,0,0,0.00,0.00,0.310,0.040,-0.00,-0.06,-0.0,-0.4,20.09
1.620,-0.0924,0.0,-0.4080,-0.3,-0.9231,6.5079,0,0,0.00,0.00,0.310,0.040,-0.00,-0.04,-0.0,-0.3,20.09
1.640,-0.0924,-0.5,-0.4080,-0.2,-0.9173,6.5160,0,0,0.00,0.00,0.310,0.050,0.03,-0.03,0.5,-0.2,20.08
1.660,-0.0924,-0.9,-0.4080,-0.2,-0.9173,6.5160,0,0,0.00,0.00,0.310,0.050,0.06,-0.02,0.9,-0.2,20.08
1.680,-0.0924,-1.1,-0.4080,-0.1,-0.9173,6.5160,0,0,0.00,0.00,0.310,0.050,0.07,-0.01,1.1,-0.1,20.09
1.700,-0.0924,-0.3,-0.4080,-0.1,-0.9242,6.5148,0,0,0.00,0.00,0.310,0.050,0.02,-0.01,0.3,-0.1,20.08
1.720,-0.0924,0.3,-0.4080,-0.1,-0.9242,6.5148,0,0,0.00,0.00,0.300,0.050,-0.02,-0.01,-0.3,-0.1,20.08
1.740,-0.0854,-0.3,-0.4070,-0.3,-0.9242,6.5148,0,0,0.00,0.00,0.320,0.040,0.02,-0.04,0.3,-0.3,20.07
1.760,-0.0854,-0.7,-0.4070,-0.5,-0.9242,6.5148,0,0,0.00,0.00,0.310,0.040,0.05,-0.06,0.7,-0.5,20.08
1.780,-0.0795,-1.0,-0.3991,-0.6,-0.9242,6.5148,0,0,0.00,0.00,0.310,0.050,0.07,-0.08,1.0,-0.6,20.07
1.800,-0.0795,-0.7,-0.3991,-0.2,-0.9242,6.5148,0,0,0.00,0.00,0.310,0.040,0.05,-0.02,0.7,-0.2,20.08
1.820,-0.0795,-0.5,-0.3991,0.2,-0.9242,6.5148,0,0,0.00,0.00,0.300,0.050,0.03,0.02,0.5,0.2,20.08
1.840,-0.0804,-0.3,-0.3922,0.6,-0.9254,6.5218,0,0,0.00,0.00,0.300,0.040,0.02,0.08,0.3,0.6,20.11
1.860,-0.0804,-0.2,-0.3922,1.0,-0.9254,6.5218,0,0,0.00,0.00,0.300,0.050,0.02,0.12,0.2,1.0,20.07
1.880,-0.0804,-0.2,-0.3922,1.2,-0.9254,6.5218,0,0,0.00,0.00,0.310,0.040,0.01,0.15,0.2,1.2,20.08
1.900,-0.0804,-0.1,-0.3922,0.9,-0.9313,6.5087,0,0,0.00,0.00,0.310,0.050,0.01,0.11,0.1,0.9,20.07
1.920,-0.0804,-0.1,-0.3922,0.6,-0.9313,6.5087,0,0,0.00,0.00,0.300,0.050,0.01,0.08,0.1,0.6,20.07
1.940,-0.0804,-0.1,-0.3922,0.4,-0.9313,6.5087,0,0,0.00,0.00,0.310,0.050,0.00,0.05,0.1,0.4,20.06
1.960,-0.0804,-0.0,-0.3922,0.3,-0.9313,6.5087,0,0,0.00,0.00,0.310,0.040,0.00,0.04,0.0,0.3,20.07
1.980,-0.0804,-0.0,-0.3922,0.2,-0.9313,6.5087,0,0,0.00,0.00,0.300,0.050,0.00,0.03,0.0,0.2,20.07
2.000,-0.0804,-0.0,-0.3922,0.1,-0.8886,6.5108,0,0,0.00,0.00,0.300,0.050,0.00,0.02,0.0,0.1,20.07
2.020,-0.0804,-0.0,-0.3922,0.1,-0.8886,6.5108,0,0,0.00,0.00,0.300,0.050,0.00,0.01,0.0,0.1,20.06
2.040,-0.0795,0.5,-0.3991,0.3,-0.8886,6.5112,0,0,0.00,0.00,0.300,0.050,-0.03,0.04,-0.5,0.3,20.07
2.060,-0.0795,0.8,-0.3991,0.5,-0.8886,6.5112,0,0,0.00,0.00,0.300,0.040,-0.06,0.06,-0.8,0.5,20.07
2.080,-0.0804,1.1,-0.3922,0.6,-0.8886,6.5112,0,0,0.00,0.00,0.310,0.050,-0.07,0.08,-1.1,0.6,20.07
2.100,-0.0804,-0.7,-0.3922,-0.1,-0.8867,6.5043,0,0,0.00,0.00,0.300,0.050,0.05,-0.01,0.7,-0.1,20.09
2.120,-0.0804,-2.0,-0.3922,-0.6,-0.8867,6.5043,0,0,0.00,0.00,0.180,0.050,0.14,-0.08,2.0,-0.6,20.07
2.140,-0.0804,-0.9,-0.3922,0.6,-0.8844,6.5260,0,0,0.00,0.00,0.290,0.050,0.06,0.08,0.9,0.6,20.09
2.160,-0.0804,-0.1,-0.3922,1.5,-0.8844,6.5260,0,0,0.00,0.00,0.290,0.040,0.01,0.19,0.1,1.5,20.07
2.180,-0.0754,0.4,-0.3774,2.1,-0.8844,6.5260,0,0,0.00,0.00,0.300,0.040,-0.03,0.27,-0.4,2.1,20.09
2.200,-0.0754,0.8,-0.3774,1.8,-0.8897,6.5176,0,0,0.00,0.00,0.300,0.050,-0.05,0.22,-0.8,1.8,20.07
2.220,-0.0754,1.1,-0.3774,1.5,-0.8897,6.5176,0,0,0.00,0.00,0.300,0.040,-0.07,0.19,-1.1,1.5,20.08
2.240,-0.0754,-0.8,-0.3774,1.6,-0.8947,6.5383,0,0,0.00,0.00,0.310,0.030,0.05,0.20,0.8,1.6,20.08
2.260,-0.0754,-2.1,-0.3774,1.7,-0.8947,6.5383,0,0,0.00,0.00,0.310,0.040,0.14,0.21,2.1,1.7,20.10
2.280,-0.0703,-2.9,-0.3626,1.7,-0.8947,6.5383,0,0,0.00,0.00,0.300,0.040,0.20,0.21,2.9,1.7,20.08
2.300,-0.0703,-2.6,-0.3626,1.2,-0.8947,6.5383,0,0,0.00,0.00,0.300,0.030,0.17,0.15,2.6,1.2,20.08
2.320,-0.0703,-2.3,-0.3626,0.8,-0.8947,6.5383,0,0,0.00,0.00,0.290,0.030,0.15,0.10,2.3,0.8,20.07
2.340,-0.0685,-0.6,-0.3765,0.0,-0.8985,6.5230,0,0,0.00,0.00,0.300,0.020,0.04,0.01,0.6,0.0,20.08
2.360,-0.0685,0.6,-0.3765,-0.5,-0.8985,6.5230,0,0,0.00,0.00,0.290,0.030,-0.04,-0.06,-0.6,-0.5,20.08
2.380,-0.0744,1.4,-0.3843,-0.9,-0.8985,6.5230,0,0,0.00,0.00,0.300,0.030,-0.09,-0.11,-1.4,-0.9,20.09
2.400,-0.0744,1.0,-0.3843,-0.9,-0.8886,6.5108,0,0,0.00,0.00,0.290,0.030,-0.07,-0.11,-1.0,-0.9,20.09
2.420,-0.0744,0.7,-0.3843,-0.9,-0.8886,6.5108,0,0,0.00,0.00,0.290,0.030,-0.05,-0.11,-0.7,-0.9,20.24
2.440,-0.0735,-0.0,-0.3913,-0.1,-0.9069,6.5284,0,0,0.00,0.00,0.290,0.020,0.00,-0.01,0.0,-0.1,20.08
2.460,-0.0735,-0.5,-0.3913,0.5,-0.9069,6.5284,0,0,0.00,0.00,0.290,0.030,0.03,0.06,0.5,0.5,20.07
2.480,-0.0675,-0.9,-0.3834,0.9,-0.9069,6.5284,0,0,0.00,0.00,0.290,0.030,0.06,0.11,0.9,0.9,20.08
2.500,-0.0675,0.4,-0.3834,1.1,-0.8989,6.5231,0,0,0.00,0.00,0.280,0.030,-0.03,0.14,-0.4,1.1,20.07
2.520,-0.0675,1.3,-0.3834,1.3,-0.8989,6.5231,0,0,0.00,0.00,0.290,0.020,-0.09,0.17,-1.3,1.3,20.07
2.540,-0.0675,0.9,-0.3834,0.4,-0.9024,6.5078,0,0,0.00,0.00,0.290,0.020,-0.06,0.05,-0.9,0.4,20.07
2.560,-0.0675,0.6,-0.3834,-0.3,-0.9024,6.5078,0,0,0.00,0.00,0.280,0.020,-0.04,-0.03,-0.6,-0.3,20.07
2.580,-0.0666,0.4,-0.3903,-0.7,-0.9024,6.5078,0,0,0.00,0.00,0.290,0.020,-0.03,-0.09,-0.4,-0.7,20.09
2.600,-0.0666,-0.2,-0.3903,-0.2,-0.9039,6.5147,0,0,0.00,0.00,0.290,0.020,0.01,-0.03,0.2,-0.2,20.09
2.620,-0.0666,-0.6,-0.3903,0.1,-0.9039,6.5147,0,0,0.00,0.00,0.290,0.020,0.04,0.01,0.6,0.1,20.08
2.640,-0.0596,-0.4,-0.3894,-0.2,-0.9039,6.5147,0,0,0.00,0.00,0.290,0.020,0.03,-0.02,0.4,-0.2,20.12
2.660,-0.0596,-0.3,-0.3894,-0.4,-0.9039,6.5147,0,0,0.00,0.00,0.290,0.020,0.02,-0.05,0.3,-0.4,20.09
2.680,-0.0518,-0.2,-0.3954,-0.6,-0.9039,6.5147,0,0,0.00,0.00,0.300,0.020,0.01,-0.07,0.2,-0.6,20.10
2.700,-0.0518,-0.2,-0.3954,-0.7,-0.9024,6.5078,0,0,0.00,0.00,0.290,0.020,0.01,-0.08,0.2,-0.7,20.08
2.720,-0.0518,-0.1,-0.3954,-0.7,-0.9024,6.5078,0,0,0.00,0.00,0.290,0.020,0.01,-0.09,0.1,-0.7,20.10
2.740,-0.0509,-0.6,-0.4023,0.3,-0.9039,6.5147,0,0,0.00,0.00,0.300,0.020,0.04,0.04,0.6,0.3,20.09
2.760,-0.0509,-0.9,-0.4023,1.0,-0.9039,6.5147,0,0,0.00,0.00,0.290,0.020,0.06,0.13,0.9,1.0,20.09
2.780,-0.0389,-1.1,-0.3865,1.5,-0.9039,6.5147,0,0,0.00,0.00,0.300,0.020,0.08,0.19,1.1,1.5,20.08
2.800,-0.0389,-0.8,-0.3865,2.1,-0.9080,6.5352,0,0,0.00,0.00,0.300,0.020,0.05,0.27,0.8,2.1,20.09
2.820,-0.0389,-0.6,-0.3865,2.6,-0.9080,6.5352,0,0,0.00,0.00,0.290,0.010,0.04,0.32,0.6,2.6,20.07
2.840,-0.0348,-0.9,-0.3648,3.1,-0.9140,6.5627,0,0,0.00,0.00,0.290,0.010,0.06,0.39,0.9,3.1,20.10
2.860,-0.0348,-1.1,-0.3648,3.5,-0.9140,6.5627,0,0,0.00,0.00,0.300,0.010,0.08,0.44,1.1,3.5,20.08
2.880,-0.0187,-1.3,-0.3273,3.8,-0.9140,6.5627,0,0,0.00,0.00,0.300,0.010,0.09,0.48,1.3,3.8,20.09
2.900,-0.0187,-2.9,-0.3273,5.9,-0.9096,6.7071,0,1,0.00,0.00,0.300,0.000,0.19,0.74,2.9,5.9,20.07
2.920,-0.0187,-4.1,-0.3273,7.4,-0.9096,6.7071,0,0,0.00,0.00,0.280,0.000,0.27,0.92,4.1,7.4,20.08
2.940,0.0055,-7.4,-0.2463,9.4,-0.8965,6.8104,0,0,0.00,0.00,0.300,0.010,0.49,1.18,7.4,9.4,20.13
2.960,0.0055,-9.7,-0.2463,10.9,-0.8965,6.8104,0,0,0.00,0.00,0.300,0.020,0.65,1.36,9.7,10.9,20.09
2.980,0.0375,-11.3,-0.1713,11.9,-0.8965,6.8104,-1,1,0.00,0.00,0.280,0.040,0.75,1.49,11.3,11.9,20.07
3.000,0.0375,-10.9,-0.1713,11.8,-0.8918,6.8546,0,3,0.00,0.00,0.260,0.060,0.73,1.48,10.9,11.8,20.07
3.020,0.0375,-10.7,-0.1713,11.8,-0.8918,6.8546,-1,3,0.00,0.00,0.250,0.070,0.71,1.47,10.7,11.8,20.08
3.040,0.0656,-9.5,-0.1181,10.9,-0.9257,6.8761,0,0,0.00,0.00,0.220,0.080,0.63,1.37,9.5,10.9,20.09
3.060,0.0656,-8.7,-0.1181,10.3,-0.9257,6.8761,-1,3,0.00,0.00,0.210,0.090,0.58,1.29,8.7,10.3,20.08
3.080,0.0747,-8.1,-0.0816,9.9,-0.9257,6.8761,1,2,0.00,0.00,0.050,0.120,0.54,1.24,8.1,9.9,20.10
3.100,0.0747,-3.1,-0.0816,6.4,-0.9958,6.7673,6,4,0.00,0.00,0.170,0.130,0.21,0.80,3.1,6.4,20.09
3.120,0.0747,0.3,-0.0816,3.9,-0.9958,6.7673,4,3,0.00,0.00,0.140,0.140,-0.02,0.49,-0.3,3.9,20.08
3.140,0.0202,12.3,-0.0961,-0.5,-1.1144,6.4545,2,3,2.86,0.00,0.140,0.140,-0.82,-0.06,-12.3,-0.5,20.10
3.160,0.0202,20.7,-0.0961,-3.5,-1.1144,6.4545,-2,1,0.00,0.00,0.170,0.140,-1.38,-0.44,-20.7,-3.5,20.09
3.180,-0.1354,26.6,-0.1456,-5.7,-1.1144,6.4545,-5,0,0.00,0.00,0.210,0.140,-1.77,-0.71,-26.6,-5.7,20.09
3.200,-0.1354,40.3,-0.1456,-11.2,-1.2560,5.9217,-2,0,0.00,0.00,0.270,0.130,-2.68,-1.41,-40.3,-11.2,20.10
3.220,-0.1354,49.8,-0.1456,-15.1,-1.2560,5.9217,2,0,0.00,0.00,0.040,0.100,-3.32,-1.89,-49.8,-15.1,20.08
3.240,-0.3586,59.6,-0.2680,-21.9,-1.3839,5.3271,8,-2,2.86,0.00,0.380,0.100,-3.97,-2.73,-59.6,-21.9,20.10
3.260,-0.3586,66.4,-0.2680,-26.6,-1.3839,5.3271,9,-2,2.86,0.00,0.070,0.070,-4.42,-3.32,-66.4,-26.6,20.10
3.280,-0.6119,438.3,-0.4794,-29.9,-1.3839,5.3271,4,-2,2.86,0.00,0.570,0.020,-4.74,-3.74,-71.1,-29.9,20.10
3.300,-0.6119,439.6,-0.4794,-36.5,-1.4187,4.6670,-6,-5,2.86,0.00,0.710,0.010,-4.83,-4.56,-72.5,-36.5,20.10
3.320,-0.6119,440.5,-0.4794,-41.1,-1.4187,4.6670,279,-6,2.86,0.00,1.530,0.070,-4.89,-5.14,-73.4,-41.1,20.07
3.340,-0.7856,525.7,-0.8071,-51.6,-1.3889,4.0643,303,-10,5.71,0.00,1.570,0.130,-3.63,-6.45,-54.4,-51.6,20.08
3.360,-0.7856,512.4,-0.8071,-59.0,-1.3889,4.0643,371,-10,8.57,0.00,1.590,0.050,-2.74,-7.37,-41.1,-59.0,20.07
3.380,-0.7332,471.7,-1.2874,-450.3,-1.3889,4.0643,448,-17,8.57,0.00,1.330,0.280,-2.12,-8.01,-31.8,-64.1,20.06
3.400,-0.7332,442.0,-1.2874,-458.8,-1.3390,3.5659,468,-21,11.43,0.00,0.980,0.360,-0.14,-9.07,-2.1,-72.5,20.08
3.420,-0.7332,421.2,-1.2874,-464.7,-1.3390,3.5659,475,-383,17.14,-2.86,0.930,0.740,1.24,-9.80,18.7,-78.4,20.08
3.440,-0.4477,-45.8,-1.8561,-641.6,-1.2595,3.1960,482,-379,17.14,-2.86,1.010,0.750,3.05,-10.59,45.8,-84.7,20.08
3.460,-0.4477,-64.8,-1.8561,-645.9,-1.2595,3.1960,485,-376,20.00,-5.71,0.870,0.690,4.32,-11.14,64.8,-89.1,20.07
3.480,-0.0870,-72.0,-2.4421,-822.1,-1.2595,3.1960,78,-617,22.86,-8.57,0.360,0.510,4.80,-11.19,72.0,-89.5,20.07
3.500,-0.0870,-77.1,-2.4421,-822.4,-1.1023,2.8938,52,-611,22.86,-11.43,0.510,0.000,5.14,-11.22,77.1,-89.8,20.07
3.520,-0.0870,-80.7,-2.4421,-822.6,-1.1023,2.8938,2,-778,22.86,-20.00,0.490,0.470,5.38,-11.25,80.7,-90.0,20.07
3.540,0.1723,-71.1,-2.9569,-972.9,-0.8581,2.6538,-1,-779,22.86,-20.00,0.420,0.800,4.74,-10.73,71.1,-85.8,20.61
3.560,0.1723,-64.4,-2.9569,-970.0,-0.8581,2.6538,-17,-815,22.86,-28.57,0.040,0.360,4.29,-10.36,64.4,-82.9,20.08
3.580,0.2860,-46.6,-3.3862,-1092.9,-0.8581,2.6538,-16,-895,22.86,-31.43,0.240,0.320,3.10,-9.64,46.6,-77.1,20.07
3.600,0.2860,-34.1,-3.3862,-1088.9,-0.4532,2.7796,-23,-936,22.86,-37.14,0.190,0.520,2.27,-9.13,34.1,-73.0,20.07
3.620,0.2860,-25.4,-3.3862,-1086.0,-0.4532,2.7796,-17,-1072,22.86,-45.71,0.060,0.500,1.69,-8.77,25.4,-70.2,20.09
3.640,0.2679,-12.7,-3.7424,-1187.7,-0.2369,2.4449,-8,-1054,22.86,-48.57,0.190,0.010,0.85,-8.12,12.7,-65.0,20.09
3.660,0.2679,-3.9,-3.7424,-1184.1,-0.2369,2.4449,-36,-1053,20.00,-57.14,0.160,0.570,0.26,-7.67,3.9,-61.3,20.07
3.680,0.1998,1.3,-4.0422,-1268.7,-0.2369,2.4449,-52,-1121,20.00,-60.00,0.350,0.610,-0.09,-7.01,-1.3,-56.1,20.07
3.700,0.1998,4.9,-4.0422,-1265.1,-0.0576,2.1660,-74,-1148,20.00,-68.57,0.240,0.190,-0.33,-6.55,-4.9,-52.4,20.07
3.720,0.1998,7.5,-4.0422,-1262.5,-0.0576,2.1660,-53,-1241,20.00,-77.14,0.720,0.620,-0.50,-6.23,-7.5,-49.9,20.08
3.740,0.1933,-5.8,-4.2836,-1330.7,0.0701,1.8357,-19,-1250,20.00,-82.86,0.690,0.040,0.39,-5.71,5.8,-45.6,20.13
3.760,0.1933,-15.2,-4.2836,-1327.8,0.0701,1.8357,15,-1247,20.00,-94.29,0.600,0.600,1.01,-5.34,15.2,-42.7,20.07
3.780,0.1164,-25.7,-4.3301,-1331.9,0.0701,1.8357,13,-1312,20.00,-97.14,0.500,0.430,1.71,-4.10,25.7,-32.8,20.10
3.800,0.1164,-33.1,-4.3301,-1325.0,-0.6599,1.9060,5,-1333,20.00,-105.71,0.460,0.520,2.21,-3.24,33.1,-25.9,20.07
3.820,0.2596,-38.3,-4.2744,-1303.4,-0.6599,1.9060,-2,-1334,20.00,-114.29,0.430,0.740,2.55,-2.64,38.3,-21.1,20.08
3.840,0.2596,-44.4,-4.2744,-1284.5,-0.6837,1.5207,-5,-1293,20.00,-120.00,0.360,0.630,2.96,-0.27,44.4,-2.2,20.09
3.860,0.2596,-48.7,-4.2744,-1271.2,-0.6837,1.5207,-7,-1276,20.00,-128.57,0.330,1.200,3.25,1.39,48.7,11.1,20.08
3.880,0.4471,-51.7,-3.8938,-1132.4,-0.6837,1.5207,-12,-1281,20.00,-134.29,0.250,0.440,3.45,4.46,51.7,35.7,20.09
3.900,0.4471,-53.8,-3.8938,-1115.2,-0.4483,1.1120,-25,-1282,20.00,-142.86,0.220,0.890,3.59,6.62,53.8,52.9,20.08
3.920,0.6189,-426.7,-3.2675,-915.3,-0.4483,1.1120,-32,-1158,20.00,-151.43,0.200,0.290,3.69,8.12,55.3,65.0,20.04
3.940,0.6189,-422.7,-3.2675,-903.6,-0.3069,0.6500,-35,-1140,20.00,-154.29,0.190,0.450,3.42,9.58,51.3,76.6,20.09
3.960,0.6189,-419.9,-3.2675,-895.4,-0.3069,0.6500,-321,-932,17.14,-162.86,0.090,0.730,3.23,10.60,48.5,84.8,20.07
3.980,0.7367,-485.6,-2.6139,-695.5,-0.3069,0.6500,-391,-939,14.29,-165.71,0.250,0.100,2.90,11.08,43.5,88.6,20.10
4.000,0.7367,-482.1,-2.6139,-692.8,-0.0766,0.1824,-364,-908,14.29,-171.43,0.540,0.270,2.67,11.42,40.0,91.3,20.08
4.020,0.8343,-538.2,-2.0195,-512.6,-0.0766,0.1824,-436,-698,8.57,-177.14,0.670,0.620,2.51,11.65,37.6,93.2,20.07
4.040,0.8343,-535.0,-2.0195,-515.4,0.0630,-0.1859,-439,-713,8.57,-180.00,0.600,0.570,2.29,11.31,34.4,90.5,20.07
4.060,0.8343,-532.7,-2.0195,-517.3,0.0630,-0.1859,-456,-551,2.86,-185.71,0.360,0.030,2.14,11.07,32.1,88.6,20.07
4.080,0.9020,-566.2,-1.5144,-371.1,0.0630,-0.1859,-479,-537,2.86,-185.71,0.270,0.010,1.67,10.40,25.0,83.2,20.06
4.100,0.9020,-561.2,-1.5144,-374.8,0.2009,-0.4543,-458,-548,0.00,-188.57,0.440,0.380,1.33,9.93,20.0,79.5,20.07
4.120,0.8836,-546.7,-1.0997,-253.1,0.2009,-0.4543,-518,-421,-2.86,-191.43,0.990,0.650,1.10,9.61,16.5,76.9,20.07
4.140,0.8836,-532.2,-1.0997,-260.3,0.3917,-0.7813,-501,-369,-5.71,-194.29,1.290,0.680,0.13,8.71,2.0,69.6,20.09
4.160,0.8836,-522.0,-1.0997,-265.3,0.3917,-0.7813,-547,-254,-11.43,-197.14,1.230,0.470,-0.54,8.07,-8.2,64.6,20.08
4.180,0.6968,-391.2,-1.3677,-354.4,0.3917,-0.7813,-514,-269,-11.43,-197.14,0.810,0.370,-1.79,6.99,-26.9,56.0,20.09
4.200,0.6968,-378.1,-1.3677,-360.4,0.4738,-1.0491,-527,-279,-17.14,-200.00,0.500,0.020,-2.66,6.24,-40.0,49.9,20.11
4.220,0.4220,49.1,-1.7124,-468.0,0.4738,-1.0491,-453,-355,-20.00,-200.00,0.400,0.000,-3.27,5.71,-49.1,45.7,20.08
4.240,0.4220,58.6,-1.7124,-478.5,0.5628,-1.2308,-440,-352,-20.00,-202.86,0.620,0.030,-3.90,4.40,-58.6,35.2,20.10
4.260,0.4220,65.2,-1.7124,-485.8,0.5628,-1.2308,-88,-440,-20.00,-205.71,0.400,0.370,-4.34,3.48,-65.2,27.9,20.07
4.280,0.1845,59.2,-1.9736,-576.3,0.5628,-1.2308,-57,-452,-20.00,-208.57,0.460,0.770,-3.95,1.97,-59.2,15.7,20.28
4.300,0.1845,55.0,-1.9736,-584.8,0.6466,-1.3530,-3,-444,-20.00,-211.43,0.510,0.750,-3.67,0.91,-55.0,7.3,20.06
4.320,0.0766,52.1,-2.1165,-633.6,0.6466,-1.3530,6,-556,-20.00,-214.29,0.010,0.520,-3.48,0.17,-52.1,1.3,20.09
4.340,0.0766,40.0,-2.1165,-642.1,0.6144,-1.4781,7,-560,-20.00,-217.14,0.400,0.100,-2.67,-0.89,-40.0,-7.1,20.07
4.360,0.0766,31.5,-2.1165,-648.0,0.6144,-1.4781,66,-620,-20.00,-222.86,0.160,0.210,-2.10,-1.63,-31.5,-13.0,20.08
4.380,0.0455,26.6,-2.3116,-712.0,0.4228,-1.4153,68,-643,-20.00,-222.86,0.550,0.570,-1.77,-2.32,-26.6,-18.5,20.10
4.400,0.0455,23.2,-2.3116,-715.9,0.4228,-1.4153,69,-627,-20.00,-228.57,0.620,0.790,-1.54,-2.80,-23.2,-22.4,20.08
4.420,-0.0561,20.7,-2.4958,-773.8,0.4228,-1.4153,40,-695,-20.00,-231.43,0.570,0.680,-1.38,-3.13,-20.7,-25.1,20.09
4.440,-0.0561,30.1,-2.4958,-770.6,0.1919,-1.2788,34,-693,-20.00,-234.29,0.520,0.170,-2.01,-2.73,-30.1,-21.8,20.09
4.460,-0.0561,36.7,-2.4958,-768.3,0.1919,-1.2788,5,-732,-20.00,-242.86,0.460,0.810,-2.45,-2.45,-36.7,-19.6,20.07
4.480,-0.2614,41.8,-2.4613,-730.9,0.1919,-1.2788,6,-754,-20.00,-242.86,0.380,1.160,-2.79,0.94,-41.8,7.5,20.09
4.500,-0.2614,45.4,-2.4613,-711.9,0.0572,-1.1745,-12,-737,-20.00,-248.57,0.160,1.100,-3.03,3.31,-45.4,26.5,20.07
4.520,-0.3894,47.9,-1.8222,-506.9,0.0572,-1.1745,-15,-739,-20.00,-254.29,0.070,0.390,-3.19,4.97,-47.9,39.7,20.07
4.540,-0.3894,33.0,-1.8222,-470.8,-0.0713,-1.0284,1,-728,-20.00,-257.14,0.070,0.490,-2.20,9.49,-33.0,75.9,20.07
4.560,-0.3894,22.6,-1.8222,-445.4,-0.0713,-1.0284,6,-561,-20.00,-260.00,0.020,0.730,-1.51,12.65,-22.6,101.2,20.07
4.580,-0.3423,5.2,-0.8190,116.8,-0.0713,-1.0284,3,-548,-20.00,-262.86,0.000,0.650,-0.35,14.60,-5.2,116.8,20.07
4.600,-0.3423,-6.9,-0.8190,127.7,-0.1584,-0.7403,2,-496,-20.00,-265.71,0.010,0.520,0.46,15.96,6.9,127.7,20.07
4.620,-0.1958,-15.4,0.0851,135.3,-0.1584,-0.7403,0,-42,-20.00,-265.71,0.000,0.290,1.03,16.91,15.4,135.3,20.07
4.640,-0.1958,-27.4,0.0851,133.4,-0.3017,-0.5111,-2,14,-20.00,-265.71,0.010,0.100,1.83,16.67,27.4,133.4,20.07
4.660,-0.1958,-35.8,0.0851,132.0,-0.3017,-0.5111,16,41,-20.00,-265.71,0.040,0.140,2.39,16.50,35.8,132.0,20.07
4.680,-0.0036,-40.2,0.8190,121.4,-0.3017,-0.5111,12,50,-20.00,-265.71,0.190,0.270,2.68,15.18,40.2,121.4,20.07
4.700,-0.0036,-43.2,0.8190,114.0,0.1502,-1.4803,49,62,-20.00,-265.71,0.100,0.280,2.88,14.25,43.2,114.0,20.11
4.720,0.1087,-45.4,1.3719,520.4,0.1502,-1.4803,26,65,-20.00,-265.71,0.490,0.320,3.02,13.60,45.4,108.8,20.06
4.740,0.1087,-30.7,1.3719,509.5,-0.0275,-1.1151,8,70,-20.00,-262.86,0.480,0.300,2.05,12.24,30.7,97.9,20.10
4.760,0.1087,-20.5,1.3719,501.9,-0.0275,-1.1151,-10,403,-20.00,-260.00,0.510,0.160,1.37,11.29,20.5,90.3,20.09
4.780,0.0397,3.8,1.7577,602.9,-0.2647,-0.6987,-5,433,-20.00,-260.00,0.520,0.040,-0.25,9.45,-3.8,75.6,20.08
4.800,0.0397,20.8,1.7577,592.6,-0.2647,-0.6987,-16,475,-20.00,-254.29,0.520,0.160,-1.38,8.16,-20.8,65.2,20.08
4.820,-0.1862,32.7,1.9587,645.6,-0.2647,-0.6987,-9,562,-20.00,-254.29,0.460,0.610,-2.18,7.25,-32.7,58.0,20.08
4.840,-0.1862,48.5,1.9587,633.1,-0.5594,-0.3205,-17,535,-20.00,-251.43,0.410,0.810,-3.24,5.68,-48.5,45.5,20.08
4.860,-0.1862,59.7,1.9587,624.3,-0.5594,-0.3205,-9,641,-20.00,-245.71,0.300,0.500,-3.98,4.58,-59.7,36.7,20.09
4.880,-0.4738,68.0,1.9956,621.1,-0.5594,-0.3205,-1,608,-20.00,-242.86,0.230,0.040,-4.53,2.80,-68.0,22.4,20.09
4.900,-0.4738,73.8,1.9956,611.2,-0.8492,0.0963,13,625,-20.00,-240.00,0.160,0.210,-4.92,1.56,-73.8,12.5,20.09
4.920,-0.7413,522.6,1.8375,556.8,-0.8492,0.0963,38,638,-20.00,-234.29,0.100,0.580,-5.19,0.69,-77.8,5.5,20.08
4.940,-0.7413,525.0,1.8375,545.5,-1.2274,0.4689,65,597,-20.00,-231.43,0.040,0.870,-5.34,-0.73,-80.2,-5.8,20.08
4.960,-0.7413,526.6,1.8375,537.5,-1.2274,0.4689,400,596,-14.29,-228.57,0.430,0.380,-5.45,-1.72,-81.8,-13.7,20.10
4.980,-1.0210,697.1,1.5720,448.0,-1.2274,0.4689,415,561,-14.29,-225.71,0.600,0.060,-5.63,-2.95,-84.4,-23.6,20.10
5.000,-1.0210,698.9,1.5720,441.1,-1.5617,0.8958,466,521,-11.43,-222.86,0.650,0.040,-5.75,-3.81,-86.3,-30.5,20.08
5.020,-1.3113,874.4,1.2270,332.8,-1.5617,0.8958,638,474,-5.71,-220.00,0.230,0.380,-5.84,-4.41,-87.6,-35.3,20.07
5.040,-1.3113,877.3,1.2270,326.8,-1.9835,1.2515,630,474,-2.86,-217.14,0.000,0.550,-6.04,-5.17,-90.5,-41.4,20.11
5.060,-1.3113,879.4,1.2270,322.5,-1.9835,1.2515,753,352,2.86,-214.29,0.900,0.630,-6.17,-5.70,-92.6,-45.6,20.07
5.080,-1.5947,1038.7,0.8336,-50.5,-2.3559,1.5252,729,314,2.86,-214.29,1.600,0.590,-5.46,-6.31,-81.9,-50.5,20.06
5.100,-1.5947,1031.3,0.8336,-53.8,-2.3559,1.5252,802,330,11.43,-211.43,1.440,0.230,-4.96,-6.73,-74.5,-53.8,20.07
5.120,-1.6971,1087.5,0.4090,-56.2,-2.3559,1.5252,954,15,14.29,-211.43,1.240,0.240,-4.62,-7.03,-69.3,-56.2,20.06
5.140,-1.6971,1063.7,0.4090,-59.5,-2.8291,1.8044,996,5,20.00,-211.43,1.650,0.090,-3.03,-7.44,-45.5,-59.5,20.08
5.160,-1.6971,1047.1,0.4090,-61.8,-2.8291,1.8044,1070,0,28.57,-211.43,1.190,0.210,-1.92,-7.72,-28.8,-61.8,20.06
5.180,-1.5896,953.2,-0.0001,-51.6,-3.2952,2.0374,1056,-2,31.43,-211.43,0.760,0.300,0.03,-6.45,0.5,-51.6,20.08
5.200,-1.5896,932.7,-0.0001,-44.4,-3.2952,2.0374,1057,-6,40.00,-211.43,1.090,0.170,1.40,-5.55,21.0,-44.4,20.08
5.220,-1.3452,771.8,-0.0297,-39.4,-3.2952,2.0374,983,-8,45.71,-211.43,0.580,0.470,2.36,-4.93,35.3,-39.4,20.08
5.240,-1.3452,760.7,-0.0297,-11.5,-3.6991,2.3165,961,-20,48.57,-211.43,0.440,0.450,3.09,-1.44,46.4,-11.5,20.08
5.260,-1.3452,753.0,-0.0297,8.1,-3.6991,2.3165,790,-34,57.14,-211.43,0.920,0.410,3.61,1.01,54.1,8.1,20.08
5.280,-1.0872,600.3,0.3387,26.9,-4.0099,2.4919,765,-21,57.14,-211.43,1.040,0.270,3.47,3.36,52.0,26.9,20.09
5.300,-1.0872,601.8,0.3387,40.0,-4.0099,2.4919,704,0,65.71,-211.43,0.820,0.320,3.37,5.00,50.5,40.0,20.07
5.320,-0.9262,506.3,0.7434,49.2,-4.0099,2.4919,577,5,65.71,-211.43,1.040,0.270,3.30,6.15,49.4,49.2,20.10
5.340,-0.9262,508.5,0.7434,52.7,-4.2655,2.6937,573,9,68.57,-211.43,1.610,0.190,3.15,6.59,47.2,52.7,20.09
5.360,-0.9262,510.1,0.7434,55.2,-4.2655,2.6937,488,15,74.29,-211.43,1.900,0.120,3.04,6.90,45.6,55.2,20.12
5.380,-0.7774,419.9,1.0825,375.5,-4.3404,2.9172,507,19,74.29,-211.43,1.930,0.100,3.10,6.34,46.5,50.7,20.09
5.400,-0.7774,419.3,1.0825,372.3,-4.3404,2.9172,512,29,80.00,-211.43,1.660,0.100,3.15,5.95,47.2,47.6,20.10
5.420,-0.5602,288.5,1.2903,432.5,-4.3404,2.9172,428,357,80.00,-208.57,1.500,0.050,3.18,5.67,47.6,45.4,20.07
5.440,-0.5602,277.1,1.2903,424.8,-4.3599,3.1053,413,283,82.86,-208.57,1.540,0.150,3.94,4.71,59.0,37.7,20.10
5.460,-0.5602,269.1,1.2903,419.4,-4.3599,3.1053,301,397,85.71,-205.71,1.730,0.120,4.47,4.04,67.0,32.3,20.08
5.480,-0.2638,-77.1,1.3894,442.4,-4.2101,3.4093,280,368,85.71,-202.86,2.030,0.400,5.14,3.19,77.1,25.6,20.10
5.500,-0.2638,-84.2,1.3894,437.7,-4.2101,3.4093,282,390,88.57,-200.00,2.030,0.580,5.61,2.61,84.2,20.8,20.07
5.520,0.0916,-89.2,1.4265,445.5,-4.2101,3.4093,30,446,88.57,-197.14,1.430,0.690,5.94,2.19,89.2,17.5,20.13
5.540,0.0916,-92.1,1.4265,440.5,-4.1062,3.7574,7,410,88.57,-197.14,1.330,0.530,6.14,1.57,92.1,12.5,20.08
5.560,0.0916,-94.2,1.4265,437.0,-4.1062,3.7574,-22,446,88.57,-191.43,1.170,0.040,6.28,1.13,94.2,9.1,20.19
5.580,0.2180,-85.1,1.4800,452.5,-3.8575,4.1671,-36,431,88.57,-191.43,1.120,0.150,5.67,1.06,85.1,8.5,20.09
5.600,0.2180,-78.7,1.4800,452.1,-3.8575,4.1671,-69,441,88.57,-188.57,1.150,0.040,5.25,1.01,78.7,8.1,20.10
5.620,-0.1450,-74.2,1.6468,501.8,-3.8575,4.1671,-69,453,88.57,-185.71,1.210,0.390,4.95,0.98,74.2,7.8,20.09
5.640,-0.1450,-76.1,1.6468,501.6,-3.5083,4.5629,-63,437,88.57,-182.86,1.180,0.530,5.07,0.95,76.1,7.6,20.10
5.660,-0.1450,-77.5,1.6468,501.5,-3.5083,4.5629,-73,485,85.71,-180.00,1.160,0.710,5.16,0.93,77.5,7.5,20.07
5.680,-0.2067,-86.4,1.7863,541.1,-3.0738,4.9045,-80,522,85.71,-177.14,1.210,0.310,5.76,0.65,86.4,5.2,20.09
5.700,-0.2067,-92.7,1.7863,539.6,-3.0738,4.9045,-93,495,85.71,-174.29,1.280,0.040,6.18,0.46,92.7,3.7,20.08
5.720,-0.0248,-97.1,1.8972,571.7,-3.0738,4.9045,-86,516,85.71,-171.43,1.190,0.110,6.48,0.32,97.1,2.6,20.08
5.740,-0.0248,-112.8,1.8972,568.0,-2.6524,5.1622,-71,534,85.71,-168.57,1.010,0.340,7.52,-0.14,112.8,-1.2,20.07
5.760,-0.0248,-123.8,1.8972,565.4,-2.6524,5.1622,-59,555,85.71,-162.86,0.770,0.630,8.25,-0.47,123.8,-3.8,20.07
5.780,0.3665,-139.5,1.9252,567.9,-3.8476,4.4096,-68,531,85.71,-162.86,0.580,0.790,9.30,-1.20,139.5,-9.6,20.08
5.800,0.3665,-150.5,1.9252,563.8,-3.8476,4.4096,-87,593,82.86,-157.14,0.470,0.260,10.04,-1.71,150.5,-13.7,20.08
5.820,0.8666,-678.2,1.8844,548.7,-3.8476,4.4096,-112,546,82.86,-157.14,0.380,0.010,10.55,-2.07,158.3,-16.6,20.29
5.840,0.8666,-681.1,1.8844,541.9,-3.5397,4.4042,-113,534,82.86,-154.29,0.290,0.250,10.74,-2.93,161.1,-23.4,20.08
5.860,1.3784,-990.2,1.7114,485.2,-3.5397,4.4042,-507,575,77.14,-148.57,0.270,0.640,10.88,-3.53,163.2,-28.2,25.10
5.880,1.3784,-981.0,1.7114,479.2,-2.6262,4.6180,-576,546,74.29,-145.71,0.220,0.780,10.27,-4.28,154.0,-34.3,20.10
5.900,1.3784,-974.6,1.7114,474.9,-2.6262,4.6180,-840,503,68.57,-140.00,0.010,0.270,9.84,-4.81,147.6,-38.5,20.07
5.920,1.7905,-1205.3,1.3978,375.2,-2.6262,4.6180,-849,480,65.71,-140.00,0.200,0.000,8.73,-5.52,131.0,-44.1,20.09
5.940,1.7905,-1193.7,1.3978,371.3,-1.7635,4.5988,-883,452,60.00,-137.14,0.520,0.080,7.96,-6.01,119.4,-48.1,20.09
5.960,2.0411,-1336.0,1.0320,258.8,-1.7635,4.5988,-1131,380,51.43,-134.29,0.190,0.360,7.42,-6.36,111.3,-50.8,20.07
5.980,2.0411,-1317.7,1.0320,254.4,-0.9151,4.3476,-1134,390,48.57,-134.29,0.200,0.690,6.20,-6.90,93.0,-55.2,20.09
6.000,2.0411,-1304.9,1.0320,251.4,-0.9151,4.3476,-1254,275,37.14,-131.43,0.450,0.780,5.35,-7.28,80.2,-58.2,20.07
6.020,2.1714,-1363.5,0.6206,-62.3,-0.9151,4.3476,-1218,276,34.29,-131.43,0.190,0.810,4.05,-7.78,60.7,-62.3,20.09
6.040,2.1714,-1349.9,0.6206,-65.1,-0.1541,4.0421,-1218,258,25.71,-128.57,1.000,0.650,3.13,-8.13,47.0,-65.1,20.07
6.060,2.1589,-1332.8,0.1734,-67.0,-0.1541,4.0421,-1292,25,17.14,-128.57,0.950,0.230,2.50,-8.38,37.4,-67.0,20.09
6.080,2.1589,-1306.5,0.1734,-68.7,0.4763,3.7513,-1310,-2,11.43,-128.57,1.350,0.310,0.74,-8.58,11.1,-68.7,20.07
6.100,2.1589,-1288.0,0.1734,-69.8,0.4763,3.7513,-1303,-9,0.00,-128.57,1.200,0.140,-0.49,-8.73,-7.3,-69.8,20.07
6.120,1.9386,-1129.8,-0.2538,-69.6,0.4763,3.7513,-1279,-10,-2.86,-128.57,1.000,0.150,-2.22,-8.69,-33.3,-69.6,20.07
6.140,1.9386,-1111.6,-0.2538,-69.4,1.1041,3.6385,-1272,-19,-11.43,-128.57,1.390,0.100,-3.44,-8.67,-51.5,-69.4,20.07
6.160,1.6142,-904.2,-0.6484,-69.2,1.1041,3.6385,-1140,-26,-17.14,-128.57,0.860,0.040,-4.29,-8.66,-64.3,-69.2,20.08
6.180,1.6142,-890.8,-0.6484,-65.7,1.5291,3.4026,-1127,-34,-22.86,-128.57,1.410,0.030,-5.18,-8.21,-77.7,-65.7,20.09
6.200,1.6142,-881.4,-0.6484,-63.1,1.5291,3.4026,-952,-40,-31.43,-128.57,1.010,0.030,-5.81,-7.89,-87.1,-63.1,20.07
6.220,1.2358,-648.3,-0.9655,-59.0,1.5291,3.4026,-938,-39,-34.29,-128.57,0.470,0.030,-6.22,-7.37,-93.2,-59.0,20.36
6.240,1.2358,-644.0,-0.9655,-56.1,1.8542,3.1949,-922,-36,-40.00,-128.57,0.810,0.010,-6.50,-7.01,-97.5,-56.1,20.07
6.260,0.9012,-440.2,-1.2402,-426.1,1.8542,3.1949,-737,-34,-45.71,-128.57,0.850,0.020,-6.70,-6.75,-100.5,-54.0,20.08
6.280,0.9012,-447.7,-1.2402,-421.4,2.0373,2.9780,-701,-37,-48.57,-128.57,0.490,0.010,-6.20,-6.17,-93.0,-49.4,20.07
6.300,0.9012,-453.0,-1.2402,-418.1,2.0373,2.9780,-472,-360,-51.43,-134.29,0.340,0.060,-5.85,-5.76,-87.8,-46.1,20.07
6.320,0.7045,-354.7,-1.4382,-471.8,2.0373,2.9780,-466,-344,-51.43,-134.29,0.750,0.030,-4.53,-5.04,-68.0,-40.3,20.07
6.340,0.7045,-368.6,-1.4382,-467.7,2.1227,2.7475,-434,-382,-54.29,-137.14,1.080,0.210,-3.61,-4.54,-54.1,-36.3,20.07
6.360,1.0097,-561.4,-1.4849,-478.9,2.1227,2.7475,-337,-462,-57.14,-140.00,1.440,0.620,-2.96,-4.18,-44.4,-33.5,20.07
6.380,1.0097,-564.1,-1.4849,-477.0,2.1628,2.4288,-348,-438,-60.00,-140.00,1.690,0.760,-2.78,-3.93,-41.7,-31.5,20.10
6.400,1.0097,-566.0,-1.4849,-475.6,2.1628,2.4288,-526,-476,-62.86,-145.71,1.520,0.550,-2.65,-3.76,-39.8,-30.1,20.07
6.420,2.0637,-1196.8,-1.3274,-423.9,2.1628,2.4288,-514,-472,-65.71,-145.71,1.170,0.140,-2.76,-3.20,-41.4,-25.6,20.09
6.440,2.0637,-1195.6,-1.3274,-420.7,2.2427,2.0273,-536,-475,-68.57,-148.57,1.280,0.000,-2.84,-2.81,-42.6,-22.5,20.08
6.460,2.4613,-1433.3,-1.2219,-386.9,2.2427,2.0273,-1078,-437,-77.14,-151.43,2.170,0.100,-2.89,-2.54,-43.4,-20.3,20.07
6.480,2.4613,-1422.2,-1.2219,-384.3,2.3768,1.6746,-1094,-421,-80.00,-154.29,1.770,0.390,-3.64,-2.21,-54.6,-17.7,20.07
6.500,2.4613,-1414.4,-1.2219,-382.5,2.3768,1.6746,-1349,-383,-91.43,-157.14,1.830,0.660,-4.16,-1.99,-62.4,-15.9,20.10
6.520,2.4731,-1404.9,-1.1464,-355.3,2.3768,1.6746,-1351,-398,-97.14,-157.14,2.190,0.720,-5.26,-1.42,-78.9,-11.4,20.07
6.540,2.4731,-1393.4,-1.1464,-352.2,2.5316,1.3628,-1382,-367,-105.71,-160.00,1.700,0.720,-6.03,-1.03,-90.5,-8.2,20.09
6.560,2.1891,-1214.9,-1.0803,-330.1,2.5316,1.3628,-1375,-367,-114.29,-162.86,2.220,0.230,-6.57,-0.75,-98.6,-6.0,20.07
6.580,2.1891,-1204.2,-1.0803,-327.8,2.6997,1.0608,-1364,-384,-120.00,-165.71,1.730,0.030,-7.29,-0.46,-109.3,-3.7,20.10
6.600,2.1891,-1196.7,-1.0803,-326.1,2.6997,1.0608,-1223,-340,-131.43,-168.57,2.130,0.040,-7.79,-0.26,-116.8,-2.0,20.08
6.620,1.7271,-904.6,-1.0574,-318.1,2.6997,1.0608,-1211,-328,-134.29,-168.57,1.770,0.040,-8.77,-0.11,-131.6,-0.9,20.08
6.640,1.7271,-894.3,-1.0574,-317.3,3.6826,2.6022,-1201,-333,-140.00,-171.43,1.850,0.320,-9.47,-0.01,-142.0,-0.1,20.07
6.660,1.1923,-566.1,-1.0256,-307.2,3.6826,2.6022,-971,-329,-148.57,-174.29,1.940,0.510,-9.95,0.06,-149.2,0.5,20.07
6.680,1.1923,-563.6,-1.0256,-304.4,3.7896,2.3791,-962,-331,-151.43,-174.29,1.270,0.740,-10.12,0.41,-151.8,3.3,20.08
6.700,1.1923,-561.8,-1.0256,-302.4,3.7896,2.3791,-666,-269,-157.14,-177.14,1.010,0.770,-10.24,0.66,-153.6,5.3,20.07
6.720,0.7116,-289.7,-0.9794,5.6,3.7896,2.3791,-642,-314,-160.00,-177.14,1.420,0.630,-9.15,0.69,-137.2,5.6,20.08
6.740,0.7116,-301.2,-0.9794,5.8,3.8277,2.1464,-581,-282,-162.86,-180.00,1.450,0.410,-8.38,0.72,-125.8,5.8,20.09
6.760,0.4358,117.8,-0.9797,5.9,3.8277,2.1464,-325,-55,-165.71,-180.00,1.210,0.040,-7.85,0.74,-117.8,5.9,20.07
6.780,0.4358,98.0,-0.9797,3.1,3.8136,1.8940,-348,-50,-165.71,-180.00,1.200,0.040,-6.54,0.38,-98.0,3.1,20.08
6.800,0.4358,84.2,-0.9797,1.1,3.8136,1.8940,0,-22,-165.71,-180.00,0.510,0.010,-5.62,0.13,-84.2,1.1,20.08
6.820,0.3022,59.0,-1.0712,-327.9,3.8136,1.8940,8,-21,-165.71,-180.00,0.500,0.000,-3.93,-0.81,-59.0,-6.5,20.09
6.840,0.3022,41.3,-1.0712,-333.2,3.7413,1.6134,48,-11,-165.71,-180.00,0.530,0.000,-2.75,-1.48,-41.3,-11.8,20.07
6.860,0.2538,28.9,-1.2558,-392.3,3.7413,1.6134,57,-266,-165.71,-182.86,0.790,0.030,-1.93,-1.94,-28.9,-15.5,20.08
6.880,0.2538,28.3,-1.2558,-395.7,3.6071,1.3539,47,-274,-165.71,-182.86,0.880,0.040,-1.89,-2.36,-28.3,-18.9,20.07
6.900,0.2538,27.9,-1.2558,-398.0,3.6071,1.3539,40,-324,-165.71,-185.71,0.950,0.110,-1.86,-2.66,-27.9,-21.3,20.08
6.920,0.1452,35.1,-1.4640,-462.2,3.3556,1.1377,39,-375,-165.71,-188.57,1.010,0.370,-2.34,-2.87,-35.1,-23.0,20.07
6.940,0.1452,40.2,-1.4640,-463.3,3.3556,1.1377,31,-390,-165.71,-191.43,1.050,0.620,-2.68,-3.02,-40.2,-24.1,20.09
6.960,-0.0811,43.7,-1.6482,-519.4,3.3556,1.1377,34,-450,-165.71,-191.43,1.070,0.770,-2.92,-3.12,-43.7,-25.0,20.07
6.980,-0.0811,59.3,-1.6482,-514.1,3.0097,0.9560,35,-443,-165.71,-194.29,1.090,0.710,-3.95,-2.45,-59.3,-19.6,20.10
7.000,-0.0811,70.2,-1.6482,-510.3,3.0097,0.9560,34,-496,-165.71,-200.00,1.090,0.310,-4.68,-1.98,-70.2,-15.9,20.07
7.020,-0.4255,88.9,-1.6667,-499.8,3.0097,0.9560,50,-482,-165.71,-200.00,1.080,0.120,-5.93,0.02,-88.9,0.2,20.09
7.040,-0.4255,102.0,-1.6667,-488.6,2.6881,0.7008,51,-483,-162.86,-202.86,1.070,0.130,-6.80,1.42,-102.0,11.4,20.10
7.060,-0.8705,633.5,-1.3609,-389.0,2.6881,0.7008,62,-495,-162.86,-208.57,0.980,0.600,-7.41,2.41,-111.2,19.3,20.08
7.080,-0.8705,643.4,-1.3609,-370.9,2.1509,0.6333,74,-495,-162.86,-208.57,0.900,0.770,-8.08,4.67,-121.2,37.4,20.09
7.100,-0.8705,650.4,-1.3609,-358.2,2.1509,0.6333,435,-418,-160.00,-211.43,0.180,0.710,-8.54,6.26,-128.1,50.1,20.06
7.120,-1.3714,949.8,-0.8297,61.1,2.1509,0.6333,475,-395,-157.14,-214.29,0.410,0.390,-8.46,7.64,-126.9,61.1,20.07
7.140,-1.3714,949.0,-0.8297,68.8,1.5115,0.6358,540,-377,-154.29,-217.14,0.150,0.110,-8.41,8.60,-126.1,68.8,20.07
7.160,-1.7570,1179.7,-0.3087,74.2,1.5115,0.6358,825,-42,-148.57,-217.14,0.350,0.070,-8.37,9.28,-125.6,74.2,20.07
7.180,-1.7570,1168.8,-0.3087,73.4,0.7625,0.6781,849,4,-145.71,-217.14,0.040,0.180,-7.64,9.18,-114.6,73.4,20.07
7.200,-1.7570,1161.1,-0.3087,72.9,0.7625,0.6781,1089,11,-137.14,-217.14,0.040,0.110,-7.13,9.11,-106.9,72.9,20.06
7.220,-2.0034,1288.9,0.0912,66.1,-0.0127,0.7722,1103,12,-134.29,-217.14,0.430,0.310,-5.79,8.26,-86.9,66.1,20.07
7.240,-2.0034,1275.0,0.0912,61.3,-0.0127,0.7722,1130,23,-125.71,-217.14,0.010,0.260,-4.86,7.66,-72.9,61.3,20.14
7.260,-2.1167,1333.2,0.3638,57.9,-0.0127,0.7722,1257,25,-117.14,-217.14,0.170,0.430,-4.21,7.24,-63.1,57.9,20.09
7.280,-2.1167,1318.8,0.3638,50.0,-0.8114,0.8755,1249,26,-111.43,-214.29,0.370,0.060,-3.25,6.24,-48.7,50.0,20.09
7.300,-2.1167,1308.7,0.3638,44.4,-0.8114,0.8755,1320,35,-100.00,-214.29,0.010,0.460,-2.58,5.55,-38.6,44.4,20.07
7.320,-2.1484,1317.1,0.5215,35.6,-1.5574,0.9984,1314,30,-97.14,-214.29,0.420,0.460,-1.87,4.45,-28.1,35.6,20.09
7.340,-2.1484,1309.7,0.5215,29.5,-1.5574,0.9984,1297,27,-85.71,-214.29,0.090,0.480,-1.38,3.69,-20.6,29.5,20.09
7.360,-2.1649,1314.4,0.5833,25.2,-1.5574,0.9984,1337,18,-80.00,-214.29,0.300,0.510,-1.03,3.15,-15.5,25.2,20.09
7.380,-2.1649,1312.3,0.5833,19.5,-1.6793,0.4087,1309,17,-74.29,-214.29,0.050,0.500,-0.89,2.44,-13.3,19.5,20.09
7.400,-2.1649,1310.8,0.5833,15.6,-1.6793,0.4087,1293,16,-62.86,-214.29,0.130,0.490,-0.79,1.94,-11.9,15.6,20.09
7.420,-2.2000,1335.4,0.6278,14.1,-2.3109,0.6004,1292,12,-60.00,-214.29,0.190,0.500,-1.02,1.76,-15.3,14.1,20.08
7.440,-2.2000,1337.8,0.6278,13.1,-2.3109,0.6004,1276,8,-48.57,-214.29,0.000,0.510,-1.19,1.64,-17.8,13.1,20.09
7.460,-2.2310,1358.1,0.6028,12.4,-2.3109,0.6004,1298,9,-42.86,-214.29,0.470,0.500,-1.30,1.55,-19.5,12.4,20.08
7.480,-2.2310,1359.8,0.6028,13.5,-2.8498,0.8384,1287,8,-37.14,-214.29,0.010,0.520,-1.41,1.69,-21.2,13.5,20.08
7.500,-2.2310,1361.0,0.6028,14.3,-2.8498,0.8384,1288,8,-25.71,-214.29,0.550,0.530,-1.49,1.79,-22.4,14.3,20.08
7.520,-2.2917,1396.2,0.6800,19.7,-3.2368,1.0339,1306,10,-22.86,-214.29,0.310,0.520,-1.41,2.46,-21.2,19.7,20.08
7.540,-2.2917,1395.4,0.6800,23.4,-3.2368,1.0339,1264,10,-11.43,-214.29,1.010,0.500,-1.36,2.93,-20.4,23.4,20.08
7.560,-2.2692,1381.3,0.8625,26.1,-3.2368,1.0339,1308,17,-5.71,-214.29,1.350,0.500,-1.32,3.26,-19.8,26.1,20.08
7.580,-2.2692,1360.3,0.8625,32.0,-3.6049,1.3198,1308,18,0.00,-214.29,1.480,0.480,0.08,3.99,1.2,32.0,20.07
7.600,-2.2692,1345.6,0.8625,36.1,-3.6049,1.3198,1333,24,11.43,-214.29,2.180,0.480,1.06,4.51,16.0,36.1,20.08
7.620,-1.9930,1140.8,1.1057,370.6,-3.8779,1.6595,1317,25,14.29,-214.29,1.780,0.460,3.67,4.87,55.0,38.9,20.08
7.640,-1.9930,1113.5,1.1057,372.7,-3.8779,1.6595,1338,46,25.71,-214.29,2.160,0.410,5.49,5.12,82.3,41.0,20.08
7.660,-1.4226,752.1,1.3207,438.6,-3.8779,1.6595,1189,386,31.43,-211.43,1.250,0.480,6.76,5.30,101.4,42.4,20.08
7.680,-1.4226,719.6,1.3207,434.7,-4.0942,2.0765,1190,323,37.14,-211.43,1.380,0.000,8.93,4.81,133.9,38.5,20.09
7.700,-1.4226,696.8,1.3207,432.0,-4.0942,2.0765,894,374,42.86,-205.71,0.880,0.100,10.45,4.48,156.7,35.8,20.08
7.720,-0.7392,285.0,1.4455,465.7,-4.2048,2.3583,858,392,45.71,-205.71,0.130,0.070,10.57,4.01,158.5,32.1,20.08
7.740,-0.7392,283.7,1.4455,463.1,-4.2048,2.3583,793,416,51.43,-202.86,0.240,0.300,10.66,3.68,159.8,29.4,20.12
7.760,-0.2422,-160.7,1.5409,489.8,-4.2048,2.3583,353,449,54.29,-200.00,0.470,0.590,10.72,3.45,160.7,27.6,20.08
7.780,-0.2422,-140.2,1.5409,488.0,-4.1403,2.7272,415,469,57.14,-197.14,0.620,0.670,9.35,3.22,140.2,25.8,20.09
7.800,-0.2422,-125.8,1.5409,486.7,-4.1403,2.7272,2,507,57.14,-194.29,0.200,0.350,8.39,3.06,125.8,24.5,20.07
7.820,-0.0282,-88.6,1.6429,518.1,-4.0690,3.0548,-13,475,57.14,-194.29,0.190,0.030,5.91,3.15,88.6,25.2,20.08
7.840,-0.0282,-62.5,1.6429,518.6,-4.0690,3.0548,-104,463,54.29,-188.57,0.080,0.050,4.17,3.21,62.5,25.7,20.09
7.860,-0.0506,-44.3,1.7665,556.0,-4.0690,3.0548,-136,505,54.29,-185.71,0.710,0.190,2.95,3.25,44.3,26.0,20.07
7.880,-0.0506,-27.0,1.7665,554.4,-3.8328,3.4088,-138,532,54.29,-182.86,1.000,0.460,1.80,3.05,27.0,24.4,20.08
7.900,-0.0506,-14.8,1.7665,553.2,-3.8328,3.4088,-103,532,54.29,-180.00,1.270,0.710,0.99,2.91,14.8,23.3,20.07
7.920,-0.0440,-25.5,1.8448,572.1,-3.5828,3.6380,-73,571,54.29,-177.14,1.300,0.350,1.70,2.34,25.5,18.7,20.08
7.940,-0.0440,-33.0,1.8448,568.9,-3.5828,3.6380,-39,534,51.43,-174.29,1.220,0.040,2.20,1.94,33.0,15.5,20.09
7.960,0.1800,-38.2,1.8267,561.3,-3.5828,3.6380,-30,545,51.43,-171.43,1.130,0.120,2.55,1.66,38.2,13.3,20.08
7.980,0.1800,-60.5,1.8267,553.5,-3.3562,3.8730,-8,584,51.43,-168.57,0.970,0.390,4.03,0.69,60.5,5.5,20.07
8.000,0.1800,-76.1,1.8267,548.1,-3.3562,3.8730,12,538,51.43,-162.86,0.760,0.640,5.07,0.01,76.1,0.1,20.08
8.020,0.5828,-440.7,1.6917,500.9,-3.0762,4.1041,7,534,51.43,-162.86,0.620,0.700,6.07,-0.83,91.0,-6.6,20.07
8.040,0.5828,-451.2,1.6917,496.1,-3.0762,4.1041,5,579,51.43,-157.14,0.300,0.180,6.77,-1.42,101.5,-11.4,20.09
8.060,0.9563,-682.6,1.5092,438.1,-3.0762,4.1041,-278,492,51.43,-157.14,0.090,0.040,7.25,-1.83,108.8,-14.7,20.08
8.080,0.9563,-674.1,1.5092,435.0,-2.8300,4.3380,-326,472,48.57,-154.29,0.170,0.210,6.69,-2.22,100.3,-17.8,20.08
8.100,0.9563,-668.2,1.5092,432.8,-2.8300,4.3380,-576,469,45.71,-148.57,0.570,0.530,6.29,-2.50,94.4,-20.0,20.08
8.120,1.1651,-773.7,1.3386,381.7,-2.4395,4.6076,-552,469,42.86,-148.57,0.670,0.660,4.98,-2.49,74.6,-19.9,20.08
8.140,1.1651,-759.9,1.3386,381.7,-2.4395,4.6076,-628,453,37.14,-145.71,0.240,0.660,4.05,-2.48,60.8,-19.8,20.08
8.160,1.2256,-786.5,1.2178,345.5,-2.4395,4.6076,-739,390,34.29,-142.86,0.010,0.280,3.41,-2.47,51.1,-19.8,20.09
8.180,1.2256,-771.7,1.2178,349.3,-2.0054,4.7979,-738,378,31.43,-140.00,0.250,0.000,2.42,-2.00,36.3,-16.0,20.08
8.200,1.2256,-761.3,1.2178,352.0,-2.0054,4.7979,-752,348,25.71,-137.14,0.580,0.040,1.73,-1.67,25.9,-13.3,20.07
8.220,1.1903,-728.3,1.1759,344.8,-3.5189,4.1538,-742,319,22.86,-137.14,0.320,0.200,0.94,-1.00,14.1,-8.0,20.08
8.240,1.1903,-720.0,1.1759,348.5,-3.5189,4.1538,-748,334,17.14,-134.29,0.000,0.360,0.39,-0.53,5.8,-4.3,20.09
8.260,1.1262,-675.8,1.1872,354.5,-3.5189,4.1538,-724,358,14.29,-131.43,0.350,0.660,0.00,-0.20,0.1,-1.6,20.08
8.280,1.1262,-673.3,1.1872,355.5,-2.8812,4.4936,-720,318,8.57,-131.43,0.660,0.810,-0.16,-0.08,-2.5,-0.6,20.08
8.300,1.1262,-671.5,1.1872,356.3,-2.8812,4.4936,-706,350,2.86,-128.57,0.260,0.730,-0.28,0.01,-4.2,0.1,20.09
8.320,1.0978,-663.8,1.1963,360.8,-2.1925,4.8264,-704,345,2.86,-128.57,0.160,0.530,0.34,0.24,5.1,2.0,20.07
8.340,1.0978,-670.3,1.1963,362.1,-2.1925,4.8264,-677,325,-2.86,-122.86,0.060,0.150,0.77,0.41,11.6,3.3,20.09
8.360,0.7886,-489.3,1.4584,441.7,-2.1925,4.8264,-643,349,-5.71,-122.86,0.600,0.060,1.08,0.52,16.2,4.2,20.09
8.380,0.7886,-500.1,1.4584,441.5,-1.5463,5.2009,-635,337,-8.57,-120.00,0.570,0.180,1.80,0.50,26.9,4.0,20.07
8.400,0.7886,-507.6,1.4584,441.4,-1.5463,5.2009,-508,414,-14.29,-117.14,0.080,0.440,2.30,0.48,34.5,3.9,20.08
8.420,0.7723,-515.2,1.5832,476.8,-1.0432,5.4653,-531,459,-14.29,-117.14,0.130,0.690,3.46,0.24,51.8,1.9,20.08
8.440,0.7723,-527.4,1.5832,475.5,-1.0432,5.4653,-439,440,-20.00,-111.43,0.250,0.850,4.26,0.07,64.0,0.5,20.09
8.460,0.9951,-669.5,1.6054,481.2,-1.0432,5.4653,-446,467,-20.00,-111.43,0.960,0.760,4.83,-0.05,72.5,-0.4,20.08
8.480,0.9951,-675.0,1.6054,478.4,-0.6636,5.5964,-452,502,-22.86,-108.57,1.350,0.230,5.20,-0.41,77.9,-3.3,20.07
8.500,0.9951,-678.8,1.6054,476.4,-0.6636,5.5964,-594,451,-28.57,-102.86,1.620,0.000,5.45,-0.65,81.7,-5.2,20.08
8.520,1.2090,-794.2,1.5785,466.9,-0.2695,5.6163,-570,456,-28.57,-102.86,1.620,0.280,4.59,-0.83,68.8,-6.6,20.08
8.540,1.2090,-785.2,1.5785,466.0,-0.2695,5.6163,-618,507,-34.29,-100.00,1.510,0.500,3.98,-0.95,59.7,-7.6,20.09
8.560,1.2176,-784.0,1.5657,461.4,-0.2695,5.6163,-728,452,-37.14,-97.14,2.060,0.700,3.56,-1.03,53.4,-8.3,20.09
8.580,1.2176,-748.8,1.5657,462.3,0.0020,5.5317,-744,472,-42.86,-94.29,2.340,0.720,1.22,-0.92,18.2,-7.4,20.08
8.600,1.2176,-724.2,1.5657,462.9,0.0020,5.5317,-820,461,-48.57,-91.43,1.640,0.330,-0.42,-0.85,-6.4,-6.8,20.08
8.620,0.9127,-504.4,1.5684,462.8,0.2129,5.3275,-774,480,-51.43,-88.57,0.920,0.020,-2.88,-0.96,-43.2,-7.7,20.08
8.640,0.9127,-478.6,1.5684,462.2,0.2129,5.3275,-773,460,-57.14,-85.71,1.020,0.030,-4.60,-1.04,-69.0,-8.3,20.10
8.660,0.4844,82.1,1.4907,434.4,0.2129,5.3275,-559,446,-60.00,-82.86,0.950,0.330,-5.47,-1.60,-82.1,-12.8,20.07
8.680,0.4844,91.2,1.4907,431.2,0.3214,5.0592,-563,463,-62.86,-80.00,0.600,0.590,-6.08,-2.00,-91.2,-16.0,20.08
8.700,0.4844,97.6,1.4907,429.0,0.3214,5.0592,-104,450,-62.86,-77.14,0.200,0.690,-6.50,-2.27,-97.6,-18.2,20.09
8.720,0.1455,82.4,1.3186,369.7,0.3638,4.8273,-70,415,-62.86,-77.14,0.130,0.570,-5.49,-3.23,-82.4,-25.9,20.07
8.740,0.1455,71.8,1.3186,364.3,0.3638,4.8273,1,427,-62.86,-71.43,0.110,0.120,-4.79,-3.91,-71.8,-31.3,20.09
8.760,0.0335,45.2,1.0355,271.0,0.3638,4.8273,6,355,-62.86,-71.43,0.190,0.130,-3.01,-4.95,-45.2,-39.6,24.70
8.780,0.0335,26.6,1.0355,265.2,0.4003,4.6518,14,387,-62.86,-68.57,0.100,0.100,-1.77,-5.68,-26.6,-45.5,20.12
8.800,0.1607,13.6,0.6653,-49.5,0.4003,4.6518,11,287,-62.86,-65.71,0.230,0.300,-0.91,-6.19,-13.6,-49.5,20.13
8.820,0.1607,-14.7,0.6653,-54.8,0.4810,4.5653,6,324,-62.86,-65.71,0.290,0.400,0.98,-6.85,14.7,-54.8,20.09
8.840,0.1607,-34.4,0.6653,-58.5,0.4810,4.5653,95,20,-62.86,-65.71,0.100,0.040,2.30,-7.32,34.4,-58.5,20.07
8.860,0.4569,-51.3,0.2633,-60.6,0.4810,4.5653,87,0,-62.86,-65.71,0.370,0.450,3.42,-7.57,51.3,-60.6,20.08
8.880,0.4569,-63.1,0.2633,-62.0,0.6507,4.4705,46,-5,-62.86,-65.71,0.520,0.380,4.21,-7.75,63.1,-62.0,20.10
8.900,0.7086,-496.5,-0.1086,-63.0,0.6507,4.4705,4,-13,-62.86,-65.71,0.610,0.110,4.76,-7.88,71.4,-63.0,20.07
8.920,0.7086,-489.7,-0.1086,-61.8,0.9462,4.3328,-10,-15,-62.86,-65.71,0.700,0.200,4.30,-7.73,64.6,-61.8,20.09
8.940,0.7086,-484.9,-0.1086,-61.0,0.9462,4.3328,-367,-23,-65.71,-65.71,1.080,0.040,3.99,-7.63,59.8,-61.0,20.07
8.960,0.8419,-550.5,-0.4340,-57.5,0.9462,4.3328,-372,-23,-65.71,-65.71,1.020,0.060,3.03,-7.18,45.4,-57.5,20.07
8.980,0.8419,-540.5,-0.4340,-55.0,1.4369,5.0801,-432,-30,-68.57,-65.71,0.940,0.040,2.35,-6.88,35.3,-55.0,20.07
9.000,0.9068,-572.3,-0.7202,-53.3,1.4369,5.0801,-526,-30,-71.43,-65.71,1.120,0.020,1.88,-6.66,28.2,-53.3,20.07
9.020,0.9068,-572.9,-0.7202,-53.1,1.9848,4.7646,-535,-30,-74.29,-65.71,1.180,0.070,1.92,-6.64,28.8,-53.1,20.07
9.040,0.9068,-573.3,-0.7202,-53.0,1.9848,4.7646,-573,-37,-80.00,-65.71,1.000,0.120,1.95,-6.63,29.2,-53.0,20.07
9.060,1.0431,-665.0,-1.0102,-356.3,1.9848,4.7646,-587,-39,-80.00,-65.71,0.500,0.150,2.61,-6.66,39.1,-53.2,20.09
9.080,1.0431,-671.9,-1.0102,-356.5,2.6007,4.4141,-573,-55,-85.71,-65.71,0.360,0.160,3.07,-6.67,46.0,-53.4,20.08
9.100,1.1495,-740.5,-1.1913,-410.9,2.6007,4.4141,-612,-313,-88.57,-68.57,0.900,0.380,3.39,-6.69,50.8,-53.5,20.08
9.120,1.1495,-758.5,-1.1913,-413.6,3.2876,4.0445,-618,-323,-91.43,-71.43,1.370,0.620,4.59,-7.03,68.8,-56.2,20.07
9.140,1.1495,-771.1,-1.1913,-415.6,3.2876,4.0445,-672,-355,-97.14,-74.29,1.630,0.610,5.43,-7.27,81.4,-58.2,20.08
9.160,1.0200,-701.2,-1.1255,-398.0,3.2876,4.0445,-704,-381,-100.00,-74.29,1.430,0.620,5.95,-7.54,89.2,-60.3,20.08
9.180,1.0200,-706.7,-1.1255,-399.5,4.0125,3.6401,-717,-391,-105.71,-77.14,1.640,0.330,6.31,-7.73,94.7,-61.8,20.09
9.200,1.0745,-743.2,-1.2937,-451.0,4.0125,3.6401,-662,-373,-108.57,-80.00,2.100,0.070,6.57,-7.86,98.5,-62.9,20.08
9.220,1.0745,-734.8,-1.2937,-452.3,4.7670,3.2053,-667,-411,-111.43,-82.86,2.380,0.150,6.01,-8.02,90.1,-64.2,20.07
9.240,1.0745,-729.0,-1.2937,-453.2,4.7670,3.2053,-722,-465,-117.14,-85.71,1.950,0.120,5.61,-8.13,84.2,-65.1,20.07
9.260,1.1261,-746.7,-1.5905,-543.9,5.4639,2.7123,-716,-435,-120.00,-85.71,1.780,0.460,4.74,-8.34,71.0,-66.8,20.08
9.280,1.1261,-737.5,-1.5905,-545.1,5.4639,2.7123,-736,-411,-125.71,-88.57,2.170,0.680,4.12,-8.49,61.8,-67.9,20.07
9.300,1.1868,-767.5,-1.9994,-668.6,5.4639,2.7123,-732,-537,-128.57,-91.43,2.380,0.690,3.69,-8.60,55.4,-68.8,20.10
9.320,1.1868,-753.4,-1.9994,-668.7,6.0859,2.1999,-727,-535,-131.43,-94.29,2.010,0.260,2.75,-8.60,41.3,-68.8,20.07
9.340,1.1868,-743.5,-1.9994,-668.7,6.0859,2.1999,-753,-603,-140.00,-100.00,1.710,0.080,2.09,-8.61,31.4,-68.9,20.08
9.360,1.1841,-728.9,-2.4106,-791.5,6.5702,1.6903,-742,-644,-140.00,-102.86,2.040,0.400,1.23,-8.54,18.5,-68.3,20.08
9.380,1.1841,-719.9,-2.4106,-791.2,6.5702,1.6903,-719,-636,-145.71,-108.57,2.430,0.670,0.63,-8.50,9.4,-68.0,20.07
9.400,1.1594,-698.7,-2.8180,-913.1,6.5702,1.6903,-723,-760,-148.57,-111.43,2.010,0.770,0.20,-8.47,3.1,-67.7,20.08
9.420,1.1594,-687.2,-2.8180,-910.8,6.9243,1.2445,-730,-777,-154.29,-114.29,1.720,0.180,-0.56,-8.18,-8.4,-65.4,20.07
9.440,1.1594,-679.1,-2.8180,-909.2,6.9243,1.2445,-714,-874,-160.00,-122.86,2.060,0.640,-1.10,-7.97,-16.5,-63.8,20.07
9.460,1.1630,-673.2,-3.2282,-1028.2,6.9243,1.2445,-688,-890,-162.86,-125.71,2.290,0.990,-1.64,-7.46,-24.6,-59.7,20.07
9.480,1.1630,-667.5,-3.2282,-1025.3,7.1262,0.9291,-674,-890,-165.71,-128.57,2.060,0.690,-2.02,-7.10,-30.3,-56.8,20.07
9.500,1.0613,-602.5,-3.5404,-1116.9,7.1262,0.9291,-695,-985,-171.43,-137.14,1.620,0.400,-2.29,-6.85,-34.3,-54.8,20.08
9.520,1.0613,-599.2,-3.5404,-1108.8,7.1229,0.7546,-679,-992,-174.29,-140.00,1.830,1.000,-2.51,-5.84,-37.6,-46.7,20.07
9.540,1.0613,-596.9,-3.5404,-1103.1,7.1229,0.7546,-588,-1066,-177.14,-151.43,2.190,0.640,-2.66,-5.13,-39.9,-41.0,20.07
9.560,0.9699,-553.5,-3.5400,-1065.5,7.1229,0.7546,-594,-1066,-180.00,-154.29,2.330,0.610,-1.90,-0.43,-28.5,-3.5,20.07
9.580,0.9699,-561.5,-3.5400,-1039.2,6.8204,0.6640,-592,-1071,-182.86,-160.00,2.110,1.060,-1.36,2.85,-20.4,22.8,20.07
9.600,0.9913,-580.0,-2.7941,-797.0,6.8204,0.6640,-547,-1077,-188.57,-168.57,1.930,0.360,-0.99,5.15,-14.8,41.2,20.09
9.620,0.9913,-582.9,-2.7941,-755.9,6.3350,0.7113,-551,-1064,-188.57,-171.43,2.340,0.490,-0.79,10.29,-11.9,82.3,20.07
9.640,0.9913,-585.0,-2.7941,-727.2,6.3350,0.7113,-537,-839,-194.29,-180.00,2.800,0.630,-0.65,13.88,-9.8,111.1,20.07
9.660,0.9007,-501.8,-1.6761,-370.3,5.7819,0.6791,-565,-801,-197.14,-180.00,3.420,0.190,-2.57,16.57,-38.6,132.5,20.07
9.680,0.9007,-481.7,-1.6761,-355.3,5.7819,0.6791,-551,-735,-200.00,-188.57,2.980,0.070,-3.92,18.44,-58.7,147.6,20.07
9.700,0.4624,72.8,-0.5391,158.1,5.7819,0.6791,-505,-416,-202.86,-188.57,2.530,0.250,-4.86,19.76,-72.8,158.1,20.09
9.720,0.4624,112.9,-0.5391,165.2,5.1730,0.5473,-507,-445,-205.71,-191.43,2.390,0.760,-7.53,20.65,-112.9,165.2,20.09
9.740,0.4624,141.0,-0.5391,170.1,5.1730,0.5473,-72,-14,-205.71,-191.43,1.480,0.200,-9.40,21.27,-141.0,170.1,20.07
9.760,-0.2610,164.2,0.5621,166.4,4.4931,0.2563,-36,24,-205.71,-191.43,1.080,0.280,-10.94,20.80,-164.2,166.4,20.07
9.780,-0.2610,180.4,0.5621,163.7,4.4931,0.2563,4,61,-205.71,-191.43,0.760,0.140,-12.03,20.47,-180.4,163.7,20.07
9.800,-0.9313,750.5,1.4445,595.2,4.4931,0.2563,30,91,-205.71,-191.43,0.440,0.100,-12.78,20.23,-191.7,161.9,20.07
9.820,-0.9313,742.9,1.4445,581.0,3.7730,-0.0447,72,115,-205.71,-191.43,0.260,0.130,-12.27,18.46,-184.1,147.7,20.07
9.840,-0.9313,737.5,1.4445,571.1,3.7730,-0.0447,549,482,-200.00,-185.71,0.240,0.310,-11.91,17.22,-178.7,137.8,20.07
9.860,-1.4033,998.3,2.0727,740.5,2.9953,-0.3740,600,522,-200.00,-182.86,0.110,0.520,-10.42,14.84,-156.3,118.7,20.09
9.880,-1.4033,982.6,2.0727,727.2,2.9953,-0.3740,688,505,-194.29,-180.00,0.400,0.700,-9.38,13.17,-140.6,105.4,20.10
9.900,-1.7085,1154.8,2.4282,824.5,2.9953,-0.3740,944,736,-188.57,-177.14,0.200,0.420,-8.64,12.01,-129.7,96.1,20.12
9.920,-1.7085,1141.1,2.4282,803.2,2.2271,-0.6802,920,660,-185.71,-174.29,0.030,0.130,-7.73,9.35,-115.9,74.8,20.09
9.940,-1.7085,1131.5,2.4282,788.3,2.2271,-0.6802,1109,795,-177.14,-165.71,0.210,0.390,-7.09,7.48,-106.3,59.9,20.11
9.960,-1.9528,1268.3,2.4738,776.8,1.4684,-0.9636,1102,779,-171.43,-165.71,0.360,0.700,-6.44,4.33,-96.6,34.6,20.07
9.980,-1.9528,1261.5,2.4738,759.1,1.4684,-0.9636,1124,788,-162.86,-160.00,0.000,0.500,-5.99,2.13,-89.8,17.0,20.08
10.000,-2.1427,1370.6,2.1817,659.1,1.4684,-0.9636,1245,751,-157.14,-154.29,0.390,0.000,-5.67,0.58,-85.0,4.7,20.08
10.020,-2.1427,1367.8,2.1817,634.7,0.9648,-1.1484,1197,748,-151.43,-151.43,0.070,0.420,-5.48,-2.48,-82.2,-19.8,20.07
10.040,-2.1427,1365.8,2.1817,617.5,0.9648,-1.1484,1354,660,-140.00,-145.71,0.090,0.740,-5.34,-4.62,-80.2,-37.0,20.08
10.060,-2.3375,1485.8,1.5549,406.7,0.2216,-1.3703,1340,657,-137.14,-142.86,0.180,0.500,-5.55,-7.47,-83.3,-59.7,20.08
10.080,-2.3375,1488.0,1.5549,390.8,0.2216,-1.3703,1340,620,-125.71,-140.00,0.050,0.110,-5.70,-9.46,-85.5,-75.7,20.07
10.100,-2.5690,1628.5,0.7681,-86.8,0.2216,-1.3703,1445,397,-120.00,-137.14,0.130,0.050,-5.80,-10.85,-87.1,-86.8,20.07
10.120,-2.5690,1630.5,0.7681,-99.4,-0.4706,-1.3936,1445,449,-111.43,-134.29,0.310,0.330,-5.94,-12.43,-89.1,-99.4,20.07
10.140,-2.5690,1632.0,0.7681,-108.3,-0.4706,-1.3936,1609,34,-100.00,-134.29,0.040,0.190,-6.04,-13.53,-90.6,-108.3,20.09
10.160,-2.8290,1794.0,-0.1088,-117.7,-1.1593,-1.4356,1586,-11,-94.29,-134.29,0.260,0.250,-6.44,-14.71,-96.7,-117.7,20.08
10.180,-2.8290,1798.3,-0.1088,-124.3,-1.1593,-1.4356,1604,-20,-82.86,-134.29,0.000,0.000,-6.73,-15.54,-100.9,-124.3,20.08
10.200,-3.1575,1998.4,-1.0450,-442.4,-1.1593,-1.4356,1753,-38,-74.29,-134.29,0.230,0.040,-6.92,-16.11,-103.9,-128.9,20.07
10.220,-3.1575,2004.0,-1.0450,-447.0,-1.7978,-1.3785,1712,-51,-65.71,-134.29,0.180,0.140,-7.30,-16.68,-109.5,-133.5,20.08
10.240,-3.1575,2007.9,-1.0450,-450.2,-1.7978,-1.3785,1908,-363,-48.57,-137.14,0.300,0.580,-7.56,-17.08,-113.4,-136.7,20.09
10.260,-3.5058,2218.1,-1.9922,-737.1,-2.3443,-1.3348,1894,-358,-45.71,-140.00,0.680,0.710,-7.64,-17.43,-114.6,-139.4,20.09
10.280,-3.5058,2219.0,-1.9922,-739.1,-2.3443,-1.3348,1868,-413,-31.43,-142.86,0.900,0.710,-7.70,-17.67,-115.5,-141.4,20.08
10.300,-3.7951,2393.1,-2.9638,-1031.9,-2.3443,-1.3348,2040,-719,-20.00,-145.71,1.480,0.630,-7.74,-17.84,-116.1,-142.7,20.08
10.320,-3.7951,2371.9,-2.9638,-1034.2,-2.8518,-1.1698,2088,-670,-8.57,-148.57,2.120,0.030,-6.32,-18.13,-94.9,-145.0,20.08
10.340,-3.7951,2357.0,-2.9638,-1035.8,-2.8518,-1.1698,2319,-896,8.57,-157.14,2.350,0.610,-5.33,-18.33,-80.0,-146.7,20.09
10.360,-3.7722,2286.6,-3.9000,-1297.1,-3.3072,-0.9784,2299,-905,17.14,-160.00,2.020,1.200,-1.55,-15.89,-23.3,-127.1,20.07
10.380,-3.7722,2246.9,-3.9000,-1283.4,-3.3072,-0.9784,2317,-924,34.29,-165.71,2.210,0.890,1.10,-14.18,16.4,-113.4,20.08
10.400,-3.1206,1828.1,-3.8855,-1269.5,-3.3072,-0.9784,2290,-1184,45.71,-171.43,2.160,1.220,2.95,-12.98,44.2,-103.8,20.08
10.420,-3.1206,1738.6,-3.8855,-1171.2,-3.7760,-0.7854,2256,-1246,57.14,-180.00,1.940,1.280,8.91,-0.69,133.7,-5.5,20.09
10.440,-3.1206,1676.0,-3.8855,-1102.4,-3.7760,-0.7854,1929,-1289,71.43,-188.57,1.280,0.350,13.09,7.91,196.3,63.3,20.10
10.460,-1.8398,854.7,-2.3623,-580.6,-4.2260,-0.5464,1836,-1230,77.14,-194.29,1.090,0.630,16.61,16.01,249.2,128.1,20.08
10.480,-1.8398,817.6,-2.3623,-535.2,-4.2260,-0.5464,1733,-1141,91.43,-202.86,0.960,0.250,19.08,21.68,286.2,173.5,20.09
10.500,-0.5976,46.4,-0.6599,205.2,-4.2260,-0.5464,967,-634,94.29,-205.71,0.420,0.050,20.81,25.65,312.2,205.2,20.08
10.520,-0.5976,45.9,-0.6599,226.9,-4.5771,-0.3165,960,-639,100.00,-208.57,0.570,0.690,20.85,28.36,312.7,226.9,20.07
10.540,-0.5976,45.5,-0.6599,242.1,-4.5771,-0.3165,323,-29,102.86,-208.57,0.630,0.390,20.87,30.26,313.0,242.1,20.07
10.560,0.3577,-271.5,1.0186,555.6,-4.7351,0.0114,263,48,102.86,-208.57,0.460,0.100,18.10,31.25,271.5,250.0,20.07
10.580,0.3577,-242.4,1.0186,561.2,-4.7351,0.0114,164,100,105.71,-208.57,0.500,0.140,16.16,31.95,242.4,255.6,20.07
10.600,0.8419,-727.2,2.6013,1039.9,-4.7351,0.0114,-86,477,105.71,-205.71,0.040,0.230,14.80,32.44,222.1,259.5,20.07
10.620,0.8419,-667.1,2.6013,1034.8,-4.8427,0.1872,-75,426,105.71,-202.86,0.100,0.370,10.80,31.80,162.0,254.4,20.09
10.640,0.8419,-625.1,2.6013,1031.3,-4.8427,0.1872,-634,872,100.00,-194.29,0.160,0.690,8.00,31.36,119.9,250.9,20.07
10.660,0.9614,-638.1,3.9006,1404.1,-4.7793,0.4224,-706,930,97.14,-191.43,0.020,0.090,4.09,29.24,61.3,233.9,20.08
10.680,0.9614,-597.1,3.9006,1392.2,-4.7793,0.4224,-715,957,91.43,-185.71,0.020,0.240,1.35,27.75,20.2,222.0,20.08
10.700,0.6948,-397.3,4.9270,1651.0,-4.7793,0.4224,-702,1295,88.57,-180.00,1.100,1.100,-1.30,21.61,-19.6,172.9,20.07
10.720,0.6948,-369.4,4.9270,1616.6,-4.6228,0.6090,-657,1275,85.71,-171.43,1.130,0.480,-3.16,17.31,-47.4,138.5,20.07
10.740,0.6948,-349.9,4.9270,1592.5,-4.6228,0.6090,-458,1519,82.86,-160.00,0.740,1.150,-4.46,14.30,-66.9,114.4,20.07
10.760,0.2878,89.2,4.7857,1463.7,-4.4900,0.8926,-427,1566,80.00,-154.29,0.650,0.400,-5.94,3.50,-89.2,28.0,20.07
10.780,0.2878,104.7,4.7857,1403.2,-4.4900,0.8926,-369,1583,77.14,-142.86,0.680,0.860,-6.98,-4.07,-104.7,-32.5,20.09
10.800,-0.1198,103.5,3.4912,952.6,-4.4900,0.8926,-50,1452,77.14,-137.14,1.300,0.260,-6.90,-11.84,-103.5,-94.7,20.20
10.820,-0.1198,102.7,3.4912,909.1,-4.3943,1.1890,0,1406,77.14,-128.57,1.200,1.030,-6.84,-17.29,-102.7,-138.3,20.08
10.840,-0.1198,102.1,3.4912,878.6,-4.3943,1.1890,51,1004,77.14,-120.00,1.320,0.260,-6.81,-21.10,-102.1,-168.8,20.09
10.860,-0.3325,82.0,1.8738,361.5,-4.8920,-0.2479,78,991,77.14,-117.14,1.100,0.500,-5.47,-25.08,-82.0,-200.6,20.07
10.880,-0.3325,68.0,1.8738,339.3,-4.8920,-0.2479,138,915,80.00,-111.43,0.710,0.890,-4.53,-27.86,-68.0,-222.9,20.07
10.900,-0.4191,60.2,0.1071,-239.0,-4.8920,-0.2479,112,432,80.00,-108.57,0.370,0.060,-4.01,-29.88,-60.2,-239.0,20.08
10.920,-0.4191,54.7,0.1071,-250.3,-4.7354,0.2302,83,445,80.00,-105.71,0.400,0.010,-3.65,-31.29,-54.7,-250.3,20.08
10.940,-0.4191,50.9,0.1071,-258.2,-4.7354,0.2302,59,-5,80.00,-105.71,0.490,0.310,-3.39,-32.27,-50.9,-258.2,20.10
10.960,-0.5546,387.5,-1.6451,-754.3,-4.4585,0.7806,52,-60,80.00,-105.71,0.530,0.680,-3.65,-32.60,-54.8,-260.8,20.07
10.980,-0.5546,390.2,-1.6451,-756.1,-4.4585,0.7806,50,-114,80.00,-105.71,0.540,0.720,-3.83,-32.82,-57.5,-262.6,20.07
11.000,-0.7502,492.4,-3.2638,-1210.7,-4.4585,0.7806,302,-642,82.86,-108.57,0.850,1.140,-2.82,-28.95,-42.2,-231.6,20.21
11.020,-0.7502,481.7,-3.2638,-1189.1,-4.2175,1.4215,283,-568,82.86,-111.43,1.480,1.170,-2.11,-26.24,-31.6,-209.9,20.09
11.040,-0.7502,474.3,-3.2638,-1173.9,-4.2175,1.4215,400,-998,85.71,-120.00,2.060,1.810,-1.61,-24.34,-24.1,-194.8,20.07
11.060,-0.4982,-70.2,-3.3176,-1027.2,-3.9938,2.0212,412,-1053,88.57,-122.86,2.230,1.970,4.68,-3.98,70.2,-31.9,20.07
11.080,-0.4982,-136.3,-3.3176,-913.1,-3.9938,2.0212,454,-1185,91.43,-131.43,2.050,1.120,9.09,10.27,136.3,82.2,20.07
11.100,0.5728,-542.3,-0.9846,178.7,-3.9938,2.0212,64,-1034,91.43,-137.14,1.060,0.230,13.24,22.33,198.6,178.7,20.09
11.120,0.5728,-586.0,-0.9846,246.2,-3.6537,2.5621,-2,-945,91.43,-142.86,0.910,0.740,16.15,30.77,242.3,246.2,20.07
11.140,0.5728,-616.5,-0.9846,293.5,-3.6537,2.5621,-333,-66,88.57,-142.86,0.120,0.860,18.19,36.68,272.8,293.5,20.07
11.160,1.7294,-1326.3,1.5092,775.5,-3.3189,2.9570,-394,53,88.57,-142.86,0.380,0.090,19.24,40.35,288.7,322.8,20.08
11.180,1.7294,-1337.4,1.5092,796.1,-3.3189,2.9570,-467,121,85.71,-142.86,0.160,0.000,19.98,42.91,299.8,343.3,20.07
11.200,2.7360,-1922.9,3.8991,1520.7,-3.3189,2.9570,-1198,620,77.14,-140.00,0.690,0.190,18.76,43.87,281.3,351.0,20.09
11.220,2.7360,-1910.0,3.8991,1526.1,-2.9283,3.2043,-1141,642,71.43,-134.29,0.350,0.280,17.90,44.54,268.4,356.3,20.08
11.240,2.7360,-1901.0,3.8991,1529.8,-2.9283,3.2043,-1581,1197,60.00,-125.71,1.120,1.560,17.29,45.01,259.4,360.1,20.11
11.260,3.3861,-2226.3,5.9888,2105.4,-2.3977,3.4700,-1659,1311,54.29,-122.86,1.170,1.250,12.98,38.59,194.7,308.7,20.07
11.280,3.3861,-2181.0,5.9888,2069.4,-2.3977,3.4700,-1768,1385,42.86,-111.43,1.580,1.820,9.96,34.10,149.4,272.8,20.08
11.300,3.1884,-1934.0,6.4477,2071.0,-2.3977,3.4700,-2035,1948,31.43,-102.86,1.500,1.650,1.40,17.09,21.0,136.7,20.09
11.320,3.1884,-1844.1,6.4477,1975.7,-1.7647,3.6986,-2150,1983,20.00,-91.43,1.470,1.460,-4.59,5.18,-68.9,41.4,20.09
11.340,2.0981,-1127.0,4.9415,1457.2,-1.7647,3.6986,-1984,2027,5.71,-77.14,1.010,0.850,-8.79,-3.16,-131.8,-25.2,20.21
11.360,2.0981,-1044.7,4.9415,1358.9,-1.1185,3.8128,-1922,1952,-2.86,-68.57,0.240,0.240,-14.28,-15.44,-214.1,-123.5,20.08
11.380,2.0981,-987.1,4.9415,1290.2,-1.1185,3.8128,-1343,1540,-11.43,-57.14,0.310,0.490,-18.12,-24.03,-271.8,-192.3,20.07
11.400,0.7886,-176.2,2.6102,529.5,-1.1185,3.8128,-1327,1393,-17.14,-51.43,0.600,0.010,-19.80,-31.70,-297.0,-253.6,20.09
11.420,0.7886,-158.5,2.6102,486.6,-0.4845,3.9155,-1234,1333,-25.71,-42.86,0.440,0.620,-20.98,-37.06,-314.7,-296.5,20.08
11.440,-0.2051,327.0,0.0576,-326.5,-0.4845,3.9155,-482,687,-28.57,-37.14,1.080,0.120,-21.80,-40.81,-327.0,-326.5,20.09
11.460,-0.2051,279.8,0.0576,-354.5,-0.0133,4.1021,-369,599,-28.57,-37.14,1.130,0.160,-18.65,-44.31,-279.8,-354.5,20.08
11.480,-0.2051,246.7,0.0576,-374.1,-0.0133,4.1021,105,-18,-28.57,-37.14,1.830,0.500,-16.45,-46.77,-246.7,-374.1,20.06
11.500,-0.5733,516.7,-2.6219,-1171.7,-0.0133,4.1021,170,-167,-28.57,-37.14,1.410,0.730,-11.51,-48.15,-172.7,-385.2,20.07
11.520,-0.5733,464.9,-2.6219,-1179.5,0.3289,4.2578,209,-150,-25.71,-37.14,0.990,0.740,-8.06,-49.11,-120.9,-392.9,20.09
11.540,-0.2745,84.6,-4.6721,-1799.9,0.3289,4.2578,449,-886,-22.86,-45.71,0.580,1.750,-5.64,-49.79,-84.6,-398.3,20.08
11.560,-0.2745,-31.9,-4.6721,-1674.2,0.5334,4.4823,500,-930,-20.00,-48.57,0.130,1.170,2.13,-34.08,31.9,-272.6,20.07
11.580,-0.2745,-113.5,-4.6721,-1586.3,0.5334,4.4823,268,-1628,-20.00,-60.00,0.080,1.890,7.57,-23.08,113.5,-184.7,20.08
11.600,1.0812,-872.2,-3.4349,-1031.9,0.5334,4.4823,277,-1623,-17.14,-68.57,0.960,0.340,14.90,-0.18,223.5,-1.4,20.07
11.620,1.0812,-949.1,-3.4349,-903.6,0.7023,4.8637,98,-1590,-17.14,-77.14,1.100,0.520,20.03,15.86,300.4,126.8,20.08
11.640,2.5529,-1886.1,-0.7541,216.6,0.7023,4.8637,-600,-1122,-22.86,-85.71,2.200,0.070,23.62,27.08,354.3,216.6,20.08
11.660,2.5529,-1875.5,-0.7541,288.6,0.8742,5.2957,-700,-1026,-25.71,-88.57,2.310,0.420,22.91,36.08,343.7,288.6,20.07
11.680,2.5529,-1868.0,-0.7541,339.0,0.8742,5.2957,-1599,-80,-37.14,-88.57,2.480,0.770,22.42,42.38,336.3,339.0,20.08
11.700,3.5140,-2394.2,2.0404,983.4,0.8742,5.2957,-1664,67,-45.71,-88.57,2.680,0.010,19.05,46.42,285.8,371.3,20.08
11.720,3.5140,-2358.8,2.0404,1006.1,1.0008,5.6322,-1717,161,-54.29,-88.57,2.490,0.060,16.69,49.24,250.4,393.9,20.07
11.740,3.8249,-2520.5,4.8137,1853.9,1.0008,5.6322,-2251,750,-71.43,-82.86,3.060,0.450,15.04,51.22,225.6,409.8,20.07
11.760,3.8249,-2425.7,4.8137,1859.6,1.0088,5.8207,-2229,745,-77.14,-80.00,3.340,1.120,8.72,51.94,130.7,415.5,20.07
11.780,3.8249,-2359.2,4.8137,1863.6,1.0088,5.8207,-2415,1468,-97.14,-68.57,3.470,1.140,4.29,52.44,64.3,419.5,20.07
11.800,3.1168,-1767.6,6.8081,2352.7,1.0088,5.8207,-2380,1610,-108.57,-60.00,3.220,1.390,-6.83,38.79,-102.5,310.3,20.07
11.820,3.1168,-1650.8,6.8081,2276.3,0.7868,5.8141,-2335,1700,-120.00,-51.43,3.450,1.050,-14.62,29.23,-219.3,233.9,20.08
11.840,1.1557,-392.4,6.4858,2126.1,0.7868,5.8141,-1935,2198,-134.29,-34.29,1.970,1.240,-20.07,22.54,-301.1,180.4,20.09
11.860,1.1557,-272.7,6.4858,1997.3,0.3793,5.7372,-1824,2176,-140.00,-25.71,1.090,1.310,-28.05,6.45,-420.7,51.6,20.10
11.880,1.1557,-188.9,6.4858,1907.2,0.3793,5.7372,-634,2122,-148.57,-5.71,0.990,1.050,-33.63,-4.82,-504.5,-38.6,20.45
11.900,-1.3203,1365.9,4.5609,1227.7,0.3793,5.7372,-548,2111,-148.57,-2.86,0.400,0.440,-38.25,-17.57,-573.7,-140.6,20.10
11.920,-1.3203,1414.4,4.5609,1156.2,-0.2256,5.7087,-370,1967,-151.43,11.43,0.360,1.040,-41.48,-26.50,-622.2,-212.0,20.10
11.940,-3.6917,2871.1,2.1309,377.2,-0.2256,5.7087,864,1369,-145.71,20.00,0.640,0.130,-43.74,-32.75,-656.1,-262.0,20.08
11.960,-3.6917,2858.6,2.1309,335.8,-0.9472,5.9701,921,1238,-142.86,25.71,0.510,0.630,-42.90,-37.93,-643.6,-303.5,20.07
11.980,-3.6917,2849.8,2.1309,306.8,-0.9472,5.9701,2276,567,-122.86,31.43,2.200,0.290,-42.32,-41.56,-634.8,-332.5,20.08
12.000,-5.5516,3877.0,-0.3618,-356.0,-0.9472,5.9701,2374,523,-117.14,31.43,2.170,0.280,-36.41,-44.50,-546.1,-356.0,20.08
12.020,-5.5516,3814.9,-0.3618,-372.5,-1.8058,6.3151,2594,404,-100.00,34.29,2.580,0.030,-32.27,-46.56,-484.0,-372.5,20.07
12.040,-6.4962,4338.3,-2.8647,-1243.4,-1.8058,6.3151,3533,-9,-74.29,34.29,2.950,0.530,-29.37,-48.00,-440.5,-384.0,20.06
12.060,-6.4962,4228.8,-2.8647,-1216.6,-2.2904,6.2121,3553,-67,-62.86,34.29,2.340,1.230,-22.07,-44.65,-331.0,-357.2,20.07
12.080,-6.4962,4152.1,-2.8647,-1197.8,-2.2904,6.2121,4115,-937,-25.71,25.71,2.450,1.820,-16.96,-42.30,-254.4,-338.4,20.07
12.100,-6.1718,3727.6,-3.9469,-1356.7,-2.2904,6.2121,4069,-936,-17.14,22.86,1.940,1.280,-1.63,-21.58,-24.5,-172.7,20.09
12.120,-6.1718,3566.6,-3.9469,-1240.8,-2.5553,6.0654,4089,-1138,11.43,14.29,2.750,1.080,9.10,-7.09,136.5,-56.7,20.07
12.140,-4.1110,2217.5,-2.3673,-685.7,-2.5553,6.0654,3745,-1341,37.14,5.71,2.440,0.720,16.61,3.06,249.1,24.5,20.08
12.160,-4.1110,2058.5,-2.3673,-603.3,-2.5748,5.9316,3634,-1200,51.43,0.00,2.350,0.210,27.20,13.36,408.0,106.9,20.07
12.180,-4.1110,1947.3,-2.3673,-545.7,-2.5748,5.9316,2482,-759,74.29,-5.71,1.110,0.660,34.62,20.56,519.3,164.5,20.07
12.200,-1.3486,176.8,-0.5055,201.9,-2.5748,5.9316,2313,-669,77.14,-5.71,0.880,0.520,42.16,25.24,632.4,201.9,20.09
12.220,-1.3486,97.6,-0.5055,228.1,-2.1928,6.0044,2117,-601,94.29,-11.43,1.020,0.380,47.44,28.51,711.6,228.1,20.07
12.240,1.5887,-1720.2,1.3064,638.3,-2.1928,6.0044,579,-27,97.14,-11.43,0.810,0.380,51.14,30.80,767.0,246.4,20.07
12.260,1.5887,-1750.0,1.3064,649.5,-1.6378,6.1948,383,40,100.00,-11.43,0.210,0.570,53.12,32.20,796.8,257.6,20.08
12.280,1.5887,-1753.2,1.3064,657.4,-1.6378,6.1948,-1094,418,88.57,-5.71,0.480,0.700,54.51,33.18,800.0,265.5,20.09
12.300,4.3375,-3377.3,2.9912,1138.2,-1.6378,6.1948,-1229,448,85.71,-5.71,0.120,0.460,51.65,30.11,774.7,240.9,20.08
12.320,4.3375,-3347.3,2.9912,1121.0,-0.9509,6.2210,-1292,493,77.14,-2.86,2.010,0.670,49.65,27.96,744.8,223.7,20.08
12.340,6.1362,-4405.5,3.5300,1270.6,-0.9509,6.2210,-2769,945,60.00,5.71,3.340,1.520,48.25,26.45,723.8,211.6,20.07
12.360,6.1362,-4241.7,3.5300,1170.1,-0.2432,6.2867,-2962,999,45.71,8.57,2.680,1.620,37.33,13.89,560.0,111.1,20.09
12.380,6.1362,-4127.1,3.5300,1099.7,-0.2432,6.2867,-4008,1208,14.29,20.00,4.260,0.910,29.69,5.09,445.4,40.7,20.07
12.400,6.1696,-3892.2,2.3118,631.0,-0.2432,6.2867,-3799,1176,5.71,22.86,5.440,0.770,12.69,-7.82,190.4,-62.6,20.10
