t_s,imu1_roll_deg,cmd_roll_erpm,imu1_pitch_deg,cmd_pitch_erpm,imu2_roll_deg,imu2_pitch_deg,motor_roll_erpm,motor_pitch_erpm,motor_roll_pos_deg,motor_pitch_pos_deg,motor_roll_amps,motor_pitch_amps,roll_rate_dps,pitch_rate_dps,d_roll_erpm,d_pitch_erpm,ff_roll_erpm,ff_pitch_erpm,dt_ms
0.000,-0.2055,-4.3,-0.3495,-0.3,-0.5142,7.0589,0,0,0.00,0.00,0.000,0.000,0.00,0.00,0.0,0.0,4.3,-0.3,0.01
0.020,-0.3165,-4.3,-0.5382,-0.3,-0.5142,7.0589,0,0,0.00,0.00,0.000,0.000,0.00,0.00,0.0,0.0,4.3,-0.3,20.07
0.040,-0.3659,-4.2,-0.6488,-0.3,-0.5142,7.0589,-1,0,0.00,0.00,0.080,0.220,0.00,0.00,0.0,0.0,4.2,-0.3,20.09
0.060,-0.3926,-4.2,-0.7085,-0.3,-0.5142,7.0589,0,0,0.00,0.00,0.140,0.300,0.00,0.00,0.0,0.0,4.2,-0.3,20.08
0.080,-0.4070,-4.2,-0.7407,-0.3,-0.5142,7.0589,0,0,0.00,0.00,0.130,0.320,0.00,0.00,0.0,0.0,4.2,-0.3,20.07
0.100,-0.4148,2.4,-0.7581,0.0,-0.5585,7.0631,0,0,0.00,0.00,0.130,0.320,0.00,0.00,0.0,0.0,-2.4,0.0,20.07
0.120,-0.4190,2.4,-0.7675,0.0,-0.5585,7.0631,0,0,0.00,0.00,0.120,0.290,0.00,0.00,0.0,0.0,-2.4,0.0,20.07
0.140,-0.4213,2.4,-0.7726,0.0,-0.5585,7.0631,0,0,0.00,0.00,0.130,0.310,0.00,0.00,0.0,0.0,-2.4,0.0,20.07
0.160,-0.4225,2.4,-0.7754,0.0,-0.5585,7.0631,0,0,0.00,0.00,0.130,0.190,0.00,0.00,0.0,0.0,-2.4,0.0,20.07
0.180,-0.4232,2.4,-0.7768,0.0,-0.5585,7.0631,0,0,0.00,0.00,0.140,0.330,0.00,0.00,0.0,0.0,-2.4,0.0,20.07
0.200,-0.4235,2.4,-0.7776,0.0,-0.5585,7.0631,0,0,0.00,0.00,0.140,0.330,0.00,0.00,0.0,0.0,-2.4,0.0,20.06
0.220,-0.4237,2.4,-0.7781,0.0,-0.5585,7.0631,0,0,0.00,0.00,0.140,0.340,0.00,0.00,0.0,0.0,-2.4,0.0,20.07
0.240,-0.4270,2.3,-0.7786,0.0,-0.5585,7.0631,0,0,0.00,0.00,0.150,0.320,0.00,0.00,0.0,0.0,-2.3,0.0,20.07
0.260,-0.4288,2.3,-0.7789,0.0,-0.5585,7.0631,0,0,0.00,0.00,0.150,0.330,0.00,0.00,0.0,0.0,-2.3,0.0,20.07
0.280,-0.4298,2.3,-0.7791,0.0,-0.5585,7.0631,0,0,0.00,0.00,0.030,0.330,0.00,0.00,0.0,0.0,-2.3,0.0,20.07
0.300,-0.4303,2.3,-0.7792,0.0,-0.5585,7.0631,0,0,0.00,0.00,0.150,0.330,0.00,0.00,0.0,0.0,-2.3,0.0,20.06
0.320,-0.4306,2.3,-0.7792,0.0,-0.5585,7.0631,1,0,0.00,0.00,0.160,0.320,0.00,0.00,0.0,0.0,-2.3,0.0,20.05
0.340,-0.4307,2.3,-0.7792,0.0,-0.5585,7.0631,0,0,0.00,0.00,0.160,0.330,0.00,0.00,0.0,0.0,-2.3,0.0,20.07
0.360,-0.4308,2.3,-0.7792,0.0,-0.5585,7.0631,0,0,0.00,0.00,0.170,0.320,0.00,0.00,0.0,0.0,-2.3,0.0,20.07
0.380,-0.4309,2.3,-0.7792,0.0,-0.5585,7.0631,0,0,0.00,0.00,0.170,0.320,0.00,0.00,0.0,0.0,-2.3,0.0,20.07
0.400,-0.4309,3.2,-0.7793,-0.1,-0.5649,7.0614,0,0,0.00,0.00,0.180,0.330,0.00,0.00,0.0,0.0,-3.2,-0.1,20.07
0.420,-0.4309,3.2,-0.7793,-0.1,-0.5649,7.0614,0,0,0.00,0.00,0.180,0.320,0.00,0.00,0.0,0.0,-3.2,-0.1,20.07
0.440,-0.4341,2.2,-0.7796,0.0,-0.5581,7.0630,0,0,0.00,0.00,0.200,0.330,0.00,0.00,0.0,0.0,-2.2,0.0,20.07
0.460,-0.4358,2.1,-0.7797,0.0,-0.5581,7.0630,0,0,0.00,0.00,0.190,0.340,0.00,0.00,0.0,0.0,-2.1,0.0,20.07
0.480,-0.4368,2.1,-0.7798,0.0,-0.5581,7.0630,0,0,0.00,0.00,0.200,0.340,0.00,0.00,0.0,0.0,-2.1,0.0,20.07
0.500,-0.4373,2.2,-0.7799,0.0,-0.5585,7.0631,0,0,0.00,0.00,0.200,0.330,0.00,0.00,0.0,0.0,-2.2,0.0,20.06
0.520,-0.4376,2.2,-0.7799,0.0,-0.5585,7.0631,0,0,0.00,0.00,0.200,0.330,0.00,0.00,0.0,0.0,-2.2,0.0,20.07
0.540,-0.4377,2.4,-0.7799,0.5,-0.5601,7.0699,0,0,0.00,0.00,0.210,0.330,0.00,0.00,0.0,0.0,-2.4,0.5,20.07
0.560,-0.4378,2.4,-0.7799,0.5,-0.5601,7.0699,0,0,0.00,0.00,0.210,0.320,0.00,0.00,0.0,0.0,-2.4,0.5,20.07
0.580,-0.4378,2.4,-0.7799,0.5,-0.5601,7.0699,0,0,0.00,0.00,0.210,0.330,0.00,0.00,0.0,0.0,-2.4,0.5,20.07
0.600,-0.4378,3.3,-0.7799,0.4,-0.5665,7.0683,1,0,0.00,0.00,0.210,0.330,0.00,0.00,0.0,0.0,-3.3,0.4,20.07
0.620,-0.4379,3.3,-0.7799,0.4,-0.5665,7.0683,0,0,0.00,0.00,0.220,0.330,0.00,0.00,0.0,0.0,-3.3,0.4,20.07
0.640,-0.4379,3.3,-0.7799,0.4,-0.5665,7.0683,0,0,0.00,0.00,0.240,0.320,0.00,0.00,0.0,0.0,-3.3,0.4,20.08
0.660,-0.4379,3.3,-0.7799,0.4,-0.5665,7.0683,0,0,0.00,0.00,0.230,0.340,0.00,0.00,0.0,0.0,-3.3,0.4,20.07
0.680,-0.4347,3.3,-0.7796,0.4,-0.5665,7.0683,0,0,0.00,0.00,0.250,0.310,0.00,0.00,0.0,0.0,-3.3,0.4,20.07
0.700,-0.4329,2.2,-0.7795,0.5,-0.5597,7.0698,0,0,0.00,0.00,0.240,0.310,0.00,0.00,0.0,0.0,-2.2,0.5,20.07
0.720,-0.4320,2.2,-0.7794,0.5,-0.5597,7.0698,0,0,0.00,0.00,0.250,0.340,0.00,0.00,0.0,0.0,-2.2,0.5,20.09
0.740,-0.4312,2.2,-0.7825,0.5,-0.5597,7.0698,0,0,0.00,0.00,0.250,0.300,0.00,0.00,0.0,0.0,-2.2,0.5,20.09
0.760,-0.4308,2.2,-0.7842,0.5,-0.5597,7.0698,0,0,0.00,0.00,0.250,0.330,0.00,0.00,0.0,0.0,-2.2,0.5,20.07
0.780,-0.4305,2.2,-0.7851,0.5,-0.5597,7.0698,0,0,0.00,0.00,0.250,0.310,0.00,0.00,0.0,0.0,-2.2,0.5,20.08
0.800,-0.4304,1.1,-0.7856,0.6,-0.5528,7.0714,1,0,0.00,0.00,0.250,0.330,0.00,0.00,0.0,0.0,-1.1,0.6,20.08
0.820,-0.4303,1.1,-0.7859,0.6,-0.5528,7.0714,0,0,0.00,0.00,0.260,0.330,0.00,0.00,0.0,0.0,-1.1,0.6,20.09
0.840,-0.4303,2.1,-0.7860,0.5,-0.5593,7.0698,0,0,0.00,0.00,0.270,0.310,0.00,0.00,0.0,0.0,-2.1,0.5,20.09
0.860,-0.4303,2.1,-0.7861,0.5,-0.5593,7.0698,0,0,0.00,0.00,0.260,0.330,0.00,0.00,0.0,0.0,-2.1,0.5,20.07
0.880,-0.4303,2.1,-0.7862,0.5,-0.5593,7.0698,0,0,0.00,0.00,0.260,0.330,0.00,0.00,0.0,0.0,-2.1,0.5,20.07
0.900,-0.4302,2.1,-0.7862,0.5,-0.5593,7.0698,0,0,0.00,0.00,0.270,0.320,0.00,0.00,0.0,0.0,-2.1,0.5,20.07
0.920,-0.4270,2.0,-0.7859,0.5,-0.5593,7.0698,0,0,0.00,0.00,0.280,0.330,0.00,0.00,0.0,0.0,-2.0,0.5,20.07
0.940,-0.4253,2.1,-0.7857,0.5,-0.5597,7.0698,0,0,0.00,0.00,0.270,0.320,0.00,0.00,0.0,0.0,-2.1,0.5,20.07
0.960,-0.4244,2.1,-0.7856,0.5,-0.5597,7.0698,0,0,0.00,0.00,0.280,0.340,0.00,0.00,0.0,0.0,-2.1,0.5,20.06
0.980,-0.4271,2.1,-0.7859,0.5,-0.5597,7.0698,0,0,0.00,0.00,0.290,0.330,0.00,0.00,0.0,0.0,-2.1,0.5,20.08
1.000,-0.4285,2.1,-0.7861,0.5,-0.5601,7.0699,0,0,0.00,0.00,0.290,0.330,0.00,0.00,0.0,0.0,-2.1,0.5,20.07
1.020,-0.4293,2.1,-0.7861,0.5,-0.5601,7.0699,2,0,0.00,0.00,0.290,0.330,0.00,0.00,0.0,0.0,-2.1,0.5,20.07
1.040,-0.4297,2.1,-0.7862,0.5,-0.5601,7.0699,1,0,0.00,0.00,0.290,0.320,0.00,0.00,0.0,0.0,-2.1,0.5,20.09
1.060,-0.4300,2.1,-0.7862,0.5,-0.5601,7.0699,0,0,0.00,0.00,0.290,0.320,0.00,0.00,0.0,0.0,-2.1,0.5,20.07
1.080,-0.4301,2.1,-0.7862,0.5,-0.5601,7.0699,0,0,0.00,0.00,0.290,0.320,0.00,0.00,0.0,0.0,-2.1,0.5,20.07
1.100,-0.4302,2.0,-0.7862,0.5,-0.5597,7.0698,0,0,0.00,0.00,0.290,0.320,0.00,0.00,0.0,0.0,-2.0,0.5,20.07
1.120,-0.4302,2.0,-0.7862,0.5,-0.5597,7.0698,0,0,0.00,0.00,0.300,0.330,0.00,0.00,0.0,0.0,-2.0,0.5,20.08
1.140,-0.4302,2.2,-0.7862,1.0,-0.5613,7.0767,1,0,0.00,0.00,0.300,0.320,0.00,0.00,0.0,0.0,-2.2,1.0,20.09
1.160,-0.4302,2.2,-0.7862,1.0,-0.5613,7.0767,0,0,0.00,0.00,0.150,0.330,0.00,0.00,0.0,0.0,-2.2,1.0,20.08
1.180,-0.4302,2.2,-0.7862,1.0,-0.5613,7.0767,0,0,0.00,0.00,0.320,0.320,0.00,0.00,0.0,0.0,-2.2,1.0,20.09
1.200,-0.4302,2.3,-0.7862,1.0,-0.5617,7.0768,0,0,0.00,0.00,0.320,0.340,0.00,0.00,0.0,0.0,-2.3,1.0,20.09
1.220,-0.4299,2.3,-0.7894,1.0,-0.5617,7.0768,0,0,0.00,0.00,0.320,0.330,0.00,0.00,0.0,0.0,-2.3,1.0,20.08
1.240,-0.4298,3.2,-0.7911,0.8,-0.5681,7.0751,2,0,0.00,0.00,0.320,0.320,0.00,0.00,0.0,0.0,-3.2,0.8,20.07
1.260,-0.4297,3.2,-0.7921,0.8,-0.5681,7.0751,2,0,0.00,0.00,0.260,0.330,0.00,0.00,0.0,0.0,-3.2,0.8,20.07
1.280,-0.4296,3.2,-0.7926,0.8,-0.5681,7.0751,2,0,0.00,0.00,0.320,0.320,0.00,0.00,0.0,0.0,-3.2,0.8,20.07
1.300,-0.4296,3.1,-0.7929,0.8,-0.5677,7.0750,2,0,0.00,0.00,0.330,0.330,0.00,0.00,0.0,0.0,-3.1,0.8,20.07
1.320,-0.4296,3.1,-0.7930,0.8,-0.5677,7.0750,1,0,0.00,0.00,0.320,0.330,0.00,0.00,0.0,0.0,-3.1,0.8,20.07
1.340,-0.4296,3.3,-0.7931,1.3,-0.5693,7.0819,3,0,0.00,0.00,0.330,0.310,0.00,0.00,0.0,0.0,-3.3,1.3,20.07
1.360,-0.4296,3.3,-0.7931,1.3,-0.5693,7.0819,1,0,0.00,0.00,0.340,0.320,0.00,0.00,0.0,0.0,-3.3,1.3,20.07
1.380,-0.4264,3.3,-0.7928,1.3,-0.5693,7.0819,1,0,0.00,0.00,0.340,0.290,0.00,0.00,0.0,0.0,-3.3,1.3,20.07
1.400,-0.4246,3.2,-0.7927,1.3,-0.5689,7.0818,0,0,0.00,0.00,0.350,0.300,0.00,0.00,0.0,0.0,-3.2,1.3,20.09
1.420,-0.4237,3.2,-0.7926,1.3,-0.5689,7.0818,0,0,0.00,0.00,0.360,0.300,0.00,0.00,0.0,0.0,-3.2,1.3,20.07
1.440,-0.4232,2.1,-0.7926,1.4,-0.5620,7.0834,0,0,0.00,0.00,0.360,0.300,0.00,0.00,0.0,0.0,-2.1,1.4,20.08
1.460,-0.4229,2.1,-0.7925,1.4,-0.5620,7.0834,1,0,0.00,0.00,0.360,0.290,0.00,0.00,0.0,0.0,-2.1,1.4,20.08
1.480,-0.4225,2.1,-0.7957,1.4,-0.5620,7.0834,2,0,0.00,0.00,0.350,0.300,0.00,0.00,0.0,0.0,-2.1,1.4,20.09
1.500,-0.4222,2.1,-0.7974,1.4,-0.5620,7.0834,2,0,0.00,0.00,0.350,0.280,0.00,0.00,0.0,0.0,-2.1,1.4,20.07
1.520,-0.4224,2.1,-0.7952,1.4,-0.5620,7.0834,3,0,0.00,0.00,0.350,0.280,0.00,0.00,0.0,0.0,-2.1,1.4,20.09
1.540,-0.4225,1.8,-0.7939,0.9,-0.5604,7.0766,2,0,0.00,0.00,0.350,0.280,0.00,0.00,0.0,0.0,-1.8,0.9,20.09
1.560,-0.4226,1.8,-0.7933,0.8,-0.5604,7.0766,1,0,0.00,0.00,0.360,0.280,0.00,0.00,0.0,0.0,-1.8,0.8,20.07
1.580,-0.4226,1.8,-0.7929,0.8,-0.5604,7.0766,1,0,0.00,0.00,0.350,0.290,0.00,0.00,0.0,0.0,-1.8,0.8,20.07
1.600,-0.4226,1.8,-0.7927,0.8,-0.5604,7.0766,0,0,0.00,0.00,0.360,0.280,0.00,0.00,0.0,0.0,-1.8,0.8,20.09
1.620,-0.4194,1.8,-0.7923,0.8,-0.5604,7.0766,0,0,0.00,0.00,0.370,0.290,0.00,0.00,0.0,0.0,-1.8,0.8,20.08
1.640,-0.4177,2.8,-0.7921,0.7,-0.5673,7.0750,0,0,0.00,0.00,0.370,0.280,0.00,0.00,0.0,0.0,-2.8,0.7,20.09
1.660,-0.4167,2.8,-0.7920,0.7,-0.5673,7.0750,0,0,0.00,0.00,0.370,0.280,0.00,0.00,0.0,0.0,-2.8,0.7,20.12
1.680,-0.4162,2.8,-0.7919,0.7,-0.5673,7.0750,0,0,0.00,0.00,0.380,0.280,0.00,0.00,0.0,0.0,-2.8,0.7,20.07
1.700,-0.4160,1.8,-0.7919,0.8,-0.5604,7.0766,1,0,0.00,0.00,0.370,0.280,0.00,0.00,0.0,0.0,-1.8,0.8,20.07
1.720,-0.4158,1.7,-0.7919,0.8,-0.5604,7.0766,0,0,0.00,0.00,0.380,0.280,0.00,0.00,0.0,0.0,-1.7,0.8,20.07
1.740,-0.4157,2.8,-0.7919,0.7,-0.5673,7.0750,1,0,0.00,0.00,0.370,0.280,0.00,0.00,0.0,0.0,-2.8,0.7,20.08
1.760,-0.4157,2.7,-0.7918,0.7,-0.5673,7.0750,2,0,0.00,0.00,0.370,0.300,0.00,0.00,0.0,0.0,-2.7,0.7,20.07
1.780,-0.4157,2.7,-0.7918,0.7,-0.5673,7.0750,2,0,0.00,0.00,0.360,0.290,0.00,0.00,0.0,0.0,-2.7,0.7,20.08
1.800,-0.4157,2.4,-0.7918,0.2,-0.5653,7.0681,2,0,0.00,0.00,0.380,0.280,0.00,0.00,0.0,0.0,-2.4,0.2,20.07
1.820,-0.4125,2.4,-0.7915,0.2,-0.5653,7.0681,0,0,0.00,0.00,0.380,0.290,0.00,0.00,0.0,0.0,-2.4,0.2,20.08
1.840,-0.4107,1.4,-0.7914,0.3,-0.5588,7.0697,0,0,0.00,0.00,0.390,0.290,0.00,0.00,0.0,0.0,-1.4,0.3,20.09
1.860,-0.4098,1.4,-0.7913,0.3,-0.5588,7.0697,0,0,0.00,0.00,0.390,0.300,0.00,0.00,0.0,0.0,-1.4,0.3,20.06
1.880,-0.4093,1.4,-0.7912,0.3,-0.5588,7.0697,0,0,0.00,0.00,0.370,0.300,0.00,0.00,0.0,0.0,-1.4,0.3,20.09
1.900,-0.4090,1.4,-0.7912,0.3,-0.5588,7.0697,1,0,0.00,0.00,0.380,0.300,0.00,0.00,0.0,0.0,-1.4,0.3,20.08
1.920,-0.4089,1.4,-0.7912,0.3,-0.5588,7.0697,0,0,0.00,0.00,0.380,0.290,0.00,0.00,0.0,0.0,-1.4,0.3,20.08
1.940,-0.4088,1.2,-0.7912,-0.2,-0.5572,7.0629,0,0,0.00,0.00,0.390,0.300,0.00,0.00,0.0,0.0,-1.2,-0.2,20.08
1.960,-0.4087,1.2,-0.7912,-0.2,-0.5572,7.0629,1,0,0.00,0.00,0.400,0.280,0.00,0.00,0.0,0.0,-1.2,-0.2,20.08
1.980,-0.4087,1.1,-0.7912,-0.2,-0.5572,7.0629,2,0,0.00,0.00,0.390,0.300,0.00,0.00,0.0,0.0,-1.1,-0.2,20.07
2.000,-0.4087,1.1,-0.7912,-0.2,-0.5572,7.0629,2,0,0.00,0.00,0.390,0.300,0.00,0.00,0.0,0.0,-1.1,-0.2,20.08
2.020,-0.4087,1.1,-0.7912,-0.2,-0.5572,7.0629,1,0,0.00,0.00,0.390,0.290,0.00,0.00,0.0,0.0,-1.1,-0.2,20.06
2.040,-0.4087,1.1,-0.7912,0.6,-0.5588,7.0697,0,0,0.00,0.00,0.390,0.280,0.03,0.03,0.3,0.3,-1.4,0.3,20.08
2.060,-0.4087,0.9,-0.7912,0.7,-0.5588,7.0697,0,0,0.00,0.00,0.390,0.280,0.06,0.06,0.5,0.5,-1.4,0.3,20.08
2.080,-0.4090,1.0,-0.7880,0.3,-0.5588,7.0697,1,0,0.00,0.00,0.390,0.290,0.04,0.01,0.3,0.1,-1.4,0.3,20.09
2.100,-0.4092,2.1,-0.7862,-0.1,-0.5657,7.0681,0,0,0.00,0.00,0.390,0.300,0.03,-0.03,0.2,-0.2,-2.4,0.2,20.07
2.120,-0.4121,2.2,-0.7888,-0.3,-0.5657,7.0681,0,0,0.00,0.00,0.390,0.300,0.02,-0.05,0.2,-0.4,-2.4,0.2,20.08
2.140,-0.4137,2.3,-0.7902,-0.9,-0.5641,7.0613,1,0,0.00,0.00,0.390,0.280,-0.02,-0.07,-0.2,-0.6,-2.1,-0.3,20.06
2.160,-0.4146,2.5,-0.7910,-1.0,-0.5641,7.0613,2,0,0.00,0.00,0.390,0.290,-0.05,-0.08,-0.4,-0.7,-2.1,-0.3,20.07
2.180,-0.4151,2.4,-0.7914,-0.8,-0.5641,7.0613,1,0,0.00,0.00,0.390,0.290,-0.03,-0.06,-0.3,-0.5,-2.1,-0.3,20.07
2.200,-0.4153,2.5,-0.7916,-0.2,-0.5657,7.0681,3,0,0.00,0.00,0.400,0.290,-0.02,-0.04,-0.2,-0.3,-2.3,0.2,20.08
2.220,-0.4155,2.4,-0.7917,-0.1,-0.5657,7.0681,3,0,0.00,0.00,0.390,0.290,-0.02,-0.03,-0.1,-0.2,-2.3,0.2,20.07
2.240,-0.4155,2.3,-0.7918,0.3,-0.5653,7.0681,3,0,0.00,0.00,0.380,0.290,-0.01,0.01,-0.1,0.1,-2.2,0.2,20.07
2.260,-0.4156,2.3,-0.7918,0.5,-0.5653,7.0681,0,0,0.00,0.00,0.400,0.290,-0.01,0.04,-0.1,0.3,-2.2,0.2,20.07
2.280,-0.4156,2.2,-0.7918,0.1,-0.5653,7.0681,1,0,0.00,0.00,0.400,0.300,-0.01,-0.00,-0.0,-0.0,-2.2,0.2,20.09
2.300,-0.4156,2.2,-0.7919,-0.1,-0.5653,7.0681,2,0,0.00,0.00,0.400,0.290,-0.00,-0.04,-0.0,-0.3,-2.2,0.2,20.07
2.320,-0.4156,2.2,-0.7918,-0.3,-0.5653,7.0681,2,0,0.00,0.00,0.400,0.280,-0.00,-0.06,-0.0,-0.5,-2.2,0.2,20.08
2.340,-0.4156,1.2,-0.7918,-0.0,-0.5568,7.0628,2,0,0.00,0.00,0.390,0.270,-0.04,0.03,-0.3,0.2,-0.9,-0.2,20.07
2.360,-0.4156,1.4,-0.7918,0.4,-0.5568,7.0628,2,0,0.00,0.00,0.400,0.270,-0.06,0.09,-0.5,0.7,-0.9,-0.2,20.07
2.380,-0.4160,1.2,-0.7886,-0.3,-0.5568,7.0628,3,0,0.00,0.00,0.400,0.280,-0.04,-0.01,-0.3,-0.1,-0.9,-0.2,20.07
2.400,-0.4162,1.1,-0.7869,-0.8,-0.5568,7.0628,4,0,0.00,0.00,0.400,0.280,-0.03,-0.07,-0.2,-0.6,-0.9,-0.2,20.07
2.420,-0.4130,1.1,-0.7857,-1.2,-0.5568,7.0628,3,0,0.00,0.00,0.390,0.280,-0.02,-0.12,-0.2,-0.9,-0.9,-0.2,20.07
2.440,-0.4113,2.9,-0.7850,2.1,-0.5716,7.0955,2,0,0.00,0.00,0.390,0.280,0.02,-0.02,0.2,-0.1,-3.1,2.2,20.08
2.460,-0.4104,2.7,-0.7846,2.6,-0.5716,7.0955,5,0,0.00,0.00,0.380,0.300,0.05,0.06,0.4,0.5,-3.1,2.2,20.09
2.480,-0.4044,2.0,-0.7742,4.7,-0.5716,7.0955,7,0,0.00,0.00,0.040,0.290,0.13,0.31,1.1,2.5,-3.1,2.2,20.06
2.500,-0.4012,-6.9,-0.7686,14.7,-0.5154,7.2120,14,0,0.00,0.00,0.360,0.280,0.19,0.48,1.6,3.9,5.3,10.9,20.08
2.520,-0.3949,-7.2,-0.7457,15.7,-0.5154,7.2120,7,0,0.00,0.00,0.330,0.280,0.24,0.61,1.9,4.9,5.3,10.8,20.07
2.540,-0.3915,-7.2,-0.7333,18.4,-0.5171,7.2188,0,4,0.00,0.00,0.330,0.240,0.27,0.90,2.1,7.2,5.0,11.3,20.08
2.560,-0.3897,-7.3,-0.7267,20.0,-0.5171,7.2188,-1,2,0.00,0.00,0.340,0.220,0.29,1.10,2.3,8.8,5.0,11.2,20.08
2.580,-0.3761,-7.9,-0.6863,20.5,-0.5171,7.2188,0,3,0.00,0.00,0.330,0.200,0.37,1.17,3.0,9.4,5.0,11.2,20.09
2.600,-0.3687,-2.3,-0.6645,20.1,-0.5581,7.2087,1,3,0.00,0.00,0.320,0.170,0.43,1.22,3.4,9.8,-1.2,10.3,20.09
2.620,-0.3506,-2.6,-0.6320,20.4,-0.5581,7.2087,2,5,0.00,0.00,0.290,0.170,0.47,1.26,3.7,10.1,-1.2,10.3,20.07
2.640,-0.3409,-2.0,-0.6144,24.6,-0.5601,7.2736,3,6,0.00,0.00,0.280,0.150,0.43,1.18,3.4,9.5,-1.5,15.1,20.07
2.660,-0.3356,-1.8,-0.6049,24.1,-0.5601,7.2736,0,4,0.00,0.00,0.280,0.130,0.40,1.13,3.2,9.0,-1.4,15.0,20.08
2.680,-0.3255,-1.3,-0.5733,24.0,-0.5601,7.2736,0,6,0.00,0.00,0.280,0.090,0.35,1.13,2.8,9.0,-1.4,14.9,20.08
2.700,-0.3201,6.3,-0.5562,22.4,-0.6090,7.2543,9,6,0.00,0.00,0.190,0.070,0.31,1.12,2.5,9.0,-8.7,13.4,20.07
2.720,-0.3219,6.4,-0.5313,22.3,-0.6090,7.2543,26,7,0.00,0.00,0.200,0.070,0.28,1.12,2.3,9.0,-8.7,13.4,20.06
2.740,-0.3229,12.0,-0.5178,19.6,-0.6259,7.2511,38,7,0.00,0.00,0.050,0.040,-0.10,0.82,-0.8,6.6,-11.2,13.1,20.07
2.760,-0.3234,14.1,-0.5105,17.8,-0.6259,7.2511,20,6,0.00,0.00,0.130,0.010,-0.37,0.61,-3.0,4.9,-11.1,13.0,20.07
2.780,-0.3595,20.7,-0.5036,14.4,-0.6259,7.2511,16,5,0.00,0.00,0.160,0.020,-1.20,0.19,-9.6,1.5,-11.1,12.9,20.09
2.800,-0.3790,40.3,-0.4999,6.0,-0.7270,7.1703,9,5,0.00,0.00,0.100,0.000,-1.78,-0.10,-14.3,-0.8,-26.1,6.8,20.09
2.820,-0.4730,43.5,-0.5353,4.3,-0.7270,7.1703,2,6,0.00,2.86,0.260,0.010,-2.19,-0.31,-17.5,-2.5,-26.0,6.8,20.08
2.840,-0.5238,493.3,-0.5544,-15.9,-0.8831,7.0118,13,2,2.86,2.86,0.320,0.000,-3.14,-1.36,-25.1,-10.8,-49.1,-5.1,20.09
2.860,-0.5512,520.3,-0.5647,-21.8,-0.8831,7.0118,21,4,2.86,2.86,0.400,0.010,-3.81,-2.09,-30.5,-16.7,-48.9,-5.0,20.07
2.880,-0.6921,640.8,-0.6670,-32.6,-0.8831,7.0118,306,0,2.86,2.86,1.210,0.050,-4.82,-3.44,-38.5,-27.6,-48.6,-5.0,20.08
2.900,-0.7682,721.9,-0.7222,-55.8,-0.9827,6.8016,409,-1,5.71,2.86,0.610,0.090,-5.52,-4.39,-44.2,-35.1,-63.3,-20.7,20.07
2.920,-0.9383,861.7,-0.8816,-61.0,-0.9827,6.8016,483,-2,8.57,2.86,0.490,0.140,-6.01,-5.05,-48.1,-40.4,-62.9,-20.6,20.08
2.940,-1.0302,964.4,-0.9677,-93.7,-1.1636,6.4590,582,-16,11.43,0.00,0.700,0.190,-6.32,-5.96,-50.6,-47.6,-89.6,-46.0,20.08
2.960,-1.0798,1005.4,-1.0142,-504.2,-1.1636,6.4590,724,-15,17.14,0.00,1.410,0.190,-6.54,-6.59,-52.3,-52.7,-89.2,-45.8,20.09
2.980,-1.2053,1134.9,-1.2145,-624.5,-1.4509,6.0434,860,-37,20.00,0.00,2.210,0.180,-4.88,-7.77,-39.1,-62.1,-131.6,-76.6,20.08
3.000,-1.2730,1179.1,-1.3227,-674.0,-1.4509,6.0434,917,-367,25.71,-2.86,1.910,0.580,-3.72,-8.59,-29.8,-68.7,-130.9,-76.2,20.09
3.020,-1.2701,1169.6,-1.6073,-792.1,-1.4509,6.0434,1042,-511,31.43,-2.86,1.500,0.250,-2.91,-9.17,-23.2,-73.4,-130.3,-75.8,20.09
3.040,-1.2685,1190.0,-1.7611,-889.1,-1.7228,5.6310,1131,-579,37.14,-8.57,1.830,0.040,-0.62,-9.81,-5.0,-78.5,-170.2,-106.2,20.09
3.060,-1.2677,1175.7,-1.8441,-925.4,-1.7228,5.6310,1166,-740,48.57,-14.29,1.340,0.430,0.97,-10.26,7.8,-82.1,-169.4,-105.7,20.07
3.080,-1.1119,1070.2,-2.1296,-1079.3,-1.9558,5.1214,1201,-815,51.43,-14.29,1.030,0.950,2.83,-10.54,22.6,-84.3,-203.3,-143.2,20.09
3.100,-1.0278,991.5,-2.2837,-1141.8,-1.9558,5.1214,1196,-901,60.00,-22.86,1.140,0.350,4.13,-10.73,33.0,-85.9,-202.3,-142.5,20.08
3.120,-0.8014,802.1,-2.5981,-1268.0,-1.9558,5.1214,1090,-1035,65.71,-28.57,0.480,0.200,5.04,-10.87,40.3,-87.0,-201.3,-141.8,20.09
3.140,-0.6792,732.7,-2.7678,-1370.9,-2.1658,4.6021,1034,-1111,71.43,-34.29,0.810,0.690,5.27,-10.50,42.2,-84.0,-231.6,-179.8,20.08
3.160,-0.6131,677.5,-2.8595,-1404.6,-2.1658,4.6021,837,-1213,77.14,-42.86,0.920,0.300,5.44,-10.23,43.5,-81.9,-230.4,-178.9,20.07
3.180,-0.4424,209.1,-3.0992,-1523.7,-2.2830,4.1872,764,-1318,80.00,-45.71,0.540,0.690,4.71,-9.38,37.7,-75.0,-246.8,-209.0,20.07
3.200,-0.3502,211.9,-3.2287,-1569.7,-2.2830,4.1872,652,-1375,85.71,-57.14,0.780,0.450,4.21,-8.78,33.6,-70.3,-245.6,-207.9,20.09
3.220,-0.2224,213.5,-3.4426,-1650.9,-2.2830,4.1872,275,-1510,85.71,-65.71,1.070,0.370,3.85,-8.36,30.8,-66.9,-244.3,-206.9,20.08
3.240,-0.1534,221.8,-3.5582,-1718.2,-2.3044,3.8120,260,-1543,85.71,-71.43,1.380,0.670,3.06,-7.63,24.5,-61.1,-246.3,-233.9,20.09
3.260,-0.1162,225.0,-3.6206,-1737.9,-2.3044,3.8120,215,-1640,88.57,-85.71,1.570,0.540,2.51,-7.12,20.1,-57.0,-245.1,-232.7,20.09
3.280,-0.0606,228.8,-3.7671,-1819.8,-2.2999,3.3925,217,-1697,88.57,-91.43,1.820,0.680,1.79,-6.26,14.3,-50.1,-243.2,-262.8,20.09
3.300,-0.0305,231.6,-3.8462,-1845.3,-2.2999,3.3925,200,-1707,91.43,-105.71,1.940,0.920,1.29,-5.66,10.3,-45.3,-242.0,-261.5,20.09
3.320,0.0181,233.3,-3.9762,-1892.6,-2.2999,3.3925,213,-1800,91.43,-111.43,1.870,0.530,0.94,-5.24,7.5,-41.9,-240.8,-260.2,20.07
3.340,0.0444,220.0,-4.0464,-1951.1,-2.2471,2.9354,213,-1821,94.29,-122.86,1.860,0.860,1.46,-4.94,11.7,-39.5,-231.7,-293.0,20.07
3.360,0.0586,215.9,-4.0844,-1963.2,-2.2471,2.9354,240,-1857,94.29,-137.14,1.640,0.550,1.83,-4.73,14.6,-37.9,-230.5,-291.6,20.08
3.380,0.1461,193.3,-4.1805,-2023.9,-2.1553,2.5656,229,-1926,97.14,-142.86,1.350,0.470,2.79,-4.25,22.3,-34.0,-215.6,-317.7,20.21
3.400,0.1933,186.9,-4.2325,-2040.4,-2.1553,2.5656,221,-1936,97.14,-157.14,1.330,0.470,3.46,-3.92,27.7,-31.3,-214.6,-316.1,20.08
3.420,0.3491,182.0,-4.2951,-2062.0,-2.1553,2.5656,219,-1986,97.14,-165.71,1.190,0.320,3.94,-3.68,31.5,-29.5,-213.5,-314.5,20.06
3.440,0.4331,162.6,-4.3289,-2086.1,-2.0662,2.2486,211,-2036,100.00,-177.14,1.180,0.560,4.57,-2.24,36.5,-17.9,-199.1,-336.6,20.07
3.460,0.4785,158.1,-4.3472,-2083.7,-2.0662,2.2486,209,-2055,100.00,-194.29,1.230,0.590,5.01,-1.23,40.1,-9.9,-198.1,-334.9,20.08
3.480,0.6656,-396.0,-4.2717,-2049.7,-1.9773,1.9308,188,-2074,102.86,-200.00,1.220,0.600,5.92,1.99,47.4,15.9,-183.9,-357.0,20.07
3.500,0.7666,-482.8,-4.2309,-2013.6,-1.9773,1.9308,150,-2064,102.86,-217.14,1.520,1.030,6.56,4.25,52.5,34.0,-183.0,-355.2,20.08
3.520,1.0185,-688.9,-3.9127,-1871.9,-1.9773,1.9308,-243,-2025,102.86,-225.71,0.460,1.560,7.01,5.83,56.1,46.6,-182.0,-353.4,20.06
3.540,1.1545,-818.3,-3.7409,-1793.5,-1.8801,1.6078,-241,-2030,100.00,-237.14,0.010,0.790,7.66,9.82,61.3,78.6,-166.6,-375.7,20.08
3.560,1.2280,-881.5,-3.6481,-1732.2,-1.8801,1.6078,-476,-1898,97.14,-251.43,0.440,0.560,8.12,12.61,64.9,100.9,-165.8,-373.9,20.07
3.580,1.4570,-1072.9,-3.1346,-1520.1,-1.7764,1.3799,-620,-1818,94.29,-257.14,0.700,0.780,7.09,15.34,56.7,122.7,-149.5,-389.0,20.08
3.600,1.5807,-1166.8,-2.8574,-1392.0,-1.7764,1.3799,-753,-1760,88.57,-271.43,0.280,0.390,6.37,17.25,51.0,138.0,-148.7,-387.1,20.08
3.620,1.7283,-1281.6,-2.1946,-1114.2,-1.7764,1.3799,-981,-1524,85.71,-277.14,0.080,0.470,5.87,18.59,47.0,148.7,-148.0,-385.1,20.08
3.640,1.8080,-1361.4,-1.8367,-982.6,-1.5884,1.0999,-1098,-1415,80.00,-285.71,0.530,0.080,4.28,19.53,34.2,156.2,-119.2,-404.1,20.08
3.660,1.8510,-1387.5,-1.6434,-898.0,-1.5884,1.0999,-1215,-1182,68.57,-294.29,0.230,0.530,3.16,20.18,25.3,161.4,-118.6,-402.1,20.10
3.680,1.8504,-1400.6,-1.0404,-673.0,-1.3967,0.8350,-1293,-1074,65.71,-297.14,0.320,0.200,1.21,20.37,9.7,163.0,-89.4,-419.8,20.07
3.700,1.8500,-1389.8,-0.7148,-253.7,-1.3967,0.8350,-1347,-960,54.29,-305.71,0.400,0.370,-0.16,20.50,-1.3,164.0,-89.0,-417.7,20.09
3.720,1.7588,-1309.5,-0.0732,-250.9,-1.3967,0.8350,-1382,-689,48.57,-308.57,0.090,0.630,-1.12,20.60,-9.0,164.8,-88.5,-415.6,20.07
3.740,1.7095,-1286.3,0.2733,-271.9,-1.2171,0.6010,-1372,-301,42.86,-311.43,0.550,0.290,-2.50,19.89,-20.0,159.1,-61.3,-431.0,20.09
3.760,1.6828,-1257.6,0.4604,-273.7,-1.2171,0.6010,-1312,-292,31.43,-314.29,0.080,0.090,-3.46,19.40,-27.7,155.2,-61.0,-428.9,20.07
3.780,1.5330,-1074.5,0.9581,-253.2,-1.6010,1.0170,-1301,-295,28.57,-314.29,0.580,0.080,-4.23,17.81,-33.9,142.5,-117.9,-395.7,20.09
3.800,1.4520,-1006.0,1.2268,230.6,-1.6010,1.0170,-1272,-264,17.14,-317.14,0.180,0.030,-4.78,16.69,-38.2,133.6,-117.4,-393.7,20.07
3.820,1.2635,-852.8,1.6707,403.9,-1.6010,1.0170,-1074,-267,11.43,-317.14,0.360,0.210,-5.16,15.92,-41.3,127.3,-116.8,-391.7,20.08
3.840,1.1618,-793.9,1.9104,458.0,-1.4345,0.6488,-1015,114,5.71,-317.14,0.590,0.290,-5.52,13.89,-44.2,111.2,-91.3,-417.3,20.07
3.860,1.1068,-748.3,2.0398,500.6,-1.4345,0.6488,-869,250,0.00,-314.29,0.040,0.480,-5.78,12.48,-46.2,99.8,-90.9,-415.2,20.10
3.880,0.9391,-639.3,2.2798,546.2,-1.2719,0.2434,-810,289,-2.86,-314.29,0.290,0.770,-5.72,9.71,-45.8,77.7,-66.2,-443.3,20.08
3.900,0.8486,-567.5,2.4093,584.8,-1.2719,0.2434,-718,385,-8.57,-311.43,0.920,0.680,-5.69,7.77,-45.5,62.2,-65.8,-441.1,20.09
3.920,0.6616,-418.5,2.5231,621.6,-1.2719,0.2434,-620,503,-11.43,-308.57,1.050,0.410,-5.66,6.41,-45.3,51.3,-65.5,-438.9,20.07
3.940,0.5607,-339.3,2.5846,609.8,-1.2415,-0.0246,-561,554,-14.29,-305.71,0.850,0.020,-6.08,4.09,-48.6,32.7,-60.6,-456.7,20.09
3.960,0.5062,-293.7,2.6178,612.3,-1.2415,-0.0246,-416,590,-17.14,-300.00,0.820,0.060,-6.37,2.46,-50.9,19.7,-60.3,-454.4,20.08
3.980,0.2808,131.1,2.5826,565.6,-1.3097,-0.2764,-327,580,-17.14,-300.00,0.990,0.450,-7.61,0.44,-60.9,3.6,-70.2,-471.0,20.09
4.000,0.1592,137.7,2.5636,549.1,-1.3097,-0.2764,-295,610,-20.00,-294.29,1.380,0.630,-8.49,-0.96,-67.9,-7.7,-69.9,-468.6,20.07
4.020,-0.1731,142.3,2.4406,494.4,-1.3097,-0.2764,-5,569,-20.00,-291.43,0.870,0.400,-9.10,-1.95,-72.8,-15.6,-69.5,-466.3,20.08
4.040,-0.3525,174.7,2.3742,447.9,-1.4597,-0.4421,0,552,-20.00,-288.57,0.720,0.020,-10.40,-3.18,-83.2,-25.4,-91.5,-476.3,20.08
4.060,-0.4494,181.5,2.3383,429.1,-1.4597,-0.4421,0,507,-20.00,-285.71,0.320,0.040,-11.31,-4.04,-90.4,-32.3,-91.1,-473.9,20.08
4.080,-0.8089,874.5,2.1629,348.3,-1.7624,-0.4765,29,464,-20.00,-282.86,0.190,0.140,-11.44,-5.34,-91.5,-42.8,-135.8,-474.1,20.07
4.100,-1.0031,1029.8,2.0682,305.4,-1.7624,-0.4765,88,429,-20.00,-280.00,0.000,0.480,-11.53,-6.26,-92.3,-50.1,-135.1,-471.7,20.08
4.120,-1.3797,1331.0,1.8029,196.6,-1.7624,-0.4765,795,354,-17.14,-280.00,0.680,0.660,-11.60,-6.90,-92.8,-55.2,-134.5,-469.4,20.09
4.140,-1.5830,1554.7,1.6597,133.9,-2.1932,-0.4680,820,301,-11.43,-277.14,0.700,0.710,-11.27,-7.95,-90.2,-63.6,-198.1,-466.4,20.08
4.160,-1.6929,1639.8,1.5824,99.4,-2.1932,-0.4680,1112,256,-2.86,-274.29,0.590,0.320,-11.05,-8.69,-88.4,-69.5,-197.1,-464.1,20.07
4.180,-1.9827,1940.1,1.2756,-17.8,-2.7175,-0.2836,1348,179,0.00,-274.29,1.660,0.020,-9.95,-10.01,-79.6,-80.1,-274.4,-448.0,20.08
4.200,-2.1392,2057.8,1.1100,-89.2,-2.7175,-0.2836,1476,119,14.29,-274.29,1.780,0.070,-9.18,-10.93,-73.4,-87.5,-273.0,-445.8,20.06
4.220,-2.3463,2201.7,0.6896,-542.6,-2.7175,-0.2836,1759,14,20.00,-274.29,2.010,0.080,-6.63,-12.39,-53.0,-99.1,-271.6,-443.5,20.07
4.240,-2.4582,2367.8,0.4626,-535.2,-3.3355,-0.1050,1901,-16,31.43,-274.29,1.830,0.170,-4.84,-13.41,-38.7,-107.2,-362.5,-428.0,20.09
4.260,-2.5186,2404.3,0.3400,-538.8,-3.3355,-0.1050,2106,-342,48.57,-277.14,1.820,0.470,-3.59,-14.12,-28.7,-112.9,-360.7,-425.8,20.08
4.280,-2.5163,2485.7,-0.1054,-531.1,-4.0510,0.0299,2279,-394,54.29,-277.14,2.010,0.180,-0.87,-14.68,-6.9,-117.5,-465.7,-413.6,20.08
4.300,-2.5150,2467.1,-0.3459,-532.2,-4.0510,0.0299,2340,-431,74.29,-282.86,1.870,0.070,1.04,-15.08,8.3,-120.6,-463.3,-411.6,20.07
4.320,-2.3317,2287.0,-0.7775,-498.5,-4.0510,0.0299,2398,-414,85.71,-282.86,1.590,0.420,4.92,-11.13,39.4,-89.0,-461.0,-409.5,20.15
4.340,-2.2328,2281.1,-1.0105,-868.3,-4.7028,0.1664,2459,-456,97.14,-285.71,1.800,0.800,7.64,-8.36,61.1,-66.9,-556.0,-397.3,20.08
4.360,-2.1793,2220.3,-1.1363,-901.2,-4.7028,0.1664,2307,-502,114.29,-288.57,1.440,1.000,9.55,-6.42,76.4,-51.4,-553.2,-395.3,20.07
4.380,-1.7813,1989.2,-1.1122,-828.0,-5.4320,0.3169,2302,-900,122.86,-291.43,1.440,1.220,11.89,-0.13,95.1,-1.0,-659.3,-382.1,20.09
4.400,-1.5663,1800.9,-1.0992,-785.7,-5.4320,0.3169,2260,-883,140.00,-300.00,1.580,0.110,13.52,4.27,108.2,34.2,-656.0,-380.2,20.07
4.420,-1.0590,1389.8,-0.7408,-313.8,-5.4320,0.3169,2049,-818,148.57,-302.86,1.340,0.320,13.76,8.06,110.1,64.5,-652.7,-378.3,20.07
4.440,-0.7850,1254.5,-0.5473,-280.9,-6.0250,0.4479,1879,-769,160.00,-308.57,1.470,0.740,13.93,10.71,111.5,85.7,-738.0,-366.6,20.07
4.460,-0.6371,1131.5,-0.4428,-264.2,-6.0250,0.4479,1460,-368,171.43,-311.43,1.150,0.440,14.05,12.57,112.4,100.5,-734.3,-364.8,20.08
4.480,-0.2637,713.0,-0.0065,-237.2,-6.5712,0.6460,1316,-342,174.29,-311.43,1.710,0.220,12.39,13.87,99.1,110.9,-812.1,-348.2,20.09
4.500,-0.0621,718.3,0.2291,-228.2,-6.5712,0.6460,1174,-273,182.86,-314.29,1.470,0.010,11.22,14.78,89.8,118.2,-808.1,-346.4,20.07
4.520,0.2142,731.8,0.7317,-223.8,-6.5712,0.6460,829,-279,188.57,-314.29,1.330,0.040,9.03,15.11,72.2,120.9,-804.0,-344.7,20.09
4.540,0.3635,807.0,1.0032,195.3,-7.0202,0.8371,774,-217,191.43,-317.14,2.030,0.020,7.50,15.34,60.0,122.8,-867.0,-328.7,20.07
4.560,0.4440,811.3,1.1497,256.9,-7.0202,0.8371,756,-241,197.14,-317.14,2.080,0.200,6.42,15.51,51.4,124.1,-862.7,-327.1,20.09
4.580,0.5418,442.2,1.5752,441.5,-7.3678,1.0607,826,60,200.00,-317.14,1.730,0.310,4.33,15.02,34.6,120.1,-910.2,-308.7,20.07
4.600,0.5946,407.1,1.8049,532.2,-7.3678,1.0607,791,144,205.71,-317.14,2.030,0.220,2.86,14.68,22.9,117.4,-905.7,-307.2,20.07
4.620,0.5907,421.2,2.2103,686.7,-7.3678,1.0607,489,325,208.57,-314.29,2.430,0.600,0.93,13.53,7.4,108.2,-901.2,-305.7,20.08
4.640,0.5886,469.4,2.4293,782.9,-7.6373,1.2418,453,425,211.43,-314.29,2.470,0.760,-0.42,12.73,-3.4,101.8,-936.9,-290.6,20.08
4.660,0.5875,473.2,2.5475,827.2,-7.6373,1.2418,428,600,214.29,-308.57,2.300,0.520,-1.37,12.17,-11.0,97.3,-932.2,-289.2,20.07
4.680,0.4935,973.8,2.8339,942.0,-7.8149,1.3837,507,711,214.29,-305.71,1.940,0.110,-2.47,10.70,-19.8,85.6,-954.0,-277.1,20.07
4.700,0.4428,975.2,2.9885,997.0,-7.8149,1.3837,479,765,220.00,-300.00,1.950,0.150,-3.24,9.67,-25.9,77.4,-949.3,-275.7,20.07
4.720,0.2838,978.2,3.2027,1068.1,-7.8149,1.3837,910,906,222.86,-297.14,2.480,0.740,-4.22,7.68,-33.7,61.4,-944.5,-274.4,20.09
4.740,0.1980,998.5,3.3183,1118.6,-7.9456,1.5722,911,956,228.57,-291.43,2.750,0.410,-4.90,6.28,-39.2,50.2,-959.3,-258.9,20.07
4.760,0.1517,997.5,3.3808,1137.1,-7.9456,1.5722,938,1024,234.29,-282.86,2.110,0.140,-5.38,5.30,-43.0,42.4,-954.5,-257.6,20.07
4.780,-0.0301,1006.4,3.4549,1171.6,-8.0230,1.8055,962,1093,240.00,-280.00,2.230,0.670,-5.64,3.58,-45.1,28.6,-961.3,-238.9,20.07
4.800,-0.1283,1003.1,3.4949,1179.2,-8.0230,1.8055,966,1115,245.71,-271.43,2.720,0.330,-5.83,2.37,-46.6,19.0,-956.5,-237.7,20.07
4.820,-0.3351,998.3,3.4763,1156.2,-8.0230,1.8055,1000,1150,251.43,-265.71,2.350,0.390,-5.83,0.28,-46.6,2.3,-951.7,-236.6,20.09
4.840,-0.4467,999.6,3.4662,1159.5,-8.0637,2.0438,997,1135,257.14,-257.14,2.350,0.710,-5.82,-1.18,-46.6,-9.4,-953.0,-217.6,20.08
4.860,-0.5070,1400.5,3.4608,1150.2,-8.0637,2.0438,968,1140,262.86,-251.43,2.800,0.140,-5.82,-2.20,-46.6,-17.6,-948.3,-216.5,20.07
4.880,-0.6656,1515.9,3.3172,1091.0,-8.0565,2.2151,962,1159,265.71,-245.71,2.520,0.640,-5.12,-4.16,-40.9,-33.3,-942.4,-202.6,20.09
4.900,-0.7513,1575.7,3.2396,1050.0,-8.0565,2.2151,1340,1144,277.14,-237.14,2.970,0.600,-4.62,-5.53,-37.0,-44.2,-937.7,-201.6,20.07
4.920,-0.8485,1634.7,2.9652,925.2,-8.0565,2.2151,1437,1081,285.71,-231.43,2.780,0.210,-2.87,-7.53,-22.9,-60.2,-933.0,-200.6,20.08
4.940,-0.9009,1651.7,2.8170,869.2,-7.9861,2.3956,1508,1030,294.29,-225.71,2.820,0.880,-1.64,-8.93,-13.1,-71.4,-917.9,-186.1,20.09
4.960,-0.8743,1618.9,2.4226,704.5,-7.9861,2.3956,1582,944,305.71,-220.00,2.810,0.520,-0.78,-9.91,-6.2,-79.3,-913.3,-185.2,20.07
4.980,-0.8598,1564.0,2.2096,612.0,-7.8287,2.4767,1603,875,311.43,-217.14,3.030,0.350,1.13,-11.70,9.1,-93.6,-885.2,-178.2,20.09
5.000,-0.8521,1542.7,2.0946,556.8,-7.8287,2.4767,1589,742,322.86,-211.43,2.960,0.620,2.47,-12.96,19.8,-103.7,-880.8,-177.3,20.07
5.020,-0.6931,1393.1,1.6421,363.2,-7.8287,2.4767,1541,627,328.57,-208.57,3.250,0.860,4.72,-14.65,37.8,-117.2,-876.4,-176.5,20.08
5.040,-0.6073,1263.1,1.3978,263.6,-7.5314,2.5665,1538,615,337.14,-205.71,3.060,0.300,6.29,-15.82,50.3,-126.6,-827.6,-168.9,20.07
5.060,-0.3092,764.4,0.8184,-301.2,-7.5314,2.5665,1401,404,348.57,-202.86,3.280,0.120,7.39,-16.65,59.1,-133.2,-823.5,-168.0,20.08
5.080,-0.1483,868.8,0.5056,-316.2,-8.3487,2.4675,1297,268,354.29,-200.00,3.080,0.040,9.07,-17.70,72.5,-141.6,-941.4,-174.6,20.06
5.100,-0.0614,854.7,0.3367,-321.2,-8.3487,2.4675,881,-105,360.00,-202.86,2.470,0.320,10.24,-18.43,81.9,-147.5,-936.7,-173.7,20.08
5.120,0.2823,845.1,-0.2292,-323.1,-8.3487,2.4675,945,-158,365.71,-202.86,2.860,0.650,10.86,-18.78,86.9,-150.2,-932.0,-172.8,20.08
5.140,0.4679,779.6,-0.5348,-313.2,-7.9643,2.6135,927,-183,368.57,-202.86,2.260,0.730,11.30,-19.02,90.4,-152.2,-869.9,-161.1,20.09
5.160,0.8247,113.0,-1.1304,-765.9,-7.9643,2.6135,883,-263,377.14,-205.71,2.060,0.710,11.60,-19.19,92.8,-153.5,-865.6,-160.3,20.08
5.180,1.0173,-103.9,-1.4520,-874.8,-7.5404,2.7475,818,-241,380.00,-205.71,2.510,0.570,11.01,-18.06,88.1,-144.5,-798.0,-149.5,20.09
5.200,1.1213,-187.8,-1.6257,-937.2,-7.5404,2.7475,242,-636,380.00,-211.43,2.070,0.360,10.59,-17.28,84.7,-138.2,-794.0,-148.7,20.08
5.220,1.3758,-383.1,-2.0369,-1077.2,-7.5404,2.7475,66,-736,380.00,-214.29,1.470,0.520,9.06,-14.31,72.5,-114.5,-790.0,-148.0,20.09
5.240,1.5133,-553.0,-2.2590,-1134.7,-7.1076,2.9347,-46,-843,380.00,-220.00,1.400,0.980,7.99,-12.23,63.9,-97.9,-721.5,-133.3,20.08
5.260,1.7232,-718.6,-2.4349,-1192.8,-7.1076,2.9347,-263,-970,380.00,-225.71,1.210,1.260,7.24,-10.78,57.9,-86.2,-717.9,-132.6,20.09
5.280,1.8366,-884.8,-2.5299,-1160.5,-6.6407,3.0717,-448,-1066,377.14,-231.43,0.560,0.660,7.52,-3.35,60.1,-26.8,-644.6,-121.7,20.07
5.300,1.8979,-938.6,-2.5812,-1138.8,-6.6407,3.0717,-652,-1181,371.43,-240.00,0.140,1.060,7.71,1.85,61.7,14.8,-641.4,-121.1,20.09
5.320,2.1302,-1129.4,-2.1500,-903.5,-6.6407,3.0717,-751,-1179,368.57,-242.86,0.010,0.370,7.92,9.62,63.3,77.0,-638.2,-120.5,20.07
5.340,2.2557,-1303.8,-1.9171,-756.0,-6.1736,3.2084,-878,-1159,362.86,-251.43,0.720,0.300,8.06,15.06,64.5,120.5,-565.3,-109.7,20.09
5.360,2.5020,-1504.4,-1.1670,-425.0,-6.1736,3.2084,-1047,-907,357.14,-257.14,0.830,0.690,8.16,18.87,65.3,151.0,-562.4,-109.1,20.07
5.380,2.6350,-1684.5,-0.7619,76.1,-5.6680,3.3888,-1252,-802,351.43,-260.00,0.250,0.110,7.59,21.40,60.7,171.2,-484.2,-95.1,20.07
5.400,2.7068,-1741.2,-0.5432,90.7,-5.6680,3.3888,-1385,-502,340.00,-265.71,0.530,0.110,7.19,23.17,57.6,185.4,-481.7,-94.7,20.07
5.420,2.8719,-1864.4,0.1866,97.6,-5.6680,3.3888,-1523,-191,337.14,-265.71,0.270,0.480,5.77,23.97,46.2,191.8,-479.3,-94.2,20.09
5.440,2.9611,-1998.4,0.5808,113.6,-5.2108,3.5362,-1599,-16,325.71,-265.71,0.240,0.050,4.78,24.54,38.2,196.3,-408.7,-82.7,20.04
5.460,3.0432,-2060.6,1.3726,666.2,-5.2108,3.5362,-1781,9,311.43,-265.71,0.020,0.020,4.09,24.93,32.7,199.5,-406.7,-82.3,20.07
5.480,3.0876,-2155.1,1.8002,840.6,-4.7472,3.6257,-1893,25,305.71,-265.71,0.120,0.090,2.56,24.47,20.5,195.7,-335.4,-75.2,20.07
5.500,3.1115,-2167.4,2.0311,930.7,-4.7472,3.6257,-2003,446,288.57,-260.00,0.000,0.730,1.49,24.14,11.9,193.2,-333.8,-74.8,20.08
5.520,3.0635,-2115.0,2.6657,1173.7,-4.7472,3.6257,-2054,616,282.86,-260.00,0.410,1.240,-0.47,22.74,-3.8,181.9,-332.1,-74.5,20.08
5.540,3.0376,-2146.5,3.0084,1310.1,-4.3348,3.7167,-2109,802,268.57,-254.29,0.020,0.140,-1.84,21.76,-14.7,174.1,-268.9,-67.3,20.09
5.560,2.8862,-2019.0,3.6051,1543.7,-4.3348,3.7167,-2084,1052,254.29,-245.71,0.000,0.500,-2.80,21.07,-22.4,168.6,-267.5,-67.0,20.07
5.580,2.8044,-2004.8,3.9274,1660.2,-3.9249,3.7635,-2095,1221,245.71,-242.86,0.460,1.020,-4.21,19.05,-33.7,152.4,-205.0,-63.1,20.08
5.600,2.7602,-1962.6,4.1014,1718.8,-3.9249,3.7635,-2010,1438,228.57,-228.57,0.180,0.620,-5.19,17.63,-41.6,141.1,-204.0,-62.8,20.08
5.620,2.5409,-1777.6,4.4814,1845.4,-3.9249,3.7635,-2021,1521,222.86,-225.71,0.180,1.560,-6.52,14.42,-52.2,115.4,-203.0,-62.5,20.09
5.640,2.4225,-1730.5,4.6866,1920.4,-3.5626,3.9049,-1941,1640,211.43,-214.29,0.240,1.060,-7.45,12.18,-59.6,97.4,-147.9,-51.6,20.07
5.660,2.1069,-1473.5,4.8770,1984.3,-3.5626,3.9049,-1793,1789,197.14,-202.86,0.050,1.240,-8.10,10.61,-64.8,84.8,-147.1,-51.4,20.08
5.680,1.9365,-1364.1,4.9798,1985.8,-3.2979,3.9503,-1754,1871,191.43,-194.29,0.020,1.080,-9.77,5.21,-78.2,41.7,-106.9,-47.7,20.07
5.700,1.8444,-1281.7,5.0353,1978.1,-3.2979,3.9503,-1490,1952,177.14,-177.14,0.170,0.810,-10.93,1.43,-87.5,11.4,-106.4,-47.5,20.07
5.720,1.4424,-947.1,4.7549,1802.8,-3.2979,3.9503,-1459,1955,174.29,-174.29,0.180,0.950,-12.62,-6.49,-101.0,-51.9,-105.8,-47.3,20.12
5.740,1.2253,-797.6,4.6035,1701.3,-3.0762,3.9918,-1321,2000,165.71,-160.00,0.100,0.460,-13.80,-12.03,-110.4,-96.2,-72.2,-43.9,20.09
5.760,0.7120,-380.7,3.8993,1388.8,-3.0762,3.9918,-993,1819,160.00,-148.57,0.150,0.280,-14.63,-15.90,-117.1,-127.2,-71.9,-43.7,20.08
5.780,0.4348,173.9,3.5190,1205.5,-2.9490,4.0388,-867,1721,154.29,-140.00,0.290,0.610,-15.18,-20.26,-121.4,-162.1,-52.5,-40.0,20.09
5.800,0.2851,176.7,3.3136,1099.1,-2.9490,4.0388,-479,1454,151.43,-128.57,0.130,0.240,-15.56,-23.32,-124.5,-186.5,-52.3,-39.8,20.08
5.820,-0.1637,172.7,2.4765,740.4,-2.9490,4.0388,-96,1337,151.43,-125.71,0.410,0.520,-15.09,-26.33,-120.7,-210.6,-52.0,-39.6,20.07
5.840,-0.4060,165.0,2.0244,546.2,-2.9170,4.0826,13,1166,151.43,-117.14,0.030,0.480,-14.76,-28.43,-118.1,-227.5,-46.9,-36.1,20.09
5.860,-0.8337,829.9,1.0003,124.9,-2.9170,4.0826,42,831,151.43,-111.43,0.160,0.140,-14.53,-29.91,-116.2,-239.3,-46.7,-35.9,20.07
5.880,-1.0647,997.6,0.4473,-281.8,-2.8810,4.1344,84,665,151.43,-108.57,0.200,0.410,-13.09,-31.24,-104.7,-249.9,-41.1,-31.9,20.09
5.900,-1.1894,1089.1,0.1486,-289.1,-2.8810,4.1344,636,232,157.14,-108.57,1.120,0.710,-12.08,-32.18,-96.7,-257.4,-40.9,-31.7,20.08
5.920,-1.4647,1293.0,-0.8060,-294.8,-2.8810,4.1344,822,26,160.00,-108.57,1.560,0.070,-10.07,-32.90,-80.6,-263.2,-40.7,-31.6,20.09
5.940,-1.6133,1401.1,-1.3215,-824.1,-2.8853,4.1762,948,-88,165.71,-108.57,1.100,0.040,-8.66,-33.40,-69.3,-267.2,-41.1,-28.3,20.07
5.960,-1.7854,1530.6,-2.3842,-1251.9,-2.8853,4.1762,1166,-170,174.29,-108.57,1.500,0.200,-7.67,-33.75,-61.4,-270.0,-40.9,-28.2,20.09
5.980,-1.8783,1560.4,-2.9581,-1485.0,-2.7148,4.0379,1279,-743,180.00,-111.43,1.620,0.540,-5.30,-32.93,-42.4,-263.4,-15.3,-38.3,20.07
6.000,-1.9285,1587.2,-3.2681,-1604.2,-2.7148,4.0379,1440,-975,191.43,-120.00,1.560,1.170,-3.65,-32.35,-29.2,-258.8,-15.2,-38.1,20.07
6.020,-1.8578,1481.8,-4.0414,-1842.6,-2.7148,4.0379,1476,-1286,194.29,-122.86,1.930,1.590,2.45,-23.52,19.6,-188.1,-15.1,-38.0,20.09
6.040,-1.8196,1424.7,-4.4589,-1956.8,-2.7664,4.0811,1545,-1416,205.71,-134.29,1.390,1.280,6.72,-17.33,53.7,-138.7,-22.7,-34.5,20.09
6.060,-1.2698,960.9,-4.3735,-1887.8,-2.7664,4.0811,1525,-1751,217.14,-145.71,1.380,1.120,9.70,-13.01,77.6,-104.1,-22.6,-34.4,20.07
6.080,-0.9730,681.4,-4.3273,-1742.7,-2.8533,4.1304,1484,-1956,222.86,-154.29,0.610,0.790,16.56,2.34,132.5,18.7,-35.5,-30.5,20.09
6.100,-0.8127,514.5,-4.3024,-1646.6,-2.8533,4.1304,1057,-1873,231.43,-168.57,0.710,0.380,21.36,13.09,170.9,104.7,-35.3,-30.4,20.07
6.120,-0.0071,-151.1,-3.3916,-1213.9,-2.8533,4.1304,913,-1826,234.29,-174.29,0.090,0.340,23.28,21.62,186.2,172.9,-35.1,-30.2,20.09
6.140,0.4279,-157.9,-2.8998,-970.1,-2.8807,4.1198,598,-1688,237.14,-185.71,0.350,0.240,24.62,27.59,197.0,220.7,-39.1,-30.8,20.08
6.160,1.2734,-1184.4,-1.6780,-447.8,-2.8807,4.1198,43,-1299,237.14,-194.29,0.350,0.360,25.56,31.77,204.5,254.1,-38.9,-30.7,20.10
6.180,1.7300,-1537.3,-1.0181,-159.0,-2.9138,4.1330,-6,-998,237.14,-197.14,0.180,0.050,24.61,34.72,196.9,277.8,-43.6,-29.6,20.07
6.200,1.9766,-1729.4,-0.6618,265.0,-2.9138,4.1330,-811,-592,231.43,-202.86,0.590,0.500,23.94,36.80,191.5,294.4,-43.4,-29.4,20.07
6.220,2.5732,-2186.3,0.4815,274.3,-2.9138,4.1330,-1246,-340,225.71,-202.86,0.910,0.250,21.36,37.94,170.9,303.6,-43.2,-29.3,20.08
6.240,2.8954,-2439.3,1.0988,720.2,-2.8503,4.1310,-1473,32,217.14,-202.86,0.100,0.150,19.55,38.75,156.4,310.0,-33.5,-29.3,20.08
6.260,3.3669,-2806.5,2.3314,1217.9,-2.8503,4.1310,-1960,118,202.86,-202.86,0.320,0.200,18.28,39.31,146.3,314.5,-33.3,-29.1,20.07
6.280,3.6215,-2999.8,2.9970,1476.8,-2.7454,4.1832,-2300,561,194.29,-200.00,0.570,0.470,15.01,37.89,120.1,303.1,-17.5,-25.1,20.08
6.300,3.7590,-3091.6,3.3564,1612.8,-2.7454,4.1832,-2559,946,171.43,-191.43,0.330,1.260,12.73,36.90,101.8,295.2,-17.4,-25.0,20.08
6.320,3.8948,-3145.3,4.1675,1858.2,-2.7454,4.1832,-2782,1273,165.71,-188.57,1.200,1.630,5.85,27.00,46.8,216.0,-17.3,-24.8,20.07
6.340,3.9681,-3194.8,4.6055,1980.8,-2.5494,4.2192,-2885,1434,145.71,-180.00,1.390,0.880,1.04,20.08,8.3,160.6,12.0,-22.0,20.07
6.360,3.6093,-2880.8,4.6495,1959.7,-2.5494,4.2192,-3012,1718,122.86,-165.71,1.640,0.970,-2.33,15.23,-18.6,121.8,12.0,-21.9,20.09
6.380,3.4156,-2700.4,4.6733,1862.1,-2.2549,4.2177,-3077,1920,111.43,-160.00,1.750,0.900,-10.99,1.83,-88.0,14.6,55.9,-21.9,20.08
6.400,3.3109,-2567.8,4.6862,1792.3,-2.2549,4.2177,-2850,1941,88.57,-142.86,1.520,0.580,-17.06,-7.55,-136.5,-60.4,55.6,-21.8,20.07
6.420,2.4530,-1826.5,3.9280,1415.7,-2.2549,4.2177,-2703,1881,80.00,-137.14,1.050,0.560,-23.90,-16.73,-191.2,-133.9,55.3,-21.7,20.07
6.440,1.9897,-1466.3,3.5186,1204.0,-1.9268,4.2638,-2621,1814,65.71,-128.57,1.310,0.400,-28.68,-23.16,-229.4,-185.3,104.0,-18.1,20.07
6.460,0.7757,-467.8,2.4111,725.1,-1.9268,4.2638,-2119,1482,48.57,-117.14,0.360,0.440,-32.03,-27.66,-256.2,-221.3,103.5,-18.1,20.07
6.480,0.1202,125.2,1.8131,455.6,-1.6116,4.2701,-1664,1246,42.86,-111.43,0.180,0.220,-34.40,-31.51,-275.2,-252.1,150.0,-17.5,20.07
6.500,-0.2338,139.3,1.4901,304.9,-1.6116,4.2701,-972,838,34.29,-105.71,0.050,0.730,-36.07,-34.21,-288.5,-273.7,149.2,-17.4,20.08
6.520,-1.3167,1178.0,0.3789,-311.8,-1.6116,4.2701,-224,640,34.29,-102.86,1.850,0.040,-34.14,-36.81,-273.2,-294.5,148.5,-17.3,20.09
6.540,-1.9015,1590.5,-0.2212,-322.7,-1.3079,4.3171,-184,400,34.29,-100.00,0.870,0.060,-32.80,-38.62,-262.4,-309.0,193.1,-13.7,20.08
6.560,-2.8302,2326.9,-1.5270,-943.6,-1.3079,4.3171,784,-42,40.00,-100.00,2.470,0.480,-31.85,-39.89,-254.8,-319.2,192.1,-13.7,20.07
6.580,-3.3318,2669.5,-2.2321,-1226.9,-1.1563,4.3696,1232,-86,45.71,-100.00,2.090,0.820,-27.23,-40.55,-217.9,-324.4,213.8,-9.7,20.07
6.600,-3.6026,2861.4,-2.6129,-1382.8,-1.1563,4.3696,2024,-623,60.00,-105.71,2.410,1.460,-24.00,-41.01,-192.0,-328.1,212.7,-9.6,20.08
6.620,-3.9364,3036.1,-3.6435,-1701.4,-1.1563,4.3696,2423,-988,68.57,-108.57,2.370,1.580,-12.33,-29.31,-98.7,-234.5,211.7,-9.6,20.06
6.640,-4.1166,3108.6,-4.2000,-1858.6,-1.1068,4.3676,2613,-1179,85.71,-117.14,2.200,1.700,-4.17,-21.12,-33.3,-169.0,218.0,-9.7,20.07
6.660,-3.6150,2662.8,-4.1488,-1792.3,-1.1068,4.3676,2884,-1613,105.71,-128.57,2.340,1.210,1.55,-15.39,12.4,-123.1,216.9,-9.6,20.07
6.680,-3.3442,2358.9,-4.1212,-1646.2,-1.1813,4.4357,2978,-1845,117.14,-137.14,2.070,0.840,13.97,0.84,111.8,6.7,204.7,-4.5,20.08
6.700,-3.1980,2173.3,-4.1063,-1549.3,-1.1813,4.4357,2746,-1766,140.00,-151.43,1.670,0.310,22.67,12.21,181.4,97.7,203.7,-4.5,20.07
6.720,-2.0646,1206.3,-3.2279,-1132.7,-1.1813,4.4357,2461,-1678,145.71,-154.29,0.780,0.490,30.34,20.36,242.7,162.9,202.6,-4.4,20.07
6.740,-1.4526,715.5,-2.7535,-891.6,-1.4539,4.5122,2287,-1557,162.86,-165.71,0.940,0.190,35.71,26.07,285.7,208.6,160.9,1.3,20.06
6.760,-0.0026,-475.9,-1.6212,-406.7,-1.4539,4.5122,1445,-1198,171.43,-174.29,0.280,0.500,39.47,30.07,315.7,240.5,160.1,1.3,20.05
6.780,0.7804,-1081.0,-1.0097,-136.5,-1.6879,4.6346,878,-962,174.29,-177.14,0.570,0.260,41.52,32.13,332.2,257.0,124.4,10.4,20.08
6.800,1.2033,-1430.1,-0.6795,278.9,-1.6879,4.6346,84,-548,177.14,-182.86,0.640,0.140,42.97,33.57,343.7,268.5,123.8,10.3,20.07
6.820,2.4393,-2401.7,0.3504,286.4,-1.6879,4.6346,-493,-356,174.29,-182.86,1.910,0.010,40.89,34.51,327.1,276.1,123.2,10.3,20.07
6.840,3.1067,-2902.2,0.9065,301.3,-1.8300,4.7650,-959,39,168.57,-182.86,1.590,0.010,39.43,35.17,315.4,281.3,101.4,20.0,20.06
6.860,4.1342,-3715.5,2.0585,1128.3,-1.8300,4.7650,-1965,85,154.29,-182.86,2.500,0.230,38.41,35.63,307.3,285.0,100.8,19.9,20.08
6.880,4.6890,-4108.3,2.6806,1383.6,-1.7415,4.9802,-2522,105,142.86,-180.00,2.540,0.730,30.45,34.44,243.6,275.5,113.6,35.8,20.09
6.900,4.9886,-4302.9,3.0165,1511.1,-1.7415,4.9802,-3343,825,117.14,-174.29,2.930,1.440,24.87,33.61,199.0,268.9,113.0,35.7,20.09
6.920,5.1977,-4363.4,3.7100,1712.0,-1.7415,4.9802,-3860,1229,105.71,-168.57,3.110,1.080,11.60,24.06,92.8,192.5,112.4,35.5,20.08
6.940,5.3106,-4419.9,4.0844,1823.7,-1.4665,5.1891,-4015,1348,80.00,-162.86,2.630,0.800,2.31,17.38,18.5,139.1,152.9,50.9,20.09
6.960,4.7237,-3897.6,4.1313,1804.8,-1.4665,5.1891,-4240,1608,48.57,-148.57,2.490,0.830,-4.19,12.70,-33.5,101.6,152.1,50.6,20.07
6.980,4.4068,-3623.1,4.1566,1743.0,-0.9567,5.3326,-4323,1777,31.43,-142.86,2.510,0.880,-16.23,2.41,-129.8,19.3,227.5,61.1,20.09
7.000,4.2357,-3417.7,4.1702,1690.6,-0.9567,5.3326,-3955,1790,0.00,-128.57,1.790,0.510,-24.65,-4.79,-197.2,-38.3,226.3,60.8,20.07
7.020,3.0203,-2375.8,3.6282,1421.0,-0.9567,5.3326,-3719,1746,-11.43,-122.86,1.060,0.790,-33.20,-11.34,-265.6,-90.7,225.2,60.5,20.09
7.040,2.3639,-1884.6,3.3355,1281.7,-0.4017,5.5299,-3552,1687,-34.29,-111.43,0.810,0.450,-39.19,-15.93,-313.5,-127.4,306.9,74.9,20.06
7.060,0.7871,-588.0,2.5489,940.9,-0.4017,5.5299,-2675,1482,-54.29,-100.00,0.280,0.820,-43.38,-19.14,-347.0,-153.1,305.4,74.5,20.08
7.080,-0.0644,-15.9,2.1241,760.0,0.0973,5.7040,-2153,1287,-62.86,-97.14,0.090,0.290,-45.30,-22.09,-362.4,-176.8,378.3,87.1,20.08
7.100,-0.5242,416.1,1.8947,651.3,0.0973,5.7040,-1196,1004,-71.43,-88.57,0.000,0.730,-46.65,-24.16,-373.2,-193.3,376.4,86.7,20.08
7.120,-1.8701,1475.7,1.1069,317.5,0.0973,5.7040,-495,892,-71.43,-85.71,1.710,0.240,-44.27,-26.45,-354.2,-211.6,374.5,86.3,20.07
7.140,-2.5968,1989.5,0.6815,-120.2,0.4737,5.9492,-34,719,-71.43,-82.86,0.950,0.020,-42.61,-28.05,-340.9,-224.4,428.9,104.1,20.08
7.160,-3.7599,2912.8,-0.2910,-129.7,0.4737,5.9492,1025,394,-65.71,-77.14,2.500,0.120,-41.44,-29.17,-331.5,-233.3,426.7,103.6,20.07
7.180,-4.3880,3344.7,-0.8162,-129.5,0.6216,6.1220,1623,58,-60.00,-77.14,2.540,0.240,-35.12,-30.69,-280.9,-245.5,446.6,116.0,20.09
7.200,-4.7271,3582.8,-1.0998,-578.5,0.6216,6.1220,2557,61,-37.14,-77.14,2.470,0.090,-30.69,-31.76,-245.5,-254.0,444.4,115.4,20.07
7.220,-5.2208,3885.9,-1.9747,-886.4,0.6216,6.1220,3017,78,-28.57,-77.14,3.230,0.320,-18.93,-26.43,-151.5,-211.4,442.2,114.8,20.07
7.240,-5.4874,4050.0,-2.4472,-1035.6,0.5246,6.2629,3304,-286,-8.57,-80.00,2.320,1.170,-10.70,-22.69,-85.6,-181.6,425.5,124.8,20.06
7.260,-5.1994,3775.7,-2.6990,-1116.1,0.5246,6.2629,3710,-752,20.00,-85.71,2.800,1.570,-4.94,-20.08,-39.5,-160.7,423.4,124.2,20.07
7.280,-5.0439,3586.1,-2.8350,-1060.6,0.2534,6.3390,3866,-983,34.29,-88.57,2.610,0.810,8.53,-6.97,68.2,-55.8,380.8,129.2,20.07
7.300,-4.9599,3445.4,-2.9085,-1017.2,0.2534,6.3390,3746,-1048,65.71,-97.14,2.160,0.390,17.95,2.20,143.6,17.6,378.9,128.6,20.07
7.320,-3.8816,2498.0,-2.4091,-766.4,0.2534,6.3390,3606,-1046,74.29,-100.00,1.490,0.870,28.78,8.66,230.3,69.3,377.0,127.9,20.06
7.340,-3.2993,2039.5,-2.1394,-616.7,-0.1888,6.4239,3554,-1001,97.14,-105.71,1.120,0.660,36.36,13.18,290.9,105.4,309.1,133.6,20.07
7.360,-1.7199,735.0,-1.4691,-323.9,-0.1888,6.4239,2701,-794,117.14,-114.29,0.660,0.040,41.67,16.34,333.4,130.7,307.5,133.0,20.07
7.380,-0.8670,81.6,-1.1071,-166.5,-0.6128,6.4337,2211,-664,125.71,-114.29,0.860,0.410,46.16,17.92,369.2,143.3,242.7,133.0,20.08
7.400,-0.4064,-635.9,-0.9117,284.5,-0.6128,6.4337,1077,-402,134.29,-117.14,0.550,0.650,49.30,19.02,394.4,152.2,241.5,132.4,20.08
7.420,1.0977,-1516.2,-0.3107,287.4,-0.6128,6.4337,498,-273,137.14,-120.00,0.180,0.360,49.72,19.46,397.7,155.7,240.3,131.7,20.08
7.440,1.9099,-2112.1,0.0138,292.0,-0.9810,6.4717,-5,67,134.29,-120.00,0.180,0.090,50.01,19.77,400.1,158.1,184.2,133.9,20.07
7.460,3.4456,-3341.5,0.6797,293.0,-0.9810,6.4717,-1001,183,128.57,-117.14,2.760,0.070,50.21,19.98,401.7,159.8,183.2,133.2,20.07
7.480,4.2749,-3937.9,1.0393,717.5,-1.1473,6.5169,-1662,169,122.86,-117.14,2.730,0.110,45.05,20.73,360.4,165.9,157.5,135.9,20.07
7.500,4.7227,-4266.4,1.2334,798.7,-1.1473,6.5169,-2911,181,97.14,-114.29,2.890,0.110,41.44,21.26,331.5,170.1,156.7,135.2,20.08
7.520,5.5476,-4840.6,1.8250,1015.8,-1.1473,6.5169,-3531,584,88.57,-114.29,3.730,1.360,30.82,18.91,246.6,151.3,155.9,134.6,20.08
7.540,5.9931,-5000.0,2.1444,1139.0,-0.9925,6.6401,-3905,661,62.86,-108.57,2.370,0.910,23.39,17.27,187.1,138.1,178.3,143.1,20.07
7.560,6.1558,-5000.0,2.4751,1261.3,-0.9925,6.6401,-4583,938,28.57,-102.86,2.640,1.330,18.18,16.12,145.5,128.9,177.4,142.4,20.08
7.580,6.2437,-5000.0,2.6536,1285.7,-0.6607,6.7566,-4788,1058,11.43,-97.14,2.560,0.720,5.48,9.23,43.8,73.9,226.0,150.3,20.07
7.600,6.2911,-5000.0,2.7500,1284.9,-0.6607,6.7566,-4817,1219,-28.57,-88.57,2.790,1.230,-3.42,4.42,-27.3,35.3,224.9,149.6,20.07
7.620,5.6023,-4577.1,2.5429,1151.2,-0.6607,6.7566,-4880,1285,-42.86,-85.71,2.510,0.700,-16.06,-1.84,-128.4,-14.8,223.7,148.8,20.08
7.640,5.2303,-4282.1,2.4310,1075.2,-0.1618,6.8167,-4993,1267,-74.29,-77.14,2.410,0.320,-24.90,-6.23,-199.2,-49.8,297.1,152.6,20.08
7.660,3.9069,-3172.3,2.0000,877.5,-0.1618,6.8167,-4663,1165,-108.57,-68.57,1.830,0.610,-31.10,-9.29,-248.8,-74.3,295.6,151.8,20.08
7.680,3.1922,-2623.5,1.7673,774.8,0.3781,6.8919,-4330,1100,-122.86,-62.86,1.410,0.120,-38.12,-11.10,-304.9,-88.8,374.7,156.7,20.08
7.700,2.8063,-2273.6,1.6416,713.6,0.3781,6.8919,-3415,919,-154.29,-57.14,0.510,0.460,-43.03,-12.37,-344.2,-99.0,372.8,155.9,20.07
7.720,1.3519,-1084.8,1.2190,532.9,0.3781,6.8919,-3064,833,-160.00,-54.29,0.010,0.540,-45.97,-13.73,-367.7,-109.8,371.0,155.1,20.08
7.740,0.5666,-493.7,0.9908,36.0,0.7497,6.8799,-2546,755,-177.14,-48.57,0.220,0.240,-48.02,-14.68,-384.2,-117.4,424.6,153.4,20.08
7.760,-1.0395,804.8,0.4741,29.9,0.7497,6.8799,-1564,579,-188.57,-45.71,0.120,0.010,-49.46,-15.35,-395.7,-122.8,422.5,152.7,20.08
7.780,-1.9067,1484.0,0.1951,23.0,0.8027,6.8830,-783,134,-191.43,-45.71,0.740,0.370,-48.35,-16.15,-386.8,-129.2,428.2,152.1,20.09
7.800,-2.3751,1854.6,0.0444,17.7,0.8027,6.8830,238,91,-191.43,-42.86,1.600,0.340,-47.58,-16.71,-380.6,-133.7,426.1,151.4,20.09
7.820,-3.5832,2779.9,-0.4626,7.6,0.8027,6.8830,986,83,-188.57,-42.86,3.030,0.370,-42.17,-17.87,-337.3,-143.0,424.0,150.6,20.07
7.840,-4.2355,3324.8,-0.7364,0.1,0.4598,6.8794,1407,90,-177.14,-42.86,2.210,0.320,-38.38,-18.69,-307.0,-149.5,370.7,149.6,20.10
7.860,-5.1378,4027.3,-1.3728,-554.3,0.4598,6.8794,2427,51,-160.00,-42.86,2.390,0.310,-35.73,-19.26,-285.8,-154.1,368.8,148.9,20.07
7.880,-5.6250,4466.8,-1.7165,-688.0,-0.2596,6.9799,3014,43,-148.57,-42.86,2.700,0.320,-28.30,-19.62,-226.4,-157.0,259.6,155.6,20.10
7.900,-5.8881,4637.0,-1.9020,-765.0,-0.2596,6.9799,3675,-328,-117.14,-45.71,2.510,0.600,-23.10,-19.88,-184.8,-159.0,258.3,154.8,20.07
7.920,-6.0992,4714.1,-2.4022,-922.5,-0.2596,6.9799,4214,-499,-105.71,-45.71,3.610,1.210,-11.47,-14.45,-91.8,-115.6,257.0,154.1,20.09
7.940,-6.2132,4869.3,-2.6723,-990.8,-1.1162,7.1144,4421,-614,-80.00,-51.43,2.590,1.250,-3.33,-10.65,-26.6,-85.2,127.9,163.3,20.07
7.960,-5.7331,4440.3,-2.6848,-975.4,-1.1162,7.1144,4588,-882,-45.71,-57.14,2.460,0.460,2.37,-8.00,19.0,-64.0,127.2,162.5,20.08
7.980,-5.4739,4238.0,-2.6916,-937.6,-1.6878,6.9460,4716,-965,-28.57,-60.00,2.540,0.070,12.47,-1.27,99.8,-10.1,41.3,149.1,20.08
8.000,-5.3339,4069.7,-2.6952,-902.2,-1.6878,6.9460,4440,-937,11.43,-68.57,2.340,0.620,19.54,3.44,156.3,27.6,41.1,148.4,20.09
8.020,-4.2985,3170.3,-2.4117,-770.6,-1.6878,6.9460,4305,-937,20.00,-71.43,1.900,0.360,28.45,5.80,227.6,46.4,40.9,147.6,20.09
8.040,-3.7394,2714.9,-2.2585,-703.1,-1.9664,6.8629,4148,-874,48.57,-77.14,1.890,0.030,34.69,7.45,277.5,59.6,-0.9,140.7,20.09
8.060,-2.2238,1467.5,-1.9174,-558.1,-1.9664,6.8629,3366,-814,74.29,-82.86,1.320,0.510,39.05,8.61,312.4,68.9,-0.9,140.0,20.07
8.080,-1.4053,763.3,-1.7332,-484.0,-1.8637,6.7842,2901,-709,82.86,-85.71,0.490,0.630,43.32,9.48,346.5,75.9,14.4,133.4,20.07
8.100,-0.9634,385.9,-1.6338,-440.0,-1.8637,6.7842,1795,-623,100.00,-91.43,0.630,0.340,46.30,10.10,370.4,80.8,14.4,132.8,20.07
8.120,0.4922,-392.0,-1.3302,-314.5,-1.8637,6.7842,1284,-544,102.86,-91.43,0.140,0.200,47.22,10.69,377.7,85.5,14.3,132.1,20.07
8.140,1.2782,-1490.4,-1.1663,-235.6,-1.3896,6.9259,709,-435,105.71,-94.29,1.020,0.130,47.86,11.11,382.9,88.9,85.0,142.0,20.06
8.160,2.8041,-2714.3,-0.7796,232.5,-1.3896,6.9259,-38,-334,105.71,-97.14,0.560,0.450,48.30,11.40,386.4,91.2,84.6,141.3,20.07
8.180,3.6280,-3458.1,-0.5707,246.4,-0.7249,7.0528,-1031,-296,102.86,-97.14,0.910,0.570,46.54,12.04,372.3,96.4,183.3,150.1,20.07
8.200,4.0730,-3803.2,-0.4579,249.3,-0.7249,7.0528,-1924,30,85.71,-97.14,0.700,0.100,45.30,12.49,362.4,99.9,182.4,149.3,20.08
8.220,5.2095,-4669.4,-0.0883,251.6,-0.7249,7.0528,-2907,82,77.14,-97.14,3.290,0.070,40.04,12.87,320.3,103.0,181.5,148.6,20.06
8.240,5.8232,-5000.0,0.1113,254.8,0.0633,7.0770,-3264,172,57.14,-97.14,2.520,0.040,36.35,13.14,290.8,105.1,298.2,149.6,20.07
8.260,6.6143,-5000.0,0.5305,255.5,0.0633,7.0770,-4298,182,22.86,-94.29,2.980,0.250,33.77,13.33,270.2,106.6,296.8,148.9,20.07
8.280,7.0415,-5000.0,0.7568,268.2,0.6204,7.1136,-4665,190,5.71,-94.29,2.950,0.470,24.14,14.67,193.1,117.3,378.4,150.9,20.07
8.300,7.2722,-5000.0,0.8791,275.0,0.6204,7.1136,-4749,193,-31.43,-94.29,3.180,0.680,17.40,15.61,139.2,124.8,376.5,150.1,20.08
8.320,7.2870,-5000.0,1.2946,775.3,0.6204,7.1136,-4809,197,-45.71,-91.43,3.170,0.990,4.66,13.51,37.3,108.1,374.6,149.4,20.07
8.340,7.2950,-5000.0,1.5190,841.3,0.9531,6.9633,-4910,230,-77.14,-91.43,3.190,1.080,-4.26,12.04,-34.0,96.3,422.4,137.4,20.08
8.360,6.5370,-5000.0,1.7533,926.2,0.9531,6.9633,-4894,677,-114.29,-85.71,3.650,0.890,-10.50,11.01,-84.0,88.1,420.3,136.7,20.09
8.380,6.1276,-5000.0,1.8798,941.8,0.8233,6.9058,-4898,807,-131.43,-82.86,4.090,0.180,-22.05,7.27,-176.4,58.2,398.8,131.7,20.08
8.400,5.9066,-4881.0,1.9481,947.6,0.8233,6.9058,-4955,906,-174.29,-74.29,4.000,0.440,-30.14,4.65,-241.1,37.2,396.8,131.1,20.07
8.420,4.4981,-3578.4,1.9959,964.2,0.3006,6.9195,-4972,906,-185.71,-71.43,3.980,0.800,-42.12,4.30,-336.9,34.4,316.8,131.4,20.07
8.440,3.7376,-2901.4,2.0216,971.8,0.3006,6.9195,-5031,949,-225.71,-65.71,3.270,0.290,-50.50,4.05,-404.0,32.4,315.3,130.8,20.08
8.460,1.6402,-1156.1,2.1242,1013.2,0.3006,6.9195,-3868,953,-242.86,-60.00,1.660,0.170,-58.71,4.18,-469.7,33.4,313.7,130.1,20.10
8.480,0.5076,-89.7,2.1796,1041.2,-0.4547,6.9971,-3234,952,-260.00,-57.14,0.590,0.670,-64.47,4.27,-515.7,34.1,199.4,135.3,20.08
8.500,-0.1040,349.5,2.2095,1053.0,-0.4547,6.9971,-1753,1000,-274.29,-48.57,0.140,0.270,-68.49,4.33,-547.9,34.6,198.4,134.6,20.07
8.520,-2.1775,2092.5,2.3042,1083.4,-0.4547,6.9971,-842,1014,-277.14,-45.71,0.740,0.190,-68.49,3.47,-547.9,27.7,197.4,133.9,20.08
8.540,-3.2972,3091.4,2.3554,1092.3,-1.1393,6.9169,-325,1022,-280.00,-37.14,0.420,0.620,-68.49,2.86,-547.9,22.9,94.2,127.3,20.07
8.560,-5.3723,4710.4,2.3930,1090.7,-1.1393,6.9169,1345,1067,-268.57,-28.57,2.430,0.270,-63.28,0.86,-506.3,6.9,93.8,126.6,20.07
8.580,-6.4929,5000.0,2.4133,1083.4,-1.5546,6.8676,2556,1072,-260.00,-25.71,2.880,0.400,-59.64,-0.54,-477.1,-4.3,31.3,122.3,20.07
8.600,-7.0980,5000.0,2.4243,1079.3,-1.5546,6.8676,4015,1065,-231.43,-17.14,3.450,0.670,-57.09,-1.52,-456.7,-12.1,31.2,121.7,20.08
8.620,-8.4027,5000.0,2.3030,1002.8,-1.7261,6.8295,4521,1098,-217.14,-14.29,3.040,0.080,-47.79,-4.59,-382.3,-36.7,5.4,118.3,20.07
8.640,-9.1072,5000.0,2.2375,958.8,-1.7261,6.8295,4657,1098,-180.00,-5.71,2.790,0.460,-41.27,-6.74,-330.2,-53.9,5.4,117.7,20.07
8.660,-9.8822,5000.0,1.9143,805.3,-1.7261,6.8295,4759,998,-157.14,0.00,2.660,0.680,-28.05,-9.68,-224.4,-77.5,5.3,117.1,20.07
8.680,-10.3006,5000.0,1.7398,722.5,-1.6080,6.8844,4812,963,-128.57,5.71,2.940,0.130,-18.80,-11.75,-150.4,-94.0,23.0,120.6,20.06
8.700,-10.5266,5000.0,1.6455,672.7,-1.6080,6.8844,4916,837,-94.29,11.43,3.260,0.450,-12.32,-13.19,-98.5,-105.5,22.8,120.0,20.06
8.720,-10.4466,5000.0,1.1857,466.4,-1.3295,6.8962,4942,732,-80.00,11.43,3.300,0.810,-0.87,-16.02,-6.9,-128.1,64.3,120.3,20.07
8.740,-10.4034,5000.0,0.9375,-24.3,-1.3295,6.8962,4929,711,-37.14,20.00,3.320,0.500,7.15,-17.99,57.2,-143.9,64.0,119.7,20.07
8.760,-9.6087,5000.0,0.2271,-47.2,-1.3295,6.8962,4981,475,-17.14,20.00,3.360,0.090,20.14,-20.79,161.2,-166.3,63.6,119.1,20.06
8.780,-9.1796,5000.0,-0.1565,-53.4,-0.9494,7.0305,5029,49,11.43,20.00,3.400,0.160,29.24,-22.74,233.9,-181.9,120.1,128.5,20.08
8.800,-8.9478,5000.0,-0.3636,-65.0,-0.9494,7.0305,5105,4,48.57,20.00,2.500,0.010,35.61,-24.11,284.9,-192.9,119.5,127.8,20.05
8.820,-7.5193,5000.0,-1.1617,-548.6,-0.6288,7.0181,5092,-2,65.71,20.00,1.730,0.010,44.57,-26.28,356.5,-210.2,166.7,126.3,20.07
8.840,-6.7479,4825.8,-1.5926,-733.7,-0.6288,7.0181,5087,-8,105.71,20.00,1.330,0.070,50.84,-27.79,406.7,-222.4,165.9,125.7,20.07
8.860,-4.7818,3208.4,-2.5557,-1126.7,-0.6288,7.0181,5060,-393,128.57,20.00,1.450,0.790,56.50,-28.69,452.0,-229.5,165.0,125.0,20.07
8.880,-3.7201,2283.7,-3.0757,-1341.1,-0.3308,7.0083,4911,-527,154.29,17.14,0.990,0.770,60.47,-29.31,483.7,-234.5,208.7,123.7,20.07
8.900,-3.1468,1803.8,-3.3566,-1457.6,-0.3308,7.0083,3536,-931,182.86,8.57,0.420,0.420,63.24,-29.75,505.9,-238.0,207.7,123.1,20.06
8.920,-1.2066,225.2,-4.2076,-1795.3,-0.2201,6.9666,2745,-1205,191.43,5.71,0.530,0.770,64.61,-28.95,516.9,-231.6,223.1,119.3,20.06
8.940,-0.1588,-746.6,-4.6672,-1975.3,-0.2201,6.9666,2398,-1354,208.57,-5.71,0.230,0.540,65.57,-28.39,524.6,-227.1,222.0,118.7,20.08
8.960,1.9328,-2255.5,-5.4808,-2274.8,-0.2201,6.9666,675,-1743,214.29,-14.29,1.630,0.650,61.04,-25.08,488.3,-200.6,220.9,118.1,20.07
8.980,3.0623,-3141.5,-5.9201,-2433.7,-0.1610,6.9508,1,-1866,214.29,-22.86,2.050,0.570,57.87,-22.76,463.0,-182.1,228.6,116.4,20.08
9.000,3.6723,-3610.5,-6.1573,-2516.2,-0.1610,6.9508,-1533,-2128,202.86,-40.00,2.810,0.550,55.65,-21.13,445.2,-169.1,227.5,115.8,20.06
9.020,5.0378,-4516.8,-6.5748,-2647.0,-0.9362,6.9617,-2626,-2327,194.29,-45.71,3.510,0.490,46.98,-16.64,375.8,-133.1,110.7,116.0,20.08
9.040,5.7752,-5000.0,-6.8003,-2712.6,-0.9362,6.9617,-3189,-2444,168.57,-65.71,2.350,0.500,40.91,-13.49,327.3,-108.0,110.1,115.4,20.07
9.060,6.6321,-5000.0,-6.9453,-2710.9,-0.9362,6.9617,-4093,-2585,151.43,-77.14,2.680,0.580,29.54,-5.95,236.3,-47.6,109.5,114.9,20.07
9.080,7.0949,-5000.0,-7.0235,-2698.7,-0.9194,6.9866,-4533,-2635,122.86,-94.29,3.150,1.120,21.59,-0.68,172.7,-5.4,111.5,116.1,20.07
9.100,7.3447,-5000.0,-7.0658,-2686.6,-0.9194,6.9866,-4727,-2635,88.57,-111.43,2.710,1.440,16.02,3.02,128.1,24.1,110.9,115.6,20.06
9.120,7.4179,-5000.0,-6.5819,-2372.6,-0.7776,7.1946,-4828,-2642,71.43,-122.86,2.640,1.260,6.88,16.21,55.0,129.7,131.6,130.5,20.08
9.140,7.4574,-5000.0,-6.3206,-2194.8,-0.7776,7.1946,-4928,-2673,37.14,-142.86,2.620,0.710,0.49,25.45,3.9,203.6,130.9,129.9,20.07
9.160,7.0053,-5000.0,-5.0052,-1587.7,-0.7776,7.1946,-4984,-2394,11.43,-151.43,2.690,0.200,-9.33,35.64,-74.6,285.1,130.2,129.2,20.08
9.180,6.7612,-5000.0,-4.2948,-1247.1,-0.6824,7.1953,-4975,-2230,-14.29,-165.71,3.030,0.250,-16.20,42.78,-129.6,342.2,143.8,128.6,20.07
9.200,5.7416,-4568.3,-2.5153,-496.0,-0.6824,7.1953,-5051,-1733,-51.43,-177.14,2.380,0.280,-21.01,47.77,-168.1,382.2,143.1,128.0,20.08
9.220,5.1910,-4054.7,-1.5544,-70.7,-0.7335,7.1977,-5094,-1388,-68.57,-182.86,1.570,0.140,-29.11,52.94,-232.9,423.5,134.7,127.5,20.07
9.240,4.8937,-3770.8,-1.0355,165.2,-0.7335,7.1977,-4801,-676,-102.86,-188.57,0.620,0.600,-34.78,56.57,-278.2,452.5,134.1,126.9,20.08
9.260,3.6261,-2721.9,0.7091,589.9,-0.7335,7.1977,-4158,-205,-125.71,-188.57,0.430,0.400,-39.05,57.96,-312.4,463.7,133.4,126.2,20.07
9.280,2.9416,-2146.4,1.6512,1250.8,-0.7555,7.1064,-3907,-15,-145.71,-188.57,0.120,0.150,-42.04,58.94,-336.3,471.5,129.4,118.8,20.07
9.300,1.4748,-955.6,3.5260,2005.5,-0.7555,7.1064,-3230,368,-171.43,-185.71,0.430,0.010,-44.13,59.62,-353.1,476.9,128.8,118.2,20.08
9.320,0.6827,-292.4,4.5384,2388.9,-0.9926,7.0073,-2438,1106,-180.00,-182.86,1.230,0.580,-43.31,57.91,-346.5,463.3,92.8,110.2,20.07
9.340,0.2550,249.6,5.0851,2597.5,-0.9926,7.0073,-1537,1677,-188.57,-171.43,0.260,0.660,-42.74,56.72,-341.9,453.8,92.3,109.7,20.07
9.360,-0.8634,915.6,6.5340,3120.4,-0.9926,7.0073,-713,2105,-191.43,-160.00,1.010,0.780,-39.59,49.71,-316.7,397.7,91.8,109.1,20.07
9.380,-1.4674,1418.1,7.3165,3393.0,-1.2372,7.0001,-189,2297,-194.29,-145.71,1.340,1.000,-37.38,44.80,-299.0,358.4,54.9,108.0,20.07
9.400,-2.5221,2249.8,8.1831,3711.6,-1.2372,7.0001,552,2854,-188.57,-125.71,2.060,1.530,-35.83,41.37,-286.7,330.9,54.6,107.5,20.07
9.420,-3.0917,2711.5,8.6510,3757.5,-1.3826,7.0021,1086,3171,-185.71,-114.29,2.710,1.750,-33.85,23.75,-270.8,190.0,32.6,107.1,20.07
9.440,-3.3993,2946.6,8.9038,3759.4,-1.3826,7.0021,1927,3569,-171.43,-85.71,2.680,2.570,-32.45,11.42,-259.6,91.4,32.5,106.6,20.08
9.460,-4.2259,3586.0,8.2569,3317.5,-1.3826,7.0021,2357,3667,-160.00,-71.43,2.720,1.440,-29.70,-11.41,-237.6,-91.3,32.3,106.0,20.07
9.480,-4.6723,3931.9,7.9076,3048.4,-1.4092,6.9888,2691,3695,-142.86,-48.57,2.810,0.750,-27.77,-27.39,-222.2,-219.1,28.2,104.5,20.08
9.500,-5.3180,4437.8,6.1117,2240.0,-1.4092,6.9888,3305,3369,-120.00,-22.86,2.920,0.420,-26.42,-38.58,-211.4,-308.6,28.0,104.0,20.07
9.520,-5.6666,4653.7,5.1419,1755.5,-1.3102,6.9977,3766,3087,-105.71,-14.29,3.490,0.400,-20.38,-50.67,-163.0,-405.4,42.7,104.1,20.08
9.540,-5.8549,4770.6,4.6182,1477.8,-1.3102,6.9977,4254,2421,-74.29,5.71,3.120,0.540,-16.14,-59.14,-129.2,-473.1,42.5,103.6,20.06
9.560,-5.9759,4799.3,2.4750,558.4,-1.3102,6.9977,4442,1862,-51.43,14.29,2.930,0.800,-7.61,-66.84,-60.9,-534.8,42.2,103.1,20.07
9.580,-6.0412,4774.8,1.3178,54.1,-1.1149,7.0291,4598,1601,-25.71,22.86,2.970,0.530,-1.63,-72.24,-13.1,-577.9,71.2,104.9,20.07
9.600,-5.6843,4456.2,-1.2601,-1007.7,-1.1149,7.0291,4709,810,5.71,28.57,2.770,0.830,2.55,-76.01,20.4,-608.1,70.8,104.4,20.07
9.620,-5.4916,4219.1,-2.6521,-1583.1,-0.9654,7.0424,4798,363,22.86,31.43,2.610,0.360,10.18,-78.39,81.4,-627.1,92.8,104.9,20.06
9.640,-5.3876,4093.6,-3.4038,-1897.6,-0.9654,7.0424,4496,-397,57.14,25.71,1.770,0.460,15.52,-80.05,124.1,-640.4,92.3,104.3,20.07
9.660,-4.5574,3351.4,-5.6341,-2710.1,-0.9654,7.0424,4338,-1115,80.00,20.00,1.250,1.980,25.33,-70.04,202.7,-560.3,91.9,103.8,20.07
9.680,-4.1091,2957.7,-6.8384,-3128.8,-1.0955,7.1420,4242,-1437,102.86,11.43,0.990,2.750,32.20,-63.02,257.6,-504.2,72.0,110.7,20.09
9.700,-2.4166,1565.6,-7.8459,-3493.1,-1.0955,7.1420,3575,-2352,128.57,-5.71,0.910,2.470,37.01,-58.12,296.1,-464.9,71.6,110.2,20.07
9.720,-1.5026,700.1,-8.3899,-3466.2,-0.9173,7.1144,3152,-2926,137.14,-14.29,0.360,1.650,50.52,-27.22,404.1,-217.8,97.9,107.6,20.08
9.740,-1.0090,230.1,-8.6837,-3411.2,-0.9173,7.1144,1934,-3324,154.29,-40.00,0.340,0.870,59.97,-5.59,479.8,-44.7,97.4,107.0,20.07
9.760,1.1784,-1565.6,-7.6337,-2834.3,-0.9173,7.1144,984,-3384,157.14,-57.14,0.600,0.410,65.75,14.08,526.0,112.6,96.9,106.5,20.08
9.780,2.3596,-2565.1,-7.0667,-2495.6,-0.7653,7.1455,858,-3365,162.86,-77.14,0.290,0.320,69.79,27.85,558.3,222.8,119.1,108.3,20.08
9.800,4.6665,-4432.7,-5.3043,-1714.1,-0.7653,7.1455,-782,-2939,157.14,-97.14,2.670,0.640,72.62,37.49,581.0,299.9,118.5,107.7,20.07
9.820,5.9123,-5000.0,-4.3526,-1264.7,-0.5635,7.1084,-2042,-2514,151.43,-105.71,3.140,1.050,67.89,46.49,543.1,371.9,148.0,104.4,20.08
9.840,6.5850,-5000.0,-3.8387,-1009.3,-0.5635,7.1084,-3714,-1902,122.86,-120.00,3.240,0.450,64.58,52.78,516.6,422.3,147.3,103.9,20.09
9.860,8.0229,-5000.0,-2.0170,-235.9,-0.5635,7.1084,-4368,-1371,100.00,-125.71,2.650,0.030,53.50,58.44,428.0,467.5,146.5,103.4,20.09
9.880,8.7994,-5000.0,-1.0332,192.3,-0.4002,7.1560,-4628,-1244,74.29,-134.29,2.820,0.050,45.74,62.39,365.9,499.1,170.2,106.4,20.09
9.900,9.5780,-5000.0,0.9888,627.2,-0.4002,7.1560,-4768,-464,42.86,-137.14,2.860,0.820,40.31,65.16,322.5,521.3,169.3,105.9,20.07
9.920,9.9985,-5000.0,2.0807,1414.9,-0.2888,7.1427,-4797,-105,22.86,-137.14,3.270,0.570,23.82,59.78,190.6,478.2,185.1,104.4,20.07
9.940,10.2255,-5000.0,2.6703,1620.1,-0.2888,7.1427,-4825,287,-11.43,-134.29,3.610,0.970,12.28,56.01,98.2,448.1,184.2,103.9,20.07
9.960,9.6786,-5000.0,3.6509,1851.1,-0.2888,7.1427,-4899,1040,-37.14,-128.57,3.460,1.470,-10.34,35.92,-82.7,287.3,183.3,103.3,20.08
9.980,9.3833,-5000.0,4.1805,1951.0,-0.2848,7.1579,-4936,1373,-62.86,-122.86,3.360,1.820,-26.17,21.85,-209.4,174.8,182.9,104.0,20.06
10.000,7.5612,-5000.0,4.0404,1815.7,-0.2848,7.1579,-5101,1705,-100.00,-108.57,2.380,0.950,-37.26,12.01,-298.0,96.1,182.0,103.4,20.08
10.020,6.5773,-5000.0,3.9648,1682.3,-0.4874,7.1306,-5067,1840,-117.14,-102.86,1.640,1.400,-51.36,-0.56,-410.9,-4.5,150.9,100.9,20.07
10.040,6.0460,-4497.1,3.9240,1595.1,-0.4874,7.1306,-5016,1799,-157.14,-88.57,0.950,0.880,-61.23,-9.35,-489.8,-74.8,150.1,100.4,20.08
10.060,3.7571,-2600.5,3.1986,1250.9,-0.4874,7.1306,-5024,1684,-182.86,-80.00,0.900,0.400,-69.32,-16.05,-554.5,-128.4,149.4,99.9,20.09
10.080,2.5210,-1522.8,2.8069,1053.5,-0.7746,7.0933,-4619,1617,-205.71,-71.43,0.550,0.640,-74.98,-20.74,-599.8,-165.9,105.8,96.6,20.07
10.100,-0.1414,526.3,1.8463,642.5,-0.7746,7.0933,-3083,1309,-228.57,-62.86,0.080,0.120,-78.94,-24.02,-631.5,-192.1,105.2,96.1,20.07
10.120,-1.5790,1841.8,1.3276,410.0,-1.0557,7.0575,-1850,1093,-237.14,-60.00,0.650,0.280,-80.17,-26.75,-641.3,-214.0,62.7,93.0,20.09
10.140,-2.3554,2470.1,1.0475,282.2,-1.0557,7.0575,-332,714,-240.00,-54.29,1.490,0.580,-81.03,-28.66,-648.2,-229.3,62.4,92.5,20.09
10.160,-4.5435,4172.0,0.1403,-152.0,-1.0557,7.0575,1077,492,-234.29,-51.43,2.930,0.020,-74.91,-30.50,-599.3,-244.0,62.1,92.0,20.08
10.180,-5.7250,5000.0,-0.3496,-164.5,-1.3389,7.0349,1709,406,-225.71,-48.57,2.830,0.260,-70.64,-31.79,-565.1,-254.3,19.6,89.9,20.08
10.200,-7.5952,5000.0,-1.2587,-675.6,-1.3389,7.0349,3482,91,-200.00,-48.57,3.530,0.860,-67.64,-32.70,-541.1,-261.6,19.5,89.4,20.08
10.220,-8.6051,5000.0,-1.7496,-800.5,-1.4647,7.0163,4456,19,-185.71,-48.57,3.430,0.980,-55.71,-23.53,-445.7,-188.2,0.6,87.6,20.09
10.240,-9.1504,5000.0,-2.0147,-855.6,-1.4647,7.0163,4548,-463,-151.43,-51.43,2.920,1.640,-47.36,-17.11,-378.8,-136.8,0.6,87.2,20.08
10.260,-9.7249,5000.0,-1.8725,-677.5,-1.4647,7.0163,4689,-711,-128.57,-54.29,3.160,0.700,-28.38,-1.90,-227.1,-15.2,0.6,86.7,20.08
10.280,-10.0351,5000.0,-1.7957,-555.2,-1.1668,7.1086,4860,-824,-100.00,-60.00,3.390,0.050,-15.10,8.74,-120.8,69.9,45.0,93.2,20.08
10.300,-9.6318,5000.0,-1.0374,-192.7,-1.1668,7.1086,4891,-669,-65.71,-65.71,3.400,0.340,-5.80,16.19,-46.4,129.5,44.8,92.7,20.08
10.320,-9.4139,5000.0,-0.6279,242.9,-1.2265,7.0168,4930,-556,-45.71,-65.71,3.560,0.570,8.53,19.69,68.2,157.5,35.7,85.4,20.08
10.340,-9.2963,5000.0,-0.4068,262.1,-1.2265,7.0168,4936,-235,-11.43,-68.57,3.490,0.530,18.56,22.14,148.5,177.2,35.5,85.0,20.08
10.360,-8.0942,5000.0,0.2502,254.5,-1.2265,7.0168,5011,96,14.29,-68.57,3.550,0.250,32.33,21.24,258.6,169.9,35.3,84.5,20.06
10.380,-7.4451,5000.0,0.6049,256.4,-1.1324,7.1160,5027,125,40.00,-68.57,3.410,0.090,41.97,20.61,335.7,164.9,49.2,91.5,20.09
