t_s,roll_deg,cmd_roll_A,pitch_deg,cmd_pitch_A,imu2_roll_deg,imu2_pitch_deg,dt_ms
0.000,1.5234,-5.0000,0.7878,-5.0000,0.0057,-0.0040,0.01
0.020,1.5234,-0.3047,0.7878,-0.0788,0.0057,-0.0040,22.53
0.040,1.5234,-0.3047,0.7878,-0.0788,0.0057,-0.0040,20.07
0.060,1.6627,-0.5407,0.5793,0.2018,0.0057,-0.0040,20.08
0.080,1.6627,-0.3325,0.5793,-0.0579,0.0057,-0.0040,20.09
0.100,1.6640,-0.3348,0.5723,-0.0485,0.0057,-0.0040,20.07
0.120,1.6640,-0.3328,0.5723,-0.0572,0.0105,0.0269,20.07
0.140,1.6640,-0.3328,0.5723,-0.0572,0.0105,0.0269,20.06
0.160,1.6503,-0.3095,0.5697,-0.0537,0.4198,0.5083,20.09
0.180,1.6503,-0.3301,0.5697,-0.0570,0.4198,0.5083,20.07
0.200,1.6434,-0.3184,0.5685,-0.0554,0.4198,0.5083,20.07
0.220,1.6434,-0.3287,0.5685,-0.0568,0.4198,0.5083,20.09
0.240,1.6434,-0.3287,0.5685,-0.0568,0.4198,0.5083,20.08
0.260,1.6503,-0.3404,0.5697,-0.0585,0.4198,0.5083,20.08
0.280,1.6503,-0.3301,0.5697,-0.0570,0.4198,0.5083,20.09
0.300,1.6516,-0.3322,0.5629,-0.0479,0.4198,0.5083,20.08
0.320,1.6516,-0.3303,0.5629,-0.0563,0.3694,0.5097,20.08
0.340,1.6516,-0.3303,0.5629,-0.0563,0.3694,0.5097,20.07
0.360,1.6598,-0.3442,0.5573,-0.0488,0.3720,0.4650,20.07
0.380,1.6598,-0.3320,0.5573,-0.0557,0.3720,0.4650,20.09
0.400,1.6667,-0.3436,0.5585,-0.0573,0.3720,0.4650,20.08
0.420,1.6667,-0.3333,0.5585,-0.0559,0.4225,0.4636,20.07
0.440,1.6667,-0.3333,0.5585,-0.0559,0.4225,0.4636,20.07
0.460,1.6735,-0.3450,0.5598,-0.0576,0.4168,0.4676,20.07
0.480,1.6735,-0.3347,0.5598,-0.0560,0.4168,0.4676,20.09
0.500,1.6680,-0.3253,0.5517,-0.0450,0.4168,0.4676,20.07
0.520,1.6680,-0.3336,0.5517,-0.0552,0.4225,0.4636,20.09
0.540,1.6680,-0.3336,0.5517,-0.0552,0.4225,0.4636,20.07
0.560,1.6680,-0.3336,0.5517,-0.0552,0.4142,0.5123,20.08
0.580,1.6680,-0.3336,0.5517,-0.0552,0.4142,0.5123,20.09
0.600,1.6680,-0.3336,0.5516,-0.0550,0.4142,0.5123,20.07
0.620,1.6680,-0.3336,0.5516,-0.0552,0.4199,0.5083,20.09
0.640,1.6680,-0.3336,0.5516,-0.0552,0.4199,0.5083,20.07
0.660,1.6680,-0.3336,0.5516,-0.0552,0.4646,0.5109,20.07
0.680,1.6680,-0.3336,0.5516,-0.0552,0.4646,0.5109,20.07
0.700,1.6693,-0.3358,0.5448,-0.0461,0.4646,0.5109,20.07
0.720,1.6693,-0.3339,0.5448,-0.0545,0.4646,0.5109,20.09
0.740,1.6693,-0.3339,0.5448,-0.0545,0.4646,0.5109,20.07
0.760,1.6706,-0.3361,0.5379,-0.0452,0.4199,0.5083,20.07
0.780,1.6706,-0.3341,0.5379,-0.0538,0.4199,0.5083,20.08
0.800,1.6761,-0.3436,0.5461,-0.0648,0.4199,0.5083,20.07
0.820,1.6761,-0.3352,0.5461,-0.0546,0.4199,0.5083,20.10
0.840,1.6761,-0.3352,0.5461,-0.0546,0.4199,0.5083,20.07
0.860,1.6761,-0.3352,0.5461,-0.0546,0.4199,0.5083,20.09
0.880,1.6761,-0.3352,0.5461,-0.0546,0.4199,0.5083,20.20
0.900,1.6774,-0.3374,0.5392,-0.0454,0.4199,0.5083,20.07
0.920,1.6774,-0.3355,0.5392,-0.0539,0.4646,0.5109,20.09
0.940,1.6774,-0.3355,0.5392,-0.0539,0.4646,0.5109,20.07
0.960,1.6706,-0.3238,0.5379,-0.0522,0.4646,0.5109,20.09
0.980,1.6706,-0.3341,0.5379,-0.0538,0.4646,0.5109,20.09
1.000,1.6706,-0.3341,0.5379,-0.0538,0.4646,0.5109,20.07
1.020,1.6706,-0.3341,0.5379,-0.0538,0.4646,0.5109,20.09
1.040,1.6706,-0.3341,0.5379,-0.0538,0.4646,0.5109,20.09
1.060,1.6706,-0.3341,0.5379,-0.0538,0.4646,0.5109,20.08
1.080,1.6706,-0.3341,0.5379,-0.0538,0.4646,0.5109,20.09
1.100,1.6719,-0.3363,0.5312,-0.0447,0.4646,0.5109,20.06
1.120,1.6719,-0.3344,0.5312,-0.0531,0.4646,0.5109,20.08
1.140,1.6719,-0.3344,0.5312,-0.0531,0.4646,0.5109,20.07
1.160,1.6719,-0.3344,0.5312,-0.0531,0.4646,0.5109,20.07
1.180,1.6719,-0.3344,0.5312,-0.0531,0.4646,0.5109,20.10
1.200,1.6719,-0.3344,0.5312,-0.0531,0.4646,0.5109,20.06
1.220,1.6719,-0.3344,0.5312,-0.0531,0.4239,0.5140,20.09
1.240,1.6719,-0.3344,0.5312,-0.0531,0.4239,0.5140,20.09
1.260,1.6650,-0.3227,0.5299,-0.0514,0.4239,0.5140,20.08
1.280,1.6650,-0.3330,0.5299,-0.0530,0.4239,0.5140,20.10
1.300,1.6637,-0.3308,0.5367,-0.0622,0.4239,0.5140,20.06
1.320,1.6637,-0.3327,0.5367,-0.0537,0.4296,0.5100,20.07
1.340,1.6637,-0.3327,0.5367,-0.0537,0.4296,0.5100,20.06
1.360,1.6637,-0.3327,0.5367,-0.0537,0.4239,0.5140,20.08
1.380,1.6637,-0.3327,0.5367,-0.0537,0.4239,0.5140,20.09
1.400,1.6555,-0.3189,0.5423,-0.0612,0.4239,0.5140,20.06
1.420,1.6555,-0.3311,0.5423,-0.0542,0.4239,0.5140,20.07
1.440,1.6555,-0.3311,0.5423,-0.0542,0.4239,0.5140,20.06
1.460,1.6486,-0.3195,0.5410,-0.0525,0.4239,0.5140,20.08
1.480,1.6486,-0.3297,0.5410,-0.0541,0.4239,0.5140,20.09
1.500,1.6486,-0.3297,0.5410,-0.0541,0.4199,0.5083,20.07
1.520,1.6486,-0.3297,0.5410,-0.0541,0.4199,0.5083,20.07
1.540,1.6486,-0.3297,0.5410,-0.0541,0.4199,0.5083,20.06
1.560,1.6486,-0.3297,0.5410,-0.0541,0.4199,0.5083,20.08
1.580,1.6486,-0.3297,0.5410,-0.0541,0.4199,0.5083,20.08
1.600,1.6486,-0.3297,0.5410,-0.0541,0.4199,0.5083,20.06
1.620,1.6486,-0.3297,0.5410,-0.0541,0.4199,0.5083,20.08
1.640,1.6486,-0.3297,0.5410,-0.0541,0.4199,0.5083,20.07
1.660,1.6499,-0.3319,0.5341,-0.0449,0.4239,0.5140,20.08
1.680,1.6499,-0.3300,0.5341,-0.0534,0.4239,0.5140,20.08
1.700,1.6568,-0.3416,0.5354,-0.0552,0.4142,0.5123,20.07
1.720,1.6568,-0.3314,0.5354,-0.0535,0.4142,0.5123,20.08
1.740,1.6568,-0.3314,0.5354,-0.0535,0.4142,0.5123,20.07
1.760,1.6512,-0.3219,0.5273,-0.0425,0.4142,0.5123,20.07
1.780,1.6512,-0.3302,0.5273,-0.0527,0.4142,0.5123,20.09
1.800,1.6581,-0.3419,0.5285,-0.0543,0.4142,0.5123,20.07
1.820,1.6581,-0.3316,0.5285,-0.0528,0.4142,0.5123,20.08
1.840,1.6581,-0.3316,0.5285,-0.0528,0.4142,0.5123,20.07
1.860,1.6581,-0.3316,0.5285,-0.0528,0.4142,0.5123,20.08
1.880,1.6581,-0.3316,0.5285,-0.0528,0.4142,0.5123,20.08
1.900,1.6581,-0.3316,0.5285,-0.0528,0.4142,0.5123,20.07
1.920,1.6581,-0.3316,0.5285,-0.0528,0.4142,0.5123,20.09
1.940,1.6581,-0.3316,0.5285,-0.0528,0.4142,0.5123,20.08
1.960,1.6650,-0.3432,0.5299,-0.0547,0.4142,0.5123,20.08
1.980,1.6650,-0.3330,0.5299,-0.0530,0.4142,0.5123,20.08
2.000,1.6663,-0.3352,0.5230,-0.0437,0.4142,0.5123,20.06
2.020,1.6663,-0.3333,0.5230,-0.0523,0.4199,0.5083,20.08
2.040,1.6663,-0.3333,0.5230,-0.0523,0.4199,0.5083,20.09
2.060,1.6663,-0.3333,0.5230,-0.0523,0.4199,0.5083,20.08
2.080,1.6663,-0.3333,0.5230,-0.0523,0.4199,0.5083,20.08
2.100,1.6663,-0.3333,0.5230,-0.0523,0.4239,0.5140,20.07
2.120,1.6663,-0.3333,0.5230,-0.0523,0.4239,0.5140,20.08
2.140,1.6663,-0.3333,0.5230,-0.0523,0.4239,0.5140,20.07
2.160,1.6663,-0.3333,0.5230,-0.0523,0.4239,0.5140,20.09
2.180,1.6663,-0.3333,0.5230,-0.0523,0.4239,0.5140,20.08
2.200,1.6663,-0.3333,0.5230,-0.0523,0.4296,0.5100,20.07
2.220,1.6663,-0.3333,0.5230,-0.0523,0.4296,0.5100,20.07
2.240,1.6663,-0.3333,0.5230,-0.0523,0.4296,0.5100,20.07
2.260,1.6676,-0.3355,0.5161,-0.0431,0.4296,0.5100,20.07
2.280,1.6676,-0.3335,0.5161,-0.0516,0.4296,0.5100,20.08
2.300,1.6676,-0.3335,0.5161,-0.0516,0.4296,0.5100,20.07
2.320,1.6676,-0.3335,0.5161,-0.0516,0.4296,0.5100,20.07
2.340,1.6676,-0.3335,0.5161,-0.0516,0.4296,0.5100,20.07
2.360,1.6676,-0.3335,0.5161,-0.0516,0.4296,0.5100,20.07
2.380,1.6676,-0.3335,0.5161,-0.0516,0.4296,0.5100,20.09
2.400,1.6676,-0.3335,0.5161,-0.0516,0.4296,0.5100,20.08
2.420,1.6676,-0.3335,0.5161,-0.0516,0.4296,0.5100,20.08
2.440,1.6676,-0.3335,0.5161,-0.0516,0.4296,0.5100,20.08
2.460,1.6676,-0.3335,0.5161,-0.0516,0.4296,0.5100,20.08
2.480,1.6676,-0.3335,0.5161,-0.0516,0.4296,0.5100,20.08
2.500,1.6689,-0.3357,0.5092,-0.0424,0.4296,0.5100,20.07
2.520,1.6689,-0.3338,0.5092,-0.0509,0.4296,0.5100,20.09
2.540,1.6689,-0.3338,0.5092,-0.0509,0.4296,0.5100,20.11
2.560,1.6689,-0.3338,0.5092,-0.0509,0.4296,0.5100,20.08
2.580,1.6689,-0.3338,0.5092,-0.0509,0.4296,0.5100,20.09
2.600,1.6676,-0.3316,0.5161,-0.0602,0.4337,0.5157,20.09
2.620,1.6676,-0.3335,0.5161,-0.0516,0.4337,0.5157,20.08
2.640,1.6676,-0.3335,0.5161,-0.0516,0.4337,0.5157,20.07
2.660,1.6676,-0.3335,0.5161,-0.0516,0.4337,0.5157,20.08
2.680,1.6676,-0.3335,0.5161,-0.0516,0.4337,0.5157,20.09
2.700,1.6676,-0.3335,0.5161,-0.0516,0.4337,0.5157,20.07
2.720,1.6676,-0.3335,0.5161,-0.0516,0.4337,0.5157,20.08
2.740,1.6676,-0.3335,0.5161,-0.0516,0.4337,0.5157,20.08
2.760,1.6676,-0.3335,0.5161,-0.0516,0.4337,0.5157,20.07
2.780,1.6676,-0.3335,0.5161,-0.0516,0.4337,0.5157,20.09
2.800,1.6676,-0.3335,0.5161,-0.0516,0.4394,0.5116,20.07
2.820,1.6676,-0.3335,0.5161,-0.0516,0.4394,0.5116,20.08
2.840,1.6676,-0.3335,0.5161,-0.0516,0.4394,0.5116,20.07
2.860,1.6663,-0.3313,0.5230,-0.0609,0.4394,0.5116,20.07
2.880,1.6663,-0.3333,0.5230,-0.0523,0.4394,0.5116,20.07
2.900,1.6663,-0.3333,0.5230,-0.0523,0.4337,0.5157,20.07
2.920,1.6663,-0.3333,0.5230,-0.0523,0.4337,0.5157,20.08
2.940,1.6663,-0.3333,0.5230,-0.0523,0.4337,0.5157,20.08
2.960,1.6663,-0.3333,0.5230,-0.0523,0.4441,0.5426,20.06
2.980,1.6663,-0.3333,0.5230,-0.0523,0.4441,0.5426,20.07
3.000,1.6761,-0.3500,0.5461,-0.0834,0.4414,0.5873,20.07
3.020,1.6761,-0.3352,0.5461,-0.0546,0.4414,0.5873,20.08
3.040,1.6761,-0.3352,0.5461,-0.0546,0.4414,0.5873,20.07
3.060,1.6808,-0.3431,0.5967,-0.1227,0.4438,0.6027,20.06
3.080,1.6808,-0.3362,0.5967,-0.0597,0.4438,0.6027,20.09
3.100,1.6825,-0.3392,0.6255,-0.0984,0.4381,0.6068,20.06
3.120,1.6825,-0.3365,0.6255,-0.0626,0.4381,0.6068,20.08
3.140,1.6782,-0.3291,0.6106,-0.0424,0.4381,0.6068,20.09
3.160,1.6782,-0.3356,0.6106,-0.0611,0.4364,0.6165,20.06
3.180,1.6782,-0.3356,0.6106,-0.0611,0.4364,0.6165,20.07
3.200,1.6752,-0.3306,0.5886,-0.0316,0.4274,0.6401,20.06
3.220,1.6752,-0.3350,0.5886,-0.0589,0.4274,0.6401,20.08
3.240,1.6958,-0.3700,0.5926,-0.0641,0.4274,0.6401,20.09
3.260,1.6958,-0.3392,0.5926,-0.0593,0.4338,0.6613,20.07
3.280,1.6958,-0.3392,0.5926,-0.0593,0.4338,0.6613,20.07
3.300,1.7125,-0.3675,0.6171,-0.0923,0.4247,0.6848,20.06
3.320,1.7125,-0.3425,0.6171,-0.0617,0.4247,0.6848,20.08
3.340,1.7168,-0.3497,0.6321,-0.0820,0.4247,0.6848,20.07
3.360,1.7168,-0.3434,0.6321,-0.0632,0.4132,0.6929,20.07
3.380,1.7168,-0.3434,0.6321,-0.0632,0.4132,0.6929,20.09
3.400,1.7181,-0.3455,0.6255,-0.0543,0.4139,0.7182,20.07
3.420,1.7181,-0.3436,0.6255,-0.0625,0.4139,0.7182,20.08
3.440,1.7150,-0.3384,0.6038,-0.0333,0.4139,0.7182,20.07
3.460,1.7150,-0.3430,0.6038,-0.0604,0.4219,0.7297,20.07
3.480,1.7150,-0.3430,0.6038,-0.0604,0.4219,0.7297,20.08
3.500,1.7261,-0.3618,0.6202,-0.0825,0.4195,0.7142,20.06
3.520,1.7261,-0.3452,0.6202,-0.0620,0.4195,0.7142,20.08
3.540,1.7493,-0.3845,0.6107,-0.0493,0.4195,0.7142,20.09
3.560,1.7493,-0.3499,0.6107,-0.0611,0.4227,0.6948,20.07
3.580,1.7493,-0.3499,0.6107,-0.0611,0.4227,0.6948,20.07
3.600,1.7774,-0.3976,0.5741,-0.0117,0.4248,0.7104,20.06
3.620,1.7774,-0.3555,0.5741,-0.0574,0.4248,0.7104,20.06
3.640,1.8018,-0.3967,0.5581,-0.0359,0.4248,0.7104,20.09
3.660,1.8018,-0.3604,0.5581,-0.0558,0.4312,0.7316,20.07
3.680,1.8018,-0.3604,0.5581,-0.0558,0.4312,0.7316,20.08
3.700,1.8101,-0.3745,0.5522,-0.0479,0.4191,0.7144,20.07
3.720,1.8101,-0.3620,0.5522,-0.0552,0.4191,0.7144,20.08
3.740,1.8005,-0.3457,0.5284,-0.0232,0.4191,0.7144,20.09
3.760,1.8005,-0.3601,0.5284,-0.0528,0.4039,0.7166,20.08
3.780,1.8005,-0.3601,0.5284,-0.0528,0.4039,0.7166,20.09
3.800,1.7592,-0.2902,0.4836,0.0075,0.3491,0.6869,20.08
3.820,1.7592,-0.3518,0.4836,-0.0484,0.3491,0.6869,20.07
3.840,1.6630,-0.1890,0.4281,0.0262,0.3491,0.6869,20.09
3.860,1.6630,-0.3326,0.4281,-0.0428,0.2840,0.5702,20.07
3.880,1.6630,-0.3326,0.4281,-0.0428,0.2840,0.5702,20.07
3.900,1.5453,-0.1331,0.2979,0.1324,0.2566,0.3496,20.07
3.920,1.5453,-0.3091,0.2979,-0.0298,0.2566,0.3496,20.08
3.940,1.4785,-0.1959,0.0852,0.2561,0.2566,0.3496,20.09
3.960,1.4785,-0.2957,0.0852,-0.0085,0.2569,0.0235,20.07
3.980,1.4785,-0.2957,0.0852,-0.0085,0.2569,0.0235,20.07
4.000,1.5089,-0.3473,-0.2299,0.4155,0.2496,-0.3490,20.07
4.020,1.5089,-0.3018,-0.2299,0.0230,0.2496,-0.3490,20.07
4.040,1.5809,-0.4238,-0.6151,0.5414,0.2496,-0.3490,20.07
4.060,1.5809,-0.3162,-0.6151,0.0615,0.2618,-0.7182,20.08
4.080,1.5809,-0.3162,-0.6151,0.0615,0.2618,-0.7182,20.08
4.100,1.6406,-0.4173,-1.0096,0.5919,0.2983,-1.0531,20.08
4.120,1.6406,-0.3281,-1.0096,0.1010,0.2983,-1.0531,20.08
4.140,1.6763,-0.3886,-1.1587,0.3017,0.2983,-1.0531,20.07
4.160,1.6763,-0.3353,-1.1587,0.1159,0.3512,-1.3652,20.08
4.180,1.6763,-0.3353,-1.1587,0.1159,0.3512,-1.3652,20.09
4.200,1.7223,-0.4132,-1.2142,0.1904,0.3267,-1.6050,20.08
4.220,1.7223,-0.3445,-1.2142,0.1214,0.3267,-1.6050,20.08
4.240,1.7276,-0.3534,-1.3553,0.3112,0.3267,-1.6050,20.09
4.260,1.7276,-0.3455,-1.3553,0.1355,0.3151,-1.8027,20.08
4.280,1.7276,-0.3455,-1.3553,0.1355,0.3151,-1.8027,20.09
4.300,1.6699,-0.2478,-1.5798,0.4375,0.2724,-1.9955,20.08
4.320,1.6699,-0.3340,-1.5798,0.1580,0.2724,-1.9955,20.07
4.340,1.5622,-0.1514,-1.8424,0.5113,0.2724,-1.9955,20.07
4.360,1.5622,-0.3124,-1.8424,0.1842,0.2142,-2.1859,20.07
4.380,1.5622,-0.3124,-1.8424,0.1842,0.2142,-2.1859,20.07
4.400,1.4308,-0.0898,-2.0596,0.4766,0.1041,-2.3651,20.07
4.420,1.4308,-0.2862,-2.0596,0.2060,0.1041,-2.3651,20.08
4.440,1.2523,0.0161,-2.2144,0.4141,0.1041,-2.3651,20.09
4.460,1.2523,-0.2505,-2.2144,0.2214,0.0104,-2.5816,20.08
4.480,1.2523,-0.2505,-2.2144,0.2214,0.0104,-2.5816,20.09
4.500,1.0696,0.0591,-2.3838,0.4492,-0.0681,-2.8006,20.08
4.520,1.0696,-0.2139,-2.3838,0.2384,-0.0681,-2.8006,20.07
4.540,0.9472,-0.0068,-2.6131,0.5467,-0.0681,-2.8006,20.09
4.560,0.9472,-0.1894,-2.6131,0.2613,-0.1245,-3.0008,20.07
4.580,0.9472,-0.1894,-2.6131,0.2613,-0.1245,-3.0008,20.09
4.600,0.9082,-0.1233,-2.7839,0.4910,-0.1410,-3.1692,20.09
4.620,0.9082,-0.1816,-2.7839,0.2784,-0.1410,-3.1692,20.07
4.640,0.9541,-0.2594,-2.8824,0.4109,-0.1410,-3.1692,20.07
4.660,0.9541,-0.1908,-2.8824,0.2882,-0.1586,-3.3629,20.15
4.680,0.9541,-0.1908,-2.8824,0.2882,-0.1586,-3.3629,20.07
4.700,1.0160,-0.2958,-3.0557,0.5214,-0.0964,-3.5530,20.08
4.720,1.0160,-0.2032,-3.0557,0.3056,-0.0964,-3.5530,20.07
4.740,1.1046,-0.3534,-3.2597,0.5801,-0.0964,-3.5530,20.06
4.760,1.1046,-0.2209,-3.2597,0.3260,-0.0526,-3.7214,20.07
4.780,1.1046,-0.2209,-3.2597,0.3260,-0.0526,-3.7214,20.08
4.800,1.2118,-0.4025,-3.4460,0.5764,-0.0470,-3.8709,20.09
4.820,1.2118,-0.2424,-3.4460,0.3446,-0.0470,-3.8709,20.07
4.840,1.2526,-0.3115,-3.5524,0.4876,-0.0470,-3.8709,20.09
4.860,1.2526,-0.2505,-3.5524,0.3552,-0.1009,-4.0558,20.15
4.880,1.2526,-0.2505,-3.5524,0.3552,-0.1009,-4.0558,20.07
4.900,1.2420,-0.2325,-3.6897,0.5400,-0.1774,-4.2244,20.08
4.920,1.2420,-0.2484,-3.6897,0.3690,-0.1774,-4.2244,20.07
4.940,1.1299,-0.0586,-3.8603,0.5982,-0.1774,-4.2244,20.10
4.960,1.1299,-0.2260,-3.8603,0.3860,-0.2824,-4.3475,20.07
4.980,1.1299,-0.2260,-3.8603,0.3860,-0.2824,-4.3475,20.10
5.000,0.9639,0.0550,-3.9339,0.4849,-0.3783,-4.4341,20.09
5.020,0.9639,-0.1928,-3.9339,0.3934,-0.3783,-4.4341,20.07
5.040,0.8035,0.0791,-3.9563,0.4236,-0.3783,-4.4341,20.07
5.060,0.8035,-0.1607,-3.9563,0.3956,-0.4443,-4.5506,20.08
5.080,0.8035,-0.1607,-3.9563,0.3956,-0.4443,-4.5506,20.09
5.100,0.6869,0.0369,-4.0563,0.5302,-0.5065,-4.6867,20.07
5.120,0.6869,-0.1374,-4.0563,0.4056,-0.5065,-4.6867,20.07
5.140,0.6400,-0.0581,-4.2214,0.6275,-0.5065,-4.6867,20.10
5.160,0.6400,-0.1280,-4.2214,0.4221,-0.5174,-4.7991,20.08
5.180,0.6400,-0.1280,-4.2214,0.4221,-0.5174,-4.7991,20.08
5.200,0.6621,-0.1654,-4.3383,0.5794,-0.5008,-4.8965,20.08
5.220,0.6621,-0.1324,-4.3383,0.4338,-0.5008,-4.8965,20.07
5.240,0.7477,-0.2774,-4.3726,0.4798,-0.5008,-4.8965,20.09
5.260,0.7477,-0.1495,-4.3726,0.4373,-0.5153,-4.9895,20.07
5.280,0.7477,-0.1495,-4.3726,0.4373,-0.5153,-4.9895,20.09
5.300,0.8679,-0.3532,-4.4499,0.5412,-0.5190,-5.1155,20.09
5.320,0.8679,-0.1736,-4.4499,0.4450,-0.5190,-5.1155,20.07
5.340,0.9135,-0.2509,-4.6194,0.6731,-0.5190,-5.1155,20.07
5.360,0.9135,-0.1827,-4.6194,0.4619,-0.5022,-5.2479,20.07
5.380,0.9135,-0.1827,-4.6194,0.4619,-0.5022,-5.2479,20.09
5.400,0.8886,-0.1405,-4.7948,0.6979,-0.5164,-5.4360,20.07
5.420,0.8886,-0.1777,-4.7948,0.4795,-0.5164,-5.4360,20.07
5.440,0.8187,-0.0593,-4.9575,0.6984,-0.5164,-5.4360,20.07
5.460,0.8187,-0.1637,-4.9575,0.4957,-0.5293,-5.5989,20.07
5.480,0.8187,-0.1637,-4.9575,0.4957,-0.5293,-5.5989,20.08
5.500,0.7623,-0.0681,-5.0389,0.6053,-0.5647,-5.8311,20.07
5.520,0.7623,-0.1525,-5.0389,0.5039,-0.5647,-5.8311,20.07
5.540,0.7248,-0.0889,-5.2169,0.7433,-0.5647,-5.8311,20.08
5.560,0.7248,-0.1450,-5.2169,0.5217,-0.5809,-6.0601,20.09
5.580,0.7248,-0.1450,-5.2169,0.5217,-0.5809,-6.0601,20.07
5.600,0.7170,-0.1318,-5.4391,0.8206,-0.5810,-6.3261,20.07
5.620,0.7170,-0.1434,-5.4391,0.5439,-0.5810,-6.3261,20.07
5.640,0.7403,-0.1828,-5.7127,0.9117,-0.5810,-6.3261,20.09
5.660,0.7403,-0.1481,-5.7127,0.5713,-0.5388,-6.5452,20.09
5.680,0.7403,-0.1481,-5.7127,0.5713,-0.5388,-6.5452,20.08
5.700,0.8062,-0.2597,-5.8999,0.8230,-0.4878,-6.7877,20.09
5.720,0.8062,-0.1612,-5.8999,0.5900,-0.4878,-6.7877,20.08
5.740,0.9090,-0.3354,-5.9950,0.7179,-0.4878,-6.7877,20.07
5.760,0.9090,-0.1818,-5.9950,0.5995,-0.4927,-6.9643,20.08
5.780,0.9090,-0.1818,-5.9950,0.5995,-0.4927,-6.9643,20.07
5.800,1.0060,-0.3461,-6.0910,0.7286,-0.5090,-7.1078,20.09
5.820,1.0060,-0.2012,-6.0910,0.6091,-0.5090,-7.1078,20.08
5.840,1.0221,-0.2284,-6.1804,0.7294,-0.5090,-7.1078,20.07
5.860,1.0221,-0.2044,-6.1804,0.6180,-0.5182,-7.2650,20.09
5.880,1.0221,-0.2044,-6.1804,0.6180,-0.5182,-7.2650,20.09
5.900,0.9333,-0.0541,-6.2466,0.7071,-0.5182,-7.3856,20.09
5.920,0.9333,-0.1867,-6.2466,0.6247,-0.5182,-7.3856,20.09
5.940,0.8248,-0.0029,-5.8609,0.1059,-0.5182,-7.3856,20.08
5.960,0.8248,-0.1650,-5.8609,0.5861,-0.5660,-7.4895,20.08
5.980,0.8248,-0.1650,-5.8609,0.5861,-0.5660,-7.4895,20.07
6.000,0.7237,0.0063,-5.3239,-0.1363,-0.6146,-7.5581,20.08
6.020,0.7237,-0.1447,-5.3239,0.5324,-0.6146,-7.5581,20.08
6.040,0.6611,-0.0387,-4.9153,-0.0174,-0.6146,-7.5581,20.07
6.060,0.6611,-0.1322,-4.9153,0.4915,-0.6446,-7.6484,20.07
6.080,0.6611,-0.1322,-4.9153,0.4915,-0.6446,-7.6484,20.07
6.100,0.6267,-0.0739,-4.6939,0.1937,-0.6202,-7.6492,20.07
6.120,0.6267,-0.1253,-4.6939,0.4694,-0.6202,-7.6492,20.08
6.140,0.6469,-0.1595,-4.6475,0.4069,-0.6202,-7.6492,20.07
6.160,0.6469,-0.1294,-4.6475,0.4647,-0.6164,-7.6431,20.08
6.180,0.6469,-0.1294,-4.6475,0.4647,-0.6164,-7.6431,20.06
6.200,0.6964,-0.2133,-4.7235,0.5670,-0.6138,-7.5673,20.08
6.220,0.6964,-0.1393,-4.7235,0.4724,-0.6138,-7.5673,20.08
6.240,0.7844,-0.2883,-4.8497,0.6420,-0.6138,-7.5673,20.08
6.260,0.7844,-0.1569,-4.8497,0.4850,-0.6168,-7.5481,20.08
6.280,0.7844,-0.1569,-4.8497,0.4850,-0.6168,-7.5481,20.07
6.300,0.8346,-0.2419,-5.0042,0.6927,-0.6242,-7.5342,20.08
6.320,0.8346,-0.1669,-5.0042,0.5004,-0.6242,-7.5342,20.07
6.340,0.7918,-0.0943,-5.0407,0.5496,-0.6242,-7.5342,20.07
6.360,0.7918,-0.1584,-5.0407,0.5041,-0.6226,-7.5440,20.08
6.380,0.7918,-0.1584,-5.0407,0.5041,-0.6226,-7.5440,20.06
6.400,0.7509,-0.0891,-4.9413,0.3704,-0.6639,-7.5660,20.08
6.420,0.7509,-0.1502,-4.9413,0.4941,-0.6639,-7.5660,20.07
6.440,0.6988,-0.0619,-4.9296,0.4783,-0.6639,-7.5660,20.08
6.460,0.6988,-0.1398,-4.9296,0.4930,-0.7003,-7.6174,20.08
6.480,0.6988,-0.1398,-4.9296,0.4930,-0.7003,-7.6174,20.06
6.500,0.6367,-0.0346,-5.0194,0.6138,-0.7239,-7.6871,20.08
6.520,0.6367,-0.1273,-5.0194,0.5019,-0.7239,-7.6871,20.07
6.540,0.5910,-0.0499,-5.1205,0.6379,-0.7169,-7.7607,20.08
6.560,0.5910,-0.1182,-5.1205,0.5121,-0.7169,-7.7607,20.07
6.580,0.5910,-0.1182,-5.1205,0.5121,-0.7169,-7.7607,20.07
6.600,0.5759,-0.0927,-5.1159,0.5058,-0.7271,-7.8481,20.08
6.620,0.5759,-0.1152,-5.1159,0.5116,-0.7271,-7.8481,20.07
6.640,0.5896,-0.1383,-5.1491,0.5563,-0.7290,-7.9240,20.07
6.660,0.5896,-0.1179,-5.1491,0.5149,-0.7290,-7.9240,20.09
6.680,0.5896,-0.1179,-5.1491,0.5149,-0.7290,-7.9240,20.09
6.700,0.6245,-0.1771,-5.2567,0.6596,-0.7138,-8.0122,20.08
6.720,0.6245,-0.1249,-5.2567,0.5257,-0.7138,-8.0122,20.07
6.740,0.6628,-0.1898,-5.3494,0.6503,-0.6984,-8.0748,20.09
6.760,0.6628,-0.1326,-5.3494,0.5349,-0.6984,-8.0748,20.09
6.780,0.6628,-0.1326,-5.3494,0.5349,-0.6984,-8.0748,20.08
6.800,0.7033,-0.2011,-5.3346,0.5150,-0.6724,-8.1103,20.09
6.820,0.7033,-0.1407,-5.3346,0.5335,-0.6724,-8.1103,20.08
6.840,0.7374,-0.1985,-5.3285,0.5253,-0.6830,-8.1374,20.08
6.860,0.7374,-0.1475,-5.3285,0.5329,-0.6830,-8.1374,20.10
6.880,0.7374,-0.1475,-5.3285,0.5329,-0.6830,-8.1374,20.08
6.900,0.7346,-0.1427,-5.3860,0.6101,-0.6807,-8.1820,20.09
6.920,0.7346,-0.1469,-5.3860,0.5386,-0.6807,-8.1820,20.08
6.940,0.6933,-0.0771,-5.4362,0.6062,-0.7077,-8.2321,20.09
6.960,0.6933,-0.1387,-5.4362,0.5436,-0.7077,-8.2321,20.09
6.980,0.6933,-0.1387,-5.4362,0.5436,-0.7077,-8.2321,20.07
7.000,0.6391,-0.0468,-5.4533,0.5666,-0.7298,-8.2510,20.09
7.020,0.6391,-0.1278,-5.4533,0.5453,-0.7298,-8.2510,20.07
7.040,0.5856,-0.0373,-5.4346,0.5202,-0.7351,-8.2466,20.07
7.060,0.5856,-0.1171,-5.4346,0.5435,-0.7351,-8.2466,20.08
7.080,0.5856,-0.1171,-5.4346,0.5435,-0.7351,-8.2466,20.08
7.100,0.5718,-0.0938,-5.4372,0.5469,-0.7389,-8.2272,20.09
7.120,0.5718,-0.1144,-5.4372,0.5437,-0.7389,-8.2272,20.09
7.140,0.5831,-0.1334,-5.4208,0.5217,-0.7370,-8.1769,20.08
7.160,0.5831,-0.1166,-5.4208,0.5421,-0.7370,-8.1769,20.09
7.180,0.5831,-0.1166,-5.4208,0.5421,-0.7370,-8.1769,20.08
7.200,0.6169,-0.1739,-5.3363,0.4284,-0.7201,-8.0685,20.08
7.220,0.6169,-0.1234,-5.3363,0.5336,-0.7201,-8.0685,20.09
7.240,0.6686,-0.2110,-5.2270,0.3866,-0.6895,-7.9524,20.07
7.260,0.6686,-0.1337,-5.2270,0.5227,-0.6895,-7.9524,20.07
7.280,0.6686,-0.1337,-5.2270,0.5227,-0.6895,-7.9524,20.07
7.300,0.7360,-0.2478,-5.1293,0.3913,-0.6620,-7.8171,20.09
7.320,0.7360,-0.1472,-5.1293,0.5129,-0.6620,-7.8171,20.09
7.340,0.7933,-0.2442,-5.0118,0.3550,-0.6198,-7.6490,20.08
7.360,0.7933,-0.1587,-5.0118,0.5012,-0.6198,-7.6490,20.07
7.380,0.8550,-0.2632,-4.8438,0.2752,-0.6198,-7.6490,20.07
7.400,0.8550,-0.1710,-4.8438,0.4844,-0.5865,-7.4576,20.09
7.420,0.8550,-0.1710,-4.8438,0.4844,-0.5865,-7.4576,20.08
7.440,0.9085,-0.2616,-4.6702,0.2509,-0.5476,-7.2700,20.08
7.460,0.9085,-0.1817,-4.6702,0.4670,-0.5476,-7.2700,20.09
7.480,0.9384,-0.2324,-4.4867,0.2202,-0.5476,-7.2700,20.09
7.500,0.9384,-0.1877,-4.4867,0.4487,-0.5202,-7.0493,20.09
7.520,0.9384,-0.1877,-4.4867,0.4487,-0.5202,-7.0493,20.09
7.540,0.9617,-0.2271,-4.2687,0.1556,-0.5015,-6.8048,20.08
7.560,0.9617,-0.1923,-4.2687,0.4269,-0.5015,-6.8048,20.09
7.580,0.9896,-0.2396,-4.0360,0.1137,-0.5015,-6.8048,20.07
7.600,0.9896,-0.1979,-4.0360,0.4036,-0.5077,-6.5594,20.08
7.620,0.9896,-0.1979,-4.0360,0.4036,-0.5077,-6.5594,20.08
7.640,0.9825,-0.1860,-3.8095,0.0988,-0.4962,-6.3015,20.07
7.660,0.9825,-0.1965,-3.8095,0.3809,-0.4962,-6.3015,20.07
7.680,0.9698,-0.1750,-3.5484,0.0297,-0.4962,-6.3015,20.07
7.700,0.9698,-0.1940,-3.5484,0.3548,-0.4546,-6.0130,20.09
7.720,0.9698,-0.1940,-3.5484,0.3548,-0.4546,-6.0130,20.08
7.740,0.9725,-0.1985,-3.2561,-0.0382,-0.3695,-5.6268,20.09
7.760,0.9725,-0.1945,-3.2561,0.3256,-0.3695,-5.6268,20.08
7.780,1.0097,-0.2576,-2.8866,-0.1717,-0.3695,-5.6268,20.06
7.800,1.0097,-0.2019,-2.8866,0.2887,-0.2448,-5.2691,20.07
7.820,1.0097,-0.2019,-2.8866,0.2887,-0.2448,-5.2691,20.07
7.840,1.1153,-0.3809,-2.5681,-0.1400,-0.1170,-4.9313,20.06
7.860,1.1153,-0.2231,-2.5681,0.2568,-0.1170,-4.9313,20.08
7.880,1.2961,-0.5292,-2.3141,-0.0847,-0.1170,-4.9313,20.09
7.900,1.2961,-0.2592,-2.3141,0.2314,-0.0318,-4.6659,20.08
7.920,1.2961,-0.2592,-2.3141,0.2314,-0.0318,-4.6659,20.07
7.940,1.5216,-0.6414,-2.1086,-0.0450,0.0267,-4.4499,20.07
7.960,1.5216,-0.3043,-2.1086,0.2109,0.0267,-4.4499,20.08
7.980,1.7321,-0.6612,-1.9770,0.0336,0.0267,-4.4499,20.06
8.000,1.7321,-0.3464,-1.9770,0.1977,0.0775,-4.2459,20.07
8.020,1.7321,-0.3464,-1.9770,0.1977,0.0775,-4.2459,20.07
8.040,1.8448,-0.5374,-1.8135,-0.0224,0.1106,-3.9943,20.06
8.060,1.8448,-0.3690,-1.8135,0.1814,0.1106,-3.9943,20.08
8.080,1.8436,-0.3669,-1.5006,-0.2399,0.1106,-3.9943,20.06
8.100,1.8436,-0.3687,-1.5006,0.1501,0.1361,-3.6087,20.07
8.120,1.8436,-0.3687,-1.5006,0.1501,0.1361,-3.6087,20.07
8.140,1.7967,-0.2893,-1.0184,-0.4989,0.1215,-3.1947,20.07
8.160,1.7967,-0.3593,-1.0184,0.1018,0.1215,-3.1947,20.08
8.180,1.7244,-0.2368,-0.5908,-0.4737,0.1215,-3.1947,20.06
8.200,1.7244,-0.3449,-0.5908,0.0591,0.1143,-2.7945,20.07
8.220,1.7244,-0.3449,-0.5908,0.0591,0.1143,-2.7945,20.07
8.240,1.6725,-0.2569,-0.2734,-0.3682,0.1118,-2.4237,20.06
8.260,1.6725,-0.3345,-0.2734,0.0273,0.1118,-2.4237,20.08
8.280,1.6361,-0.2727,-0.0388,-0.2885,0.1118,-2.4237,20.06
8.300,1.6361,-0.3272,-0.0388,0.0039,0.0844,-2.1123,20.07
8.320,1.6361,-0.3272,-0.0388,0.0039,0.0844,-2.1123,20.07
8.340,1.6165,-0.2941,0.2209,-0.3455,0.1026,-1.8334,20.07
8.360,1.6165,-0.3233,0.2209,-0.0221,0.1026,-1.8334,20.08
8.380,1.6263,-0.3399,0.5142,-0.4169,0.1026,-1.8334,20.07
8.400,1.6263,-0.3253,0.5142,-0.0514,0.1282,-1.5683,20.08
8.420,1.6263,-0.3253,0.5142,-0.0514,0.1282,-1.5683,20.07
8.440,1.6636,-0.3885,0.7350,-0.3486,0.1653,-1.3714,20.07
8.460,1.6636,-0.3327,0.7350,-0.0735,0.1653,-1.3714,20.08
8.480,1.7343,-0.4525,0.8906,-0.2828,0.1653,-1.3714,20.07
8.500,1.7343,-0.3469,0.8906,-0.0891,0.2195,-1.1868,20.09
8.520,1.7343,-0.3469,0.8906,-0.0891,0.2195,-1.1868,20.09
8.540,1.8352,-0.5178,1.0737,-0.3354,0.2907,-0.9542,20.08
8.560,1.8352,-0.3670,1.0737,-0.1074,0.2907,-0.9542,20.08
8.580,1.9654,-0.5876,1.3686,-0.5041,0.2907,-0.9542,20.08
8.600,1.9654,-0.3931,1.3686,-0.1369,0.3603,-0.7118,20.07
8.620,1.9654,-0.3931,1.3686,-0.1369,0.3603,-0.7118,20.07
8.640,2.1030,-0.6263,1.6224,-0.4784,0.3844,-0.4971,20.07
8.660,2.1030,-0.4206,1.6224,-0.1622,0.3844,-0.4971,20.09
8.680,2.2108,-0.6033,1.7705,-0.3615,0.3844,-0.4971,20.07
8.700,2.2108,-0.4422,1.7705,-0.1771,0.3795,-0.4678,20.08
8.720,2.2108,-0.4422,1.7705,-0.1771,0.3795,-0.4678,20.07
8.740,2.2881,-0.5731,1.8135,-0.2349,0.3819,-0.5126,20.07
8.760,2.2881,-0.4576,1.8135,-0.1813,0.3819,-0.5126,20.08
8.780,2.2736,-0.4331,1.7393,-0.0817,0.3819,-0.5126,20.09
8.800,2.2736,-0.4547,1.7393,-0.1739,0.3738,-0.5240,20.08
8.820,2.2736,-0.4547,1.7393,-0.1739,0.3738,-0.5240,20.08
8.840,2.1911,-0.3150,1.6461,-0.0485,0.3559,-0.5371,20.08
8.860,2.1911,-0.4382,1.6461,-0.1646,0.3559,-0.5371,20.08
8.880,2.0998,-0.2835,1.5644,-0.0548,0.3559,-0.5371,20.07
8.900,2.0998,-0.4200,1.5644,-0.1564,0.3412,-0.5696,20.08
8.920,2.0998,-0.4200,1.5644,-0.1564,0.3412,-0.5696,20.07
8.940,1.9939,-0.2404,1.5593,-0.1495,0.3413,-0.6298,20.07
8.960,1.9939,-0.3988,1.5593,-0.1559,0.3413,-0.6298,20.09
8.980,1.9692,-0.3570,1.6179,-0.2347,0.3413,-0.6298,20.08
9.000,1.9692,-0.3938,1.6179,-0.1618,0.3210,-0.6583,20.07
9.020,1.9692,-0.3938,1.6179,-0.1618,0.3210,-0.6583,20.08
9.040,2.0080,-0.4596,1.6754,-0.2392,0.3145,-0.6794,20.08
9.060,2.0080,-0.4016,1.6754,-0.1675,0.3145,-0.6794,20.08
9.080,2.0564,-0.4835,1.6841,-0.1792,0.3145,-0.6794,20.07
9.100,2.0564,-0.4113,1.6841,-0.1684,0.3389,-0.7054,20.08
9.120,2.0564,-0.4113,1.6841,-0.1684,0.3389,-0.7054,20.07
9.140,2.0785,-0.4487,1.6808,-0.1639,0.3031,-0.7315,20.07
9.160,2.0785,-0.4157,1.6808,-0.1681,0.3031,-0.7315,20.08
9.180,2.0512,-0.3695,1.7118,-0.2098,0.3031,-0.7315,20.07
9.200,2.0512,-0.4102,1.7118,-0.1712,0.3177,-0.7591,20.08
9.220,2.0512,-0.4102,1.7118,-0.1712,0.3177,-0.7591,20.08
9.240,1.9959,-0.3164,1.7436,-0.2140,0.3039,-0.7664,20.07
9.260,1.9959,-0.3992,1.7436,-0.1744,0.3039,-0.7664,20.08
9.280,1.9538,-0.3279,1.7785,-0.2213,0.3039,-0.7664,20.08
9.300,1.9538,-0.3908,1.7785,-0.1778,0.2810,-0.7503,20.08
9.320,1.9538,-0.3908,1.7785,-0.1778,0.2810,-0.7503,20.07
9.340,1.9457,-0.3771,1.8256,-0.2413,0.2791,-0.7406,20.07
9.360,1.9457,-0.3891,1.8256,-0.1826,0.2791,-0.7406,20.07
9.380,1.9604,-0.4139,1.8636,-0.2337,0.2791,-0.7406,20.09
9.400,1.9604,-0.3921,1.8636,-0.1864,0.3002,-0.6268,20.08
9.420,1.9604,-0.3921,1.8636,-0.1864,0.3002,-0.6268,20.08
9.440,1.9644,-0.3989,1.8788,-0.2068,0.3319,-0.4861,20.07
9.460,1.9644,-0.3929,1.8788,-0.1879,0.3319,-0.4861,20.07
9.480,1.9694,-0.4013,1.8515,-0.1511,0.3319,-0.4861,20.07
9.500,1.9694,-0.3939,1.8515,-0.1851,0.3295,-0.4413,20.07
9.520,1.9694,-0.3939,1.8515,-0.1851,0.3295,-0.4413,20.07
9.540,1.9675,-0.3907,1.8228,-0.1466,0.3327,-0.4007,20.07
9.560,1.9675,-0.3935,1.8228,-0.1823,0.3327,-0.4007,20.08
9.580,1.9663,-0.3915,1.8296,-0.1913,0.3327,-0.4007,20.08
9.600,1.9663,-0.3933,1.8296,-0.1830,0.3473,-0.3682,20.07
9.620,1.9663,-0.3933,1.8296,-0.1830,0.3473,-0.3682,20.08
9.640,1.9639,-0.3893,1.8430,-0.2011,0.3367,-0.3349,20.06
9.660,1.9639,-0.3928,1.8430,-0.1843,0.3367,-0.3349,20.08
9.680,1.9588,-0.3840,1.8707,-0.2215,0.3367,-0.3349,20.07
9.700,1.9588,-0.3918,1.8707,-0.1871,0.3318,-0.3056,20.07
9.720,1.9588,-0.3918,1.8707,-0.1871,0.3318,-0.3056,20.08
9.740,1.9588,-0.3918,1.8707,-0.1871,0.3383,-0.2844,20.06
9.760,1.9588,-0.3918,1.8707,-0.1871,0.3383,-0.2844,20.09
9.780,1.9582,-0.3907,1.8352,-0.1393,0.3383,-0.2844,20.09
9.800,1.9582,-0.3916,1.8352,-0.1835,0.3318,-0.2454,20.07
9.820,1.9582,-0.3916,1.8352,-0.1835,0.3318,-0.2454,20.10
9.840,1.9607,-0.3959,1.8214,-0.1650,0.3367,-0.2145,20.07
9.860,1.9607,-0.3921,1.8214,-0.1821,0.3367,-0.2145,20.09
9.880,1.9542,-0.3812,1.8198,-0.1800,0.3367,-0.2145,20.09
9.900,1.9542,-0.3908,1.8198,-0.1820,0.3261,-0.1812,20.07
9.920,1.9542,-0.3908,1.8198,-0.1820,0.3261,-0.1812,20.09
9.940,1.9404,-0.3674,1.8174,-0.1787,0.3391,-0.1389,20.07
9.960,1.9404,-0.3881,1.8174,-0.1817,0.3391,-0.1389,20.07
9.980,1.9346,-0.3783,1.8092,-0.1707,0.3391,-0.1389,20.09
10.000,1.9346,-0.3869,1.8092,-0.1809,0.3423,-0.0982,20.08
10.020,1.9346,-0.3869,1.8092,-0.1809,0.3423,-0.0982,20.09
10.040,1.9414,-0.3984,1.8106,-0.1828,0.3374,-0.0690,20.07
10.060,1.9414,-0.3883,1.8106,-0.1811,0.3374,-0.0690,20.08
10.080,1.9427,-0.3904,1.8037,-0.1718,0.3374,-0.0690,20.07
10.100,1.9427,-0.3885,1.8037,-0.1804,0.3407,-0.0284,20.07
10.120,1.9427,-0.3885,1.8037,-0.1804,0.3407,-0.0284,20.07
10.140,1.9302,-0.3673,1.7943,-0.1677,0.3553,0.0042,20.06
10.160,1.9302,-0.3860,1.7943,-0.1794,0.3553,0.0042,20.08
10.180,1.9302,-0.3860,1.7943,-0.1794,0.3553,0.0042,20.10
10.200,1.9302,-0.3860,1.7943,-0.1794,0.3447,0.0375,20.07
10.220,1.9302,-0.3860,1.7943,-0.1794,0.3447,0.0375,20.08
10.240,1.9233,-0.3744,1.7930,-0.1777,0.3496,0.0684,20.07
10.260,1.9233,-0.3847,1.7930,-0.1793,0.3496,0.0684,20.08
10.280,1.9314,-0.3985,1.7874,-0.1718,0.3496,0.0684,20.07
10.300,1.9314,-0.3863,1.7874,-0.1787,0.3561,0.0896,20.07
10.320,1.9314,-0.3863,1.7874,-0.1787,0.3561,0.0896,20.07
10.340,1.9317,-0.3867,1.7873,-0.1787,0.3552,0.1245,20.07
10.360,1.9317,-0.3863,1.7873,-0.1787,0.3552,0.1245,20.07
10.380,1.9177,-0.3626,1.7848,-0.1754,0.3552,0.1245,20.07
10.400,1.9177,-0.3835,1.7848,-0.1785,0.3617,0.1457,20.07
10.420,1.9177,-0.3835,1.7848,-0.1785,0.3617,0.1457,20.07
10.440,1.9189,-0.3857,1.7780,-0.1692,0.3626,0.1709,20.06
10.460,1.9189,-0.3838,1.7780,-0.1778,0.3626,0.1709,20.08
10.480,1.9201,-0.3858,1.7712,-0.1687,0.3626,0.1709,20.07
10.500,1.9201,-0.3840,1.7712,-0.1771,0.3593,0.1904,20.07
10.520,1.9201,-0.3840,1.7712,-0.1771,0.3593,0.1904,20.07
10.540,1.9214,-0.3862,1.7643,-0.1679,0.3658,0.2115,20.07
10.560,1.9214,-0.3843,1.7643,-0.1764,0.3658,0.2115,20.08
10.580,1.9213,-0.3841,1.7645,-0.1766,0.3658,0.2115,20.07
10.600,1.9213,-0.3843,1.7645,-0.1764,0.3625,0.2310,20.07
10.620,1.9213,-0.3843,1.7645,-0.1764,0.3625,0.2310,20.07
10.640,1.9144,-0.3726,1.7632,-0.1747,0.3690,0.2522,20.07
10.660,1.9144,-0.3829,1.7632,-0.1763,0.3690,0.2522,20.07
10.680,1.9145,-0.3830,1.7631,-0.1761,0.3690,0.2522,20.07
10.700,1.9145,-0.3829,1.7631,-0.1763,0.3617,0.2660,20.07
10.720,1.9145,-0.3829,1.7631,-0.1763,0.3617,0.2660,20.07
10.740,1.9089,-0.3734,1.7549,-0.1653,0.3544,0.2798,20.07
10.760,1.9089,-0.3818,1.7549,-0.1755,0.3544,0.2798,20.08
10.780,1.9033,-0.3723,1.7467,-0.1645,0.3544,0.2798,20.09
10.800,1.9033,-0.3807,1.7467,-0.1747,0.3569,0.2952,20.07
10.820,1.9033,-0.3807,1.7467,-0.1747,0.3569,0.2952,20.09
10.840,1.8950,-0.3667,1.7525,-0.1824,0.3650,0.3066,20.08
10.860,1.8950,-0.3790,1.7525,-0.1752,0.3650,0.3066,20.08
10.880,1.8950,-0.3790,1.7525,-0.1752,0.3650,0.3066,20.07
10.900,1.8950,-0.3790,1.7525,-0.1752,0.3577,0.3204,20.08
10.920,1.8950,-0.3790,1.7525,-0.1752,0.3577,0.3204,20.07
10.940,1.8907,-0.3716,1.7375,-0.1550,0.3601,0.3359,20.07
10.960,1.8907,-0.3781,1.7375,-0.1737,0.3601,0.3359,20.08
10.980,1.8976,-0.3898,1.7387,-0.1755,0.3601,0.3359,20.09
11.000,1.8976,-0.3795,1.7387,-0.1739,0.3625,0.3513,20.09
11.020,1.8976,-0.3795,1.7387,-0.1739,0.3625,0.3513,20.08
11.040,1.8964,-0.3775,1.7455,-0.1829,0.3552,0.3651,20.07
11.060,1.8964,-0.3793,1.7455,-0.1745,0.3552,0.3651,20.08
11.080,1.8908,-0.3698,1.7373,-0.1636,0.3552,0.3651,20.08
11.100,1.8908,-0.3782,1.7373,-0.1737,0.3536,0.3749,20.07
11.120,1.8908,-0.3782,1.7373,-0.1737,0.3536,0.3749,20.07
11.140,1.8933,-0.3825,1.7236,-0.1552,0.3520,0.3846,20.07
11.160,1.8933,-0.3787,1.7236,-0.1724,0.3520,0.3846,20.07
11.180,1.8946,-0.3808,1.7167,-0.1631,0.3520,0.3846,20.08
11.200,1.8946,-0.3789,1.7167,-0.1717,0.3545,0.4001,20.07
11.220,1.8946,-0.3789,1.7167,-0.1717,0.3545,0.4001,20.07
11.240,1.8946,-0.3789,1.7167,-0.1717,0.3528,0.4098,20.07
11.260,1.8946,-0.3789,1.7167,-0.1717,0.3528,0.4098,20.08
11.280,1.8959,-0.3811,1.7098,-0.1624,0.3528,0.4098,20.08
11.300,1.8959,-0.3792,1.7098,-0.1710,0.3528,0.4098,20.07
11.320,1.8959,-0.3792,1.7098,-0.1710,0.3528,0.4098,20.09
11.340,1.8971,-0.3813,1.7029,-0.1617,0.3512,0.4196,20.09
11.360,1.8971,-0.3794,1.7029,-0.1703,0.3512,0.4196,20.07
11.380,1.8959,-0.3773,1.7098,-0.1795,0.3496,0.4293,20.09
11.400,1.8959,-0.3792,1.7098,-0.1710,0.3496,0.4293,20.07
11.420,1.8959,-0.3792,1.7098,-0.1710,0.3496,0.4293,20.07
11.440,1.9052,-0.3950,1.7754,-0.2592,0.3496,0.4293,20.07
11.460,1.9052,-0.3810,1.7754,-0.1775,0.3496,0.4293,20.07
11.480,1.8985,-0.3697,1.9662,-0.4341,0.3552,0.4253,20.09
11.500,1.8985,-0.3797,1.9662,-0.1966,0.3552,0.4253,20.07
11.520,1.8972,-0.3775,2.3213,-0.6744,0.3552,0.4253,20.07
11.540,1.8972,-0.3794,2.3213,-0.2321,0.3593,0.4310,20.09
11.560,1.8972,-0.3794,2.3213,-0.2321,0.3593,0.4310,20.06
11.580,1.8914,-0.3697,2.8960,-1.0047,0.3593,0.4310,20.09
11.600,1.8914,-0.3783,2.8960,-0.2896,0.3593,0.4310,20.07
11.620,1.8820,-0.3623,3.7259,-1.4053,0.3593,0.4310,20.09
11.640,1.8820,-0.3764,3.7259,-0.3726,0.3634,0.4367,20.09
11.660,1.8820,-0.3764,3.7259,-0.3726,0.3634,0.4367,20.06
11.680,1.8567,-0.3335,4.7662,-1.7714,0.3634,0.4367,20.09
11.700,1.8567,-0.3713,4.7662,-0.4766,0.3634,0.4367,20.08
11.720,1.8226,-0.3136,4.9945,-0.7835,0.3634,0.4367,20.09
11.740,1.8226,-0.3645,4.9945,-0.4994,0.3674,0.4424,20.09
11.760,1.8226,-0.3645,4.9945,-0.4994,0.3674,0.4424,20.06
11.780,1.8352,-0.3859,4.0588,0.7580,0.3715,0.4481,20.10
11.800,1.8352,-0.3670,4.0588,-0.4059,0.3715,0.4481,20.08
11.820,1.8642,-0.4162,3.2392,0.6963,0.3715,0.4481,20.09
11.840,1.8642,-0.3728,3.2392,-0.3239,0.3755,0.4538,20.09
11.860,1.8642,-0.3728,3.2392,-0.3239,0.3755,0.4538,20.07
11.880,1.8609,-0.3672,2.6348,0.4892,0.3755,0.4538,20.07
11.900,1.8609,-0.3722,2.6348,-0.2635,0.3755,0.4538,20.07
11.920,1.8575,-0.3664,2.1506,0.3875,0.3755,0.4538,20.09
11.940,1.8575,-0.3715,2.1506,-0.2151,0.3853,0.4554,20.09
11.960,1.8575,-0.3715,2.1506,-0.2151,0.3853,0.4554,20.07
11.980,1.8519,-0.3621,1.7160,0.3692,0.3739,0.4635,20.09
12.000,1.8519,-0.3704,1.7160,-0.1716,0.3739,0.4635,20.09
12.020,1.8512,-0.3691,1.2966,0.3927,0.3739,0.4635,20.08
12.040,1.8512,-0.3702,1.2966,-0.1297,0.3739,0.4635,20.10
12.060,1.8512,-0.3702,1.2966,-0.1297,0.3739,0.4635,20.07
12.080,1.8730,-0.4072,0.9094,0.3910,0.3739,0.4635,20.08
12.100,1.8730,-0.3746,0.9094,-0.0909,0.3739,0.4635,20.06
12.120,1.8803,-0.3870,0.5627,0.3751,0.3739,0.4635,20.09
12.140,1.8803,-0.3761,0.5627,-0.0563,0.3780,0.4692,20.09
12.160,1.8803,-0.3761,0.5627,-0.0563,0.3780,0.4692,20.08
12.180,1.8889,-0.3905,0.2868,0.3148,0.3723,0.4733,20.08
12.200,1.8889,-0.3778,0.2868,-0.0287,0.3723,0.4733,20.06
12.220,1.8914,-0.3821,0.2733,-0.0105,0.3723,0.4733,20.08
12.240,1.8914,-0.3783,0.2733,-0.0273,0.3723,0.4733,20.08
12.260,1.8914,-0.3783,0.2733,-0.0273,0.3723,0.4733,20.07
12.280,1.8895,-0.3750,0.6285,-0.5050,0.3723,0.4733,20.08
12.300,1.8895,-0.3779,0.6285,-0.0628,0.3723,0.4733,20.07
12.320,1.8938,-0.3852,0.8355,-0.3413,0.3723,0.4733,20.08
12.340,1.8938,-0.3788,0.8355,-0.0836,0.3763,0.4790,20.07
12.360,1.8938,-0.3788,0.8355,-0.0836,0.3763,0.4790,20.09
12.380,1.8994,-0.3883,1.0356,-0.3527,0.3763,0.4790,20.08
12.400,1.8994,-0.3799,1.0356,-0.1036,0.3763,0.4790,20.07
12.420,1.9002,-0.3813,1.1850,-0.3045,0.3763,0.4790,20.08
12.440,1.9002,-0.3800,1.1850,-0.1185,0.3723,0.4733,20.07
12.460,1.9002,-0.3800,1.1850,-0.1185,0.3723,0.4733,20.07
12.480,1.8991,-0.3781,1.3057,-0.2808,0.3723,0.4733,20.08
12.500,1.8991,-0.3798,1.3057,-0.1306,0.3723,0.4733,20.08
12.520,1.8990,-0.3795,1.3838,-0.2356,0.3723,0.4733,20.07
12.540,1.8990,-0.3798,1.3838,-0.1384,0.3723,0.4733,20.07
12.560,1.8990,-0.3798,1.3838,-0.1384,0.3723,0.4733,20.07
12.580,1.9007,-0.3828,1.4125,-0.1771,0.3722,0.4733,20.09
12.600,1.9007,-0.3801,1.4125,-0.1413,0.3722,0.4733,20.09
12.620,1.9007,-0.3800,1.4127,-0.1414,0.3722,0.4733,20.08
12.640,1.9007,-0.3801,1.4127,-0.1413,0.3625,0.4716,20.09
12.660,1.9007,-0.3801,1.4127,-0.1413,0.3625,0.4716,20.07
12.680,1.9045,-0.3866,1.3920,-0.1135,0.3739,0.4635,20.08
12.700,1.9045,-0.3809,1.3920,-0.1392,0.3739,0.4635,20.09
12.720,1.9083,-0.3873,1.3715,-0.1116,0.3739,0.4635,20.07
12.740,1.9083,-0.3817,1.3715,-0.1372,0.3796,0.4595,20.07
12.760,1.9083,-0.3817,1.3715,-0.1372,0.3796,0.4595,20.07
12.780,1.9184,-0.3989,1.3165,-0.0632,0.3796,0.4595,20.08
12.800,1.9184,-0.3837,1.3165,-0.1317,0.3796,0.4595,20.09
12.820,1.9192,-0.3850,1.2740,-0.0744,0.3796,0.4595,20.07
12.840,1.9192,-0.3838,1.2740,-0.1274,0.3853,0.4554,20.08
12.860,1.9192,-0.3838,1.2740,-0.1274,0.3853,0.4554,20.08
12.880,1.9187,-0.3830,1.2383,-0.0794,0.3869,0.4457,20.08
12.900,1.9187,-0.3837,1.2383,-0.1238,0.3869,0.4457,20.08
12.920,1.9169,-0.3807,1.2095,-0.0851,0.3869,0.4457,20.07
12.940,1.9169,-0.3834,1.2095,-0.1210,0.3828,0.4400,20.09
12.960,1.9169,-0.3834,1.2095,-0.1210,0.3828,0.4400,20.09
12.980,1.9082,-0.3687,1.1795,-0.0805,0.3852,0.4554,20.08
13.000,1.9082,-0.3816,1.1795,-0.1179,0.3852,0.4554,20.08
13.020,1.9095,-0.3839,1.1725,-0.1085,0.3852,0.4554,20.07
13.040,1.9095,-0.3819,1.1725,-0.1172,0.3893,0.4611,20.07
13.060,1.9095,-0.3819,1.1725,-0.1172,0.3893,0.4611,20.07
13.080,1.9052,-0.3746,1.1574,-0.0970,0.3836,0.4652,20.07
13.100,1.9052,-0.3810,1.1574,-0.1157,0.3836,0.4652,20.07
13.120,1.9089,-0.3874,1.1371,-0.0883,0.3836,0.4652,20.06
13.140,1.9089,-0.3818,1.1371,-0.1137,0.3836,0.4652,20.07
13.160,1.9089,-0.3818,1.1371,-0.1137,0.3836,0.4652,20.07
13.180,1.9128,-0.3883,1.1163,-0.0858,0.3820,0.4750,20.08
13.200,1.9128,-0.3826,1.1163,-0.1116,0.3820,0.4750,20.07
13.220,1.9085,-0.3752,1.1013,-0.0914,0.3820,0.4750,20.06
13.240,1.9085,-0.3817,1.1013,-0.1101,0.3763,0.4790,20.09
13.260,1.9085,-0.3817,1.1013,-0.1101,0.3763,0.4790,20.07
13.280,1.9099,-0.3841,1.0943,-0.1008,0.3763,0.4790,20.09
13.300,1.9099,-0.3820,1.0943,-0.1094,0.3763,0.4790,20.08
13.320,1.9044,-0.3726,1.0860,-0.0983,0.3763,0.4790,20.06
13.340,1.9044,-0.3809,1.0860,-0.1086,0.3820,0.4750,20.07
13.360,1.9044,-0.3809,1.0860,-0.1086,0.3820,0.4750,20.07
13.380,1.9081,-0.3873,1.0655,-0.0810,0.3820,0.4749,20.08
13.400,1.9081,-0.3816,1.0655,-0.1066,0.3820,0.4749,20.08
13.420,1.9196,-0.4011,1.0035,-0.0231,0.3820,0.4749,20.06
13.440,1.9196,-0.3839,1.0035,-0.1004,0.3820,0.4749,20.09
13.460,1.9196,-0.3839,1.0035,-0.1004,0.3820,0.4749,20.07
13.480,1.9550,-0.4439,0.5055,0.5693,0.3763,0.4790,20.09
13.500,1.9550,-0.3910,0.5055,-0.0505,0.3763,0.4790,20.09
13.520,1.9980,-0.4638,-0.3751,1.1346,0.3763,0.4790,20.06
13.540,1.9980,-0.3996,-0.3751,0.0375,0.3706,0.4831,20.07
13.560,1.9980,-0.3996,-0.3751,0.0375,0.3706,0.4831,20.07
13.580,2.0291,-0.4523,-0.6180,0.3641,0.3706,0.4831,20.08
13.600,2.0291,-0.4058,-0.6180,0.0618,0.3706,0.4831,20.09
13.620,2.0497,-0.4408,-0.1948,-0.5078,0.3706,0.4831,20.06
13.640,2.0497,-0.4099,-0.1948,0.0195,0.3706,0.4831,20.08
13.660,2.0497,-0.4099,-0.1948,0.0195,0.3706,0.4831,20.09
13.680,2.0867,-0.4726,-0.5079,0.4405,0.3706,0.4831,20.08
13.700,2.0867,-0.4173,-0.5079,0.0508,0.3706,0.4831,20.08
13.720,2.1239,-0.4803,-0.9345,0.6250,0.3706,0.4831,20.07
13.740,2.1239,-0.4248,-0.9345,0.0934,0.3706,0.4831,20.09
13.760,2.1239,-0.4248,-0.9345,0.0934,0.3706,0.4831,20.08
13.780,2.1371,-0.4472,-1.0814,0.2912,0.3690,0.4928,20.07
13.800,2.1371,-0.4274,-1.0814,0.1081,0.3690,0.4928,20.09
13.820,2.1183,-0.3955,-0.9428,-0.0782,0.3690,0.4928,20.08
13.840,2.1183,-0.4237,-0.9428,0.0943,0.3706,0.4831,20.08
13.860,2.1183,-0.4237,-0.9428,0.0943,0.3706,0.4831,20.07
13.880,2.0632,-0.3303,-0.8395,-0.0447,0.3690,0.4928,20.08
13.900,2.0632,-0.4126,-0.8395,0.0839,0.3690,0.4928,20.05
13.920,1.9567,-0.2322,-0.6887,-0.1189,0.3690,0.4928,20.07
13.940,1.9567,-0.3913,-0.6887,0.0689,0.3690,0.4928,20.09
13.960,1.9567,-0.3913,-0.6887,0.0689,0.3690,0.4928,20.08
13.980,1.8397,-0.1930,-0.4049,-0.3130,0.3746,0.4888,20.07
14.000,1.8397,-0.3679,-0.4049,0.0405,0.3746,0.4888,20.07
14.020,1.7994,-0.2995,-0.0354,-0.4568,0.3746,0.4888,20.06
14.040,1.7994,-0.3599,-0.0354,0.0035,0.3763,0.4790,20.09
14.060,1.7994,-0.3599,-0.0354,0.0035,0.3763,0.4790,20.08
14.080,1.8442,-0.4359,0.3353,-0.4951,0.3763,0.4790,20.08
14.100,1.8442,-0.3688,0.3353,-0.0335,0.3763,0.4790,20.08
14.120,1.9037,-0.4696,0.5524,-0.3255,0.3763,0.4790,20.08
14.140,1.9037,-0.3807,0.5524,-0.0552,0.3820,0.4749,20.07
14.160,1.9037,-0.3807,0.5524,-0.0552,0.3820,0.4749,20.09
14.180,1.9259,-0.4184,0.6629,-0.2040,0.3877,0.4709,20.08
14.200,1.9259,-0.3852,0.6629,-0.0663,0.3877,0.4709,20.09
14.220,1.8890,-0.3227,0.8622,-0.3345,0.3877,0.4709,20.07
14.240,1.8890,-0.3778,0.8622,-0.0862,0.3934,0.4668,20.08
14.260,1.8890,-0.3778,0.8622,-0.0862,0.3934,0.4668,20.09
14.280,1.8405,-0.2956,1.0094,-0.2841,0.3934,0.4668,20.09
14.300,1.8405,-0.3681,1.0094,-0.1009,0.3934,0.4668,20.09
14.320,1.8390,-0.3657,1.0944,-0.2153,0.3934,0.4668,20.07
14.340,1.8390,-0.3678,1.0944,-0.1094,0.3950,0.4571,20.07
14.360,1.8390,-0.3678,1.0944,-0.1094,0.3950,0.4571,20.08
14.380,1.8916,-0.4568,1.1183,-0.1417,0.3950,0.4571,20.07
14.400,1.8916,-0.3783,1.1183,-0.1118,0.3950,0.4571,20.07
14.420,1.9578,-0.4906,0.6829,0.4742,0.3950,0.4571,20.06
14.440,1.9578,-0.3916,0.6829,-0.0683,0.3990,0.4628,20.07
14.460,1.9578,-0.3916,0.6829,-0.0683,0.3990,0.4628,20.07
14.480,2.0231,-0.5021,-0.4351,1.4351,0.3990,0.4628,20.09
14.500,2.0231,-0.4046,-0.4351,0.0435,0.3990,0.4628,20.08
14.520,2.0592,-0.4658,-1.6939,1.7372,0.3990,0.4628,20.07
14.540,2.0592,-0.4118,-1.6939,0.1694,0.3990,0.4628,20.08
14.560,2.0592,-0.4118,-1.6939,0.1694,0.3990,0.4628,20.07
14.580,2.0463,-0.3900,-1.6252,0.0769,0.3990,0.4628,20.07
14.600,2.0463,-0.4093,-1.6252,0.1625,0.3990,0.4628,20.07
14.620,2.0130,-0.3528,-0.8778,-0.8426,0.3990,0.4628,20.08
14.640,2.0130,-0.4026,-0.8778,0.0878,0.3990,0.4628,20.08
14.660,2.0130,-0.4026,-0.8778,0.0878,0.3990,0.4628,20.07
14.680,2.0090,-0.3957,-0.7788,-0.0455,0.4047,0.4587,20.07
14.700,2.0090,-0.4018,-0.7788,0.0779,0.4047,0.4587,20.07
14.720,1.9824,-0.3568,-1.0186,0.4005,0.4047,0.4587,20.07
14.740,1.9824,-0.3965,-1.0186,0.1019,0.4088,0.4644,20.07
14.760,1.9824,-0.3965,-1.0186,0.1019,0.4088,0.4644,20.09
14.780,1.9679,-0.3719,-1.6258,0.9186,0.4088,0.4644,20.08
14.800,1.9679,-0.3936,-1.6258,0.1626,0.4088,0.4644,20.09
14.820,1.9738,-0.4035,-2.1865,0.9166,0.4088,0.4644,20.08
14.840,1.9738,-0.3948,-2.1865,0.2186,0.4088,0.4644,20.09
14.860,1.9738,-0.3948,-2.1865,0.2186,0.4088,0.4644,20.09
14.880,1.9929,-0.4271,-1.9481,-0.1022,0.4088,0.4644,20.06
14.900,1.9929,-0.3986,-1.9481,0.1948,0.4088,0.4644,20.07
14.920,2.0260,-0.4548,-1.5935,-0.2826,0.4088,0.4644,20.06
14.940,2.0260,-0.4052,-1.5935,0.1593,0.4088,0.4644,20.08
14.960,2.0260,-0.4052,-1.5935,0.1593,0.4088,0.4644,20.08
14.980,2.0436,-0.4349,-1.4980,0.0308,0.4088,0.4644,20.06
15.000,2.0436,-0.4087,-1.4980,0.1498,0.4088,0.4644,20.08
15.020,2.0024,-0.3389,-1.5056,0.1600,0.4088,0.4644,20.07
15.040,2.0024,-0.4005,-1.5056,0.1506,0.4088,0.4644,20.08
15.060,2.0024,-0.4005,-1.5056,0.1506,0.4088,0.4644,20.07
15.080,1.9335,-0.2837,-1.5185,0.1679,0.4088,0.4644,20.06
15.100,1.9335,-0.3867,-1.5185,0.1518,0.4088,0.4644,20.08
15.120,1.8497,-0.2447,-1.4133,0.0103,0.4088,0.4644,20.07
15.140,1.8497,-0.3699,-1.4133,0.1413,0.4129,0.4701,20.08
15.160,1.8497,-0.3699,-1.4133,0.1413,0.4129,0.4701,20.07
15.180,1.7948,-0.2768,-1.1958,-0.1513,0.4072,0.4741,20.06
15.200,1.7948,-0.3590,-1.1958,0.1196,0.4072,0.4741,20.07
15.220,1.8192,-0.4003,-0.9069,-0.2693,0.4072,0.4741,20.06
15.240,1.8192,-0.3638,-0.9069,0.0907,0.4072,0.4741,20.07
15.260,1.8192,-0.3638,-0.9069,0.0907,0.4072,0.4741,20.08
15.280,1.8616,-0.4358,-0.6003,-0.3219,0.4015,0.4782,20.07
15.300,1.8616,-0.3723,-0.6003,0.0600,0.4015,0.4782,20.07
15.320,1.8818,-0.4066,-0.3266,-0.3085,0.4015,0.4782,20.06
15.340,1.8818,-0.3764,-0.3266,0.0327,0.4015,0.4782,20.07
15.360,1.8818,-0.3764,-0.3266,0.0327,0.4015,0.4782,20.07
15.380,1.8641,-0.3463,-0.1166,-0.2499,0.4015,0.4782,20.07
15.400,1.8641,-0.3728,-0.1166,0.0117,0.4015,0.4782,20.07
15.420,1.8227,-0.3027,0.0677,-0.2364,0.4015,0.4782,20.06
15.440,1.8227,-0.3645,0.0677,-0.0068,0.3958,0.4823,20.07
15.460,1.8227,-0.3645,0.0677,-0.0068,0.3958,0.4823,20.08
15.480,1.7935,-0.3150,0.2256,-0.2192,0.3958,0.4823,20.07
15.500,1.7935,-0.3587,0.2256,-0.0226,0.3958,0.4823,20.09
15.520,1.8006,-0.3708,0.3407,-0.1774,0.3958,0.4823,20.09
15.540,1.8006,-0.3601,0.3407,-0.0341,0.3958,0.4823,20.08
15.560,1.8006,-0.3601,0.3407,-0.0341,0.3958,0.4823,20.08
15.580,1.8305,-0.4107,0.4102,-0.1275,0.3958,0.4823,20.07
15.600,1.8305,-0.3661,0.4102,-0.0410,0.3958,0.4823,20.09
15.620,1.8529,-0.4041,0.4428,-0.0849,0.3958,0.4823,20.07
15.640,1.8529,-0.3706,0.4428,-0.0443,0.3958,0.4823,20.08
15.660,1.8529,-0.3706,0.4428,-0.0443,0.3958,0.4823,20.07
15.680,1.8417,-0.3516,0.4266,-0.0225,0.3917,0.4766,20.06
15.700,1.8417,-0.3683,0.4266,-0.0427,0.3917,0.4766,20.09
15.720,1.8136,-0.3208,0.3858,0.0122,0.3917,0.4766,20.07
15.740,1.8136,-0.3627,0.3858,-0.0386,0.3974,0.4725,20.08
15.760,1.7938,-0.3291,0.3396,0.0236,0.3974,0.4725,20.09
15.780,1.7938,-0.3588,0.3396,-0.0340,0.3974,0.4725,20.07
15.800,1.7938,-0.3588,0.3396,-0.0340,0.3974,0.4725,20.08
15.820,1.8094,-0.3853,0.2927,0.0291,0.3974,0.4725,20.07
15.840,1.8094,-0.3619,0.2927,-0.0293,0.3974,0.4725,20.09
15.860,1.8365,-0.4076,0.2623,0.0117,0.3974,0.4725,20.09
15.880,1.8365,-0.3673,0.2623,-0.0262,0.3974,0.4725,20.08
15.900,1.8365,-0.3673,0.2623,-0.0262,0.3974,0.4725,20.09
15.920,1.8403,-0.3738,0.2416,0.0015,0.4031,0.4684,20.09
15.940,1.8403,-0.3681,0.2416,-0.0242,0.4031,0.4684,20.07
15.960,1.8209,-0.3353,0.2309,-0.0098,0.4031,0.4684,20.09
15.980,1.8209,-0.3642,0.2309,-0.0231,0.4031,0.4684,20.07
16.000,1.8209,-0.3642,0.2309,-0.0231,0.4031,0.4684,20.09
16.020,1.7921,-0.3154,0.2327,-0.0255,0.4031,0.4684,20.08
16.040,1.7921,-0.3584,0.2327,-0.0233,0.4031,0.4684,20.08
16.060,1.7952,-0.3636,0.2546,-0.0527,0.4031,0.4684,20.07
16.080,1.7952,-0.3590,0.2546,-0.0255,0.4129,0.4701,20.09
16.100,1.7952,-0.3590,0.2546,-0.0255,0.4129,0.4701,20.07
16.120,1.8107,-0.3854,0.2859,-0.0676,0.4129,0.4701,20.07
16.140,1.8107,-0.3621,0.2859,-0.0286,0.4129,0.4701,20.08
16.160,1.8138,-0.3673,0.3079,-0.0580,0.4129,0.4701,20.09
16.180,1.8138,-0.3628,0.3079,-0.0308,0.4088,0.4644,20.08
16.200,1.8138,-0.3628,0.3079,-0.0308,0.4088,0.4644,20.08
16.220,1.8031,-0.3446,0.3272,-0.0568,0.4031,0.4684,20.07
16.240,1.8031,-0.3606,0.3272,-0.0327,0.4031,0.4684,20.08
16.260,1.7868,-0.3330,0.3383,-0.0476,0.4031,0.4684,20.08
16.280,1.7868,-0.3574,0.3383,-0.0338,0.4088,0.4644,20.09
16.300,1.7868,-0.3574,0.3383,-0.0338,0.4088,0.4644,20.07
16.320,1.7842,-0.3530,0.3520,-0.0523,0.4145,0.4603,20.07
16.340,1.7842,-0.3568,0.3520,-0.0352,0.4145,0.4603,20.07
16.360,1.7942,-0.3737,0.3753,-0.0665,0.4145,0.4603,20.07
16.380,1.7942,-0.3588,0.3753,-0.0375,0.4145,0.4603,20.07
16.400,1.7942,-0.3588,0.3753,-0.0375,0.4145,0.4603,20.07
16.420,1.8054,-0.3778,0.3916,-0.0595,0.4202,0.4562,20.07
16.440,1.8054,-0.3611,0.3916,-0.0392,0.4202,0.4562,20.08
16.460,1.7959,-0.3451,0.4041,-0.0559,0.4202,0.4562,20.07
16.480,1.7959,-0.3592,0.4041,-0.0404,0.4202,0.4562,20.08
16.500,1.7959,-0.3592,0.4041,-0.0404,0.4202,0.4562,20.07
16.520,1.7878,-0.3454,0.4096,-0.0478,0.4202,0.4562,20.08
16.540,1.7878,-0.3576,0.4096,-0.0410,0.4202,0.4562,20.07
16.560,1.7797,-0.3439,0.4152,-0.0485,0.4202,0.4562,20.08
16.580,1.7797,-0.3559,0.4152,-0.0415,0.4162,0.4506,20.07
16.600,1.7797,-0.3559,0.4152,-0.0415,0.4162,0.4506,20.07
16.620,1.7922,-0.3771,0.4245,-0.0541,0.4162,0.4506,20.07
16.640,1.7922,-0.3584,0.4245,-0.0425,0.4162,0.4506,20.07
16.660,1.7978,-0.3679,0.4327,-0.0534,0.4162,0.4506,20.08
16.680,1.7978,-0.3596,0.4327,-0.0433,0.4162,0.4505,20.08
16.700,1.7978,-0.3596,0.4327,-0.0433,0.4162,0.4505,20.07
16.720,1.7953,-0.3553,0.4464,-0.0618,0.4218,0.4465,20.07
16.740,1.7953,-0.3591,0.4464,-0.0446,0.4218,0.4465,20.07
16.760,1.7803,-0.3336,0.4508,-0.0505,0.4218,0.4465,20.09
16.780,1.7803,-0.3561,0.4508,-0.0451,0.4219,0.4465,20.07
16.800,1.7803,-0.3561,0.4508,-0.0451,0.4219,0.4465,20.09
16.820,1.7734,-0.3444,0.4496,-0.0435,0.4219,0.4465,20.07
16.840,1.7734,-0.3547,0.4496,-0.0450,0.4219,0.4465,20.06
16.860,1.7790,-0.3642,0.4577,-0.0559,0.4219,0.4465,20.09
16.880,1.7790,-0.3558,0.4577,-0.0458,0.4178,0.4408,20.08
16.900,1.7790,-0.3558,0.4577,-0.0458,0.4178,0.4408,20.08
16.920,1.7846,-0.3653,0.4658,-0.0566,0.4178,0.4408,20.08
16.940,1.7846,-0.3569,0.4658,-0.0466,0.4178,0.4408,20.06
16.960,1.7819,-0.3524,0.4796,-0.0652,0.4178,0.4408,20.07
16.980,1.7819,-0.3564,0.4796,-0.0480,0.4178,0.4408,20.08
17.000,1.7819,-0.3564,0.4796,-0.0480,0.4178,0.4408,20.07
17.020,1.7764,-0.3471,0.4714,-0.0369,0.4235,0.4367,20.09
17.040,1.7764,-0.3553,0.4714,-0.0471,0.4235,0.4367,20.06
17.060,1.7683,-0.3415,0.4770,-0.0547,0.4235,0.4367,20.09
17.080,1.7683,-0.3537,0.4770,-0.0477,0.4333,0.4383,20.06
17.100,1.7683,-0.3537,0.4770,-0.0477,0.4333,0.4383,20.08
17.120,1.7738,-0.3630,0.4852,-0.0588,0.4349,0.4286,20.07
17.140,1.7738,-0.3548,0.4852,-0.0485,0.4349,0.4286,20.07
17.160,1.7794,-0.3642,0.4934,-0.0595,0.4349,0.4286,20.09
17.180,1.7794,-0.3559,0.4934,-0.0493,0.4333,0.4383,20.07
17.200,1.7794,-0.3559,0.4934,-0.0493,0.4333,0.4383,20.08
17.220,1.7726,-0.3444,0.4920,-0.0475,0.4317,0.4480,20.08
17.240,1.7726,-0.3545,0.4920,-0.0492,0.4317,0.4480,20.07
17.260,1.7699,-0.3500,0.5060,-0.0680,0.4317,0.4480,20.09
17.280,1.7699,-0.3540,0.5060,-0.0506,0.4236,0.4367,20.09
17.300,1.7699,-0.3540,0.5060,-0.0506,0.4236,0.4367,20.07
17.320,1.7688,-0.3521,0.5126,-0.0596,0.4276,0.4424,20.07
17.340,1.7688,-0.3538,0.5126,-0.0513,0.4276,0.4424,20.07
17.360,1.7743,-0.3630,0.5211,-0.0627,0.4276,0.4424,20.07
17.380,1.7743,-0.3549,0.5211,-0.0521,0.4178,0.4408,20.07
17.400,1.7743,-0.3549,0.5211,-0.0521,0.4178,0.4408,20.07
17.420,1.7813,-0.3668,0.5221,-0.0534,0.4219,0.4465,20.07
17.440,1.7813,-0.3563,0.5221,-0.0522,0.4219,0.4465,20.08
17.460,1.7868,-0.3655,0.5303,-0.0633,0.4219,0.4465,20.07
17.480,1.7868,-0.3574,0.5303,-0.0530,0.4178,0.4408,20.07
17.500,1.7868,-0.3574,0.5303,-0.0530,0.4178,0.4408,20.07
17.520,1.7855,-0.3552,0.5374,-0.0626,0.4178,0.4408,20.08
17.540,1.7855,-0.3571,0.5374,-0.0537,0.4178,0.4408,20.07
17.560,1.7844,-0.3552,0.5440,-0.0625,0.4178,0.4408,20.08
17.580,1.7844,-0.3569,0.5440,-0.0544,0.4178,0.4408,20.07
17.600,1.7844,-0.3569,0.5440,-0.0544,0.4178,0.4408,20.07
17.620,1.7911,-0.3682,0.5458,-0.0569,0.4121,0.4448,20.07
17.640,1.7911,-0.3582,0.5458,-0.0546,0.4121,0.4448,20.07
17.660,1.7994,-0.3724,0.5395,-0.0461,0.4121,0.4448,20.07
17.680,1.7994,-0.3599,0.5395,-0.0540,0.4162,0.4505,20.07
17.700,1.7994,-0.3599,0.5395,-0.0540,0.4162,0.4505,20.07
17.720,1.8035,-0.3669,0.5552,-0.0751,0.4121,0.4448,20.07
17.740,1.8035,-0.3607,0.5552,-0.0555,0.4121,0.4448,20.07
17.760,1.8050,-0.3632,0.5477,-0.0454,0.4121,0.4448,20.08
17.780,1.8050,-0.3610,0.5477,-0.0548,0.4178,0.4408,20.08
17.800,1.8050,-0.3610,0.5477,-0.0548,0.4178,0.4408,20.07
17.820,1.8034,-0.3583,0.5553,-0.0651,0.4178,0.4408,20.07
17.840,1.8034,-0.3607,0.5553,-0.0555,0.4178,0.4408,20.07
17.860,1.8118,-0.3748,0.5492,-0.0472,0.4178,0.4408,20.07
17.880,1.8118,-0.3624,0.5492,-0.0549,0.4235,0.4367,20.07
17.900,1.8118,-0.3624,0.5492,-0.0549,0.4235,0.4367,20.09
17.920,1.8103,-0.3599,0.5566,-0.0649,0.4097,0.4294,20.07
17.940,1.8103,-0.3621,0.5566,-0.0557,0.4097,0.4294,20.07
17.960,1.8105,-0.3623,0.5562,-0.0551,0.4097,0.4294,20.07
17.980,1.8105,-0.3621,0.5562,-0.0556,0.4138,0.4351,20.08
18.000,1.8105,-0.3621,0.5562,-0.0556,0.4138,0.4351,20.07
18.020,1.8090,-0.3596,0.5637,-0.0658,0.4194,0.4310,20.07
18.040,1.8090,-0.3618,0.5637,-0.0564,0.4194,0.4310,20.08
18.060,1.8159,-0.3735,0.5648,-0.0578,0.4194,0.4310,20.09
18.080,1.8159,-0.3632,0.5648,-0.0565,0.3959,0.4221,20.08
18.100,1.8159,-0.3632,0.5648,-0.0565,0.3959,0.4221,20.08
18.120,1.8227,-0.3747,0.5665,-0.0588,0.3788,0.4342,20.09
18.140,1.8227,-0.3645,0.5665,-0.0567,0.3788,0.4342,20.08
18.160,1.8323,-0.3807,0.5907,-0.0892,0.3788,0.4342,20.07
18.180,1.8323,-0.3665,0.5907,-0.0591,0.2179,0.5578,20.07
18.200,1.8323,-0.3665,0.5907,-0.0591,0.2179,0.5578,20.08
18.220,1.8420,-0.3830,0.6882,-0.1902,0.0138,0.8496,20.07
18.240,1.8420,-0.3684,0.6882,-0.0688,0.0138,0.8496,20.08
18.260,1.8813,-0.4350,0.8545,-0.2926,0.0138,0.8496,20.08
18.280,1.8813,-0.3763,0.8545,-0.0855,-0.1083,1.2805,20.07
18.300,1.8813,-0.3763,0.8545,-0.0855,-0.1083,1.2805,20.08
18.320,1.9194,-0.4408,1.1043,-0.4214,-0.0305,1.7750,20.07
18.340,1.9194,-0.3839,1.1043,-0.1104,-0.0305,1.7750,20.08
18.360,1.9228,-0.3897,1.3939,-0.5000,-0.0305,1.7750,20.08
18.380,1.9228,-0.3846,1.3939,-0.1394,0.1921,2.2434,20.08
18.400,1.9228,-0.3846,1.3939,-0.1394,0.1921,2.2434,20.08
18.420,1.8716,-0.2978,1.7154,-0.5719,0.3555,2.6167,20.08
18.440,1.8716,-0.3743,1.7154,-0.1715,0.3555,2.6167,20.07
18.460,1.8250,-0.2953,2.0471,-0.6178,0.3555,2.6167,20.08
18.480,1.8250,-0.3650,2.0471,-0.2047,0.3564,2.8827,20.08
18.500,1.8250,-0.3650,2.0471,-0.2047,0.3564,2.8827,20.07
18.520,1.7817,-0.2918,2.3471,-0.6083,0.1742,3.0729,20.08
18.540,1.7817,-0.3563,2.3471,-0.2347,0.1742,3.0729,20.08
18.560,1.7474,-0.2982,2.6223,-0.6050,0.1742,3.0729,20.07
18.580,1.7474,-0.3495,2.6223,-0.2622,-0.0628,3.3192,20.08
18.600,1.7474,-0.3495,2.6223,-0.2622,-0.0628,3.3192,20.08
18.620,1.7069,-0.2809,2.8594,-0.5812,-0.1684,3.6179,20.07
18.640,1.7069,-0.3414,2.8594,-0.2859,-0.1684,3.6179,20.08
18.660,1.6541,-0.2519,3.0989,-0.6081,-0.1684,3.6179,20.08
18.680,1.6541,-0.3308,3.0989,-0.3099,-0.0837,4.0033,20.08
18.700,1.6541,-0.3308,3.0989,-0.3099,-0.0837,4.0033,20.08
18.720,1.6133,-0.2617,3.3668,-0.6704,0.0354,4.3646,20.07
18.740,1.6133,-0.3227,3.3668,-0.3367,0.0354,4.3646,20.11
18.760,1.5848,-0.2743,3.6445,-0.7103,0.0354,4.3646,20.08
18.780,1.5848,-0.3170,3.6445,-0.3645,0.0864,4.6894,20.07
18.800,1.5848,-0.3170,3.6445,-0.3645,0.0864,4.6894,20.08
18.820,1.5790,-0.3072,3.9360,-0.7565,-0.0092,4.9895,20.08
18.840,1.5790,-0.3158,3.9360,-0.3936,-0.0092,4.9895,20.07
18.860,1.5775,-0.3132,4.1938,-0.7403,-0.0092,4.9895,20.08
18.880,1.5775,-0.3155,4.1938,-0.4194,-0.2274,5.2995,20.07
18.900,1.5775,-0.3155,4.1938,-0.4194,-0.2274,5.2995,20.07
18.920,1.5332,-0.2406,4.4212,-0.7252,-0.4667,5.5806,20.09
18.940,1.5332,-0.3066,4.4212,-0.4421,-0.4667,5.5806,20.08
18.960,1.3634,-0.0189,4.6385,-0.7344,-0.4667,5.5806,20.08
18.980,1.3634,-0.2727,4.6385,-0.4639,-0.5510,5.7425,20.10
19.000,1.3634,-0.2727,4.6385,-0.4639,-0.5510,5.7425,20.07
19.020,1.1522,0.0851,4.8346,-0.7277,-0.4994,5.8419,20.08
19.040,1.1522,-0.2304,4.8346,-0.4835,-0.4994,5.8419,20.08
19.060,1.0134,0.0048,4.9714,-0.6675,-0.4994,5.8419,20.07
19.080,1.0134,-0.2027,4.9714,-0.4971,-0.3967,5.9998,20.09
19.100,1.0134,-0.2027,4.9714,-0.4971,-0.3967,5.9998,20.08
19.120,1.0036,-0.1861,5.1045,-0.6762,-0.2983,6.2477,20.07
19.140,1.0036,-0.2007,5.1045,-0.5105,-0.2983,6.2477,20.08
19.160,1.1163,-0.3918,5.2615,-0.7217,-0.2983,6.2477,20.08
19.180,1.1163,-0.2233,5.2615,-0.5262,-0.2184,6.4571,20.07
19.200,1.1163,-0.2233,5.2615,-0.5262,-0.2184,6.4571,20.07
19.220,1.3039,-0.5412,5.4038,-0.7177,-0.1579,6.6026,20.07
19.240,1.3039,-0.2608,5.4038,-0.5404,-0.1579,6.6026,20.07
19.260,1.4832,-0.5645,5.5385,-0.7216,-0.1579,6.6026,20.08
19.280,1.4832,-0.2966,5.5385,-0.5539,-0.1283,6.8138,20.07
19.300,1.4832,-0.2966,5.5385,-0.5539,-0.1283,6.8138,20.08
19.320,1.5494,-0.4087,5.6794,-0.7434,-0.1304,7.0647,20.08
19.340,1.5494,-0.3099,5.6794,-0.5679,-0.1304,7.0647,20.07
19.360,1.4770,-0.1872,5.8365,-0.7793,-0.1304,7.0647,20.08
19.380,1.4770,-0.2954,5.8365,-0.5837,-0.1982,7.2593,20.08
19.400,1.4770,-0.2954,5.8365,-0.5837,-0.1982,7.2593,20.08
19.420,1.3753,-0.1232,5.9824,-0.7799,-0.3004,7.3831,20.07
19.440,1.3753,-0.2751,5.9824,-0.5982,-0.3004,7.3831,20.07
19.460,1.2801,-0.1137,6.1068,-0.7656,-0.3004,7.3831,20.07
19.480,1.2801,-0.2560,6.1068,-0.6107,-0.3518,7.5650,20.08
19.500,1.2801,-0.2560,6.1068,-0.6107,-0.3518,7.5650,20.07
19.520,1.1835,-0.0922,6.2449,-0.7966,-0.2900,7.8220,20.07
19.540,1.1835,-0.2367,6.2449,-0.6245,-0.2900,7.8220,20.08
19.560,1.1604,-0.1977,6.4110,-0.8479,-0.2900,7.8220,20.07
19.580,1.1604,-0.2321,6.4110,-0.6411,-0.2126,7.9559,20.08
19.600,1.1604,-0.2321,6.4110,-0.6411,-0.2126,7.9559,20.08
19.620,1.2289,-0.3481,6.5451,-0.8216,-0.1515,8.0669,20.07
19.640,1.2289,-0.2458,6.5451,-0.6545,-0.1515,8.0669,20.08
19.660,1.3746,-0.4928,6.6373,-0.7785,-0.1515,8.0669,20.07
19.680,1.3746,-0.2749,6.6373,-0.6637,-0.1175,8.2838,20.07
19.700,1.3746,-0.2749,6.6373,-0.6637,-0.1175,8.2838,20.08
19.720,1.5157,-0.5139,6.7505,-0.8161,-0.1462,8.5101,20.08
19.740,1.5157,-0.3031,6.7505,-0.6751,-0.1462,8.5101,20.08
19.760,1.6036,-0.4520,6.8821,-0.8520,-0.1462,8.5101,20.07
19.780,1.6036,-0.3207,6.8821,-0.6882,-0.1778,8.6611,20.07
19.800,1.6036,-0.3207,6.8821,-0.6882,-0.1778,8.6611,20.08
19.820,1.5450,-0.2215,6.9503,-0.7801,-0.2066,8.7921,20.07
19.840,1.5450,-0.3090,6.9503,-0.6950,-0.2066,8.7921,20.07
19.860,1.4444,-0.1385,6.8322,-0.5361,-0.2066,8.7921,20.08
19.880,1.4444,-0.2889,6.8322,-0.6832,-0.2469,9.0172,20.08
19.900,1.3383,-0.1092,6.2562,0.0918,-0.2469,9.0172,20.07
19.920,1.3383,-0.2677,6.2562,-0.6256,-0.2187,9.2184,20.08
19.940,1.3383,-0.2677,6.2562,-0.6256,-0.2187,9.2184,20.09
19.960,1.2767,-0.1632,4.6562,1.5273,-0.2187,9.2184,20.07
19.980,1.2767,-0.2553,4.6562,-0.4656,-0.2012,9.2472,20.08
20.000,1.2767,-0.2553,4.6562,-0.4656,-0.2012,9.2472,20.07
20.020,1.2933,-0.2834,2.8154,2.0113,-0.1825,9.4483,20.07
20.040,1.2933,-0.2587,2.8154,-0.2815,-0.1825,9.4483,20.08
20.060,1.4007,-0.4406,1.2267,1.8556,-0.1825,9.4483,20.08
20.080,1.4007,-0.2801,1.2267,-0.1227,-0.1348,9.6113,20.08
20.100,1.5039,-0.4550,0.8770,0.3478,-0.1348,9.6113,20.08
20.120,1.5039,-0.3008,0.8770,-0.0877,-0.0805,9.6346,20.07
20.140,1.5039,-0.3008,0.8770,-0.0877,-0.0805,9.6346,20.08
20.160,1.5645,-0.4035,2.9966,-2.9392,-0.0389,9.5961,20.08
20.180,1.5645,-0.3129,2.9966,-0.2997,-0.0389,9.5961,20.07
20.200,1.6259,-0.4170,5.3164,-3.4204,-0.0389,9.5961,20.08
20.220,1.6259,-0.3252,5.3164,-0.5316,0.0054,9.6381,20.08
20.240,1.6259,-0.3252,5.3164,-0.5316,0.0054,9.6381,20.08
20.260,1.5850,-0.2558,6.6554,-2.3330,0.0006,9.7675,20.08
20.280,1.5850,-0.3170,6.6554,-0.6655,0.0006,9.7675,20.09
20.300,1.5749,-0.2999,3.5626,3.4932,0.0006,9.7675,20.09
20.320,1.5749,-0.3150,3.5626,-0.3563,-0.0015,9.7380,20.08
20.340,1.5749,-0.3150,3.5626,-0.3563,-0.0015,9.7380,20.07
20.360,1.5709,-0.3081,-0.5627,5.0000,-0.0017,9.6536,20.08
20.380,1.5709,-0.3142,-0.5627,0.0563,-0.0017,9.6536,20.07
20.400,1.5398,-0.2616,-1.9294,1.8952,-0.0017,9.6536,20.07
20.420,1.5398,-0.3080,-1.9294,0.1929,0.0141,9.6774,20.07
20.440,1.5398,-0.3080,-1.9294,0.1929,0.0141,9.6774,20.08
20.460,1.4971,-0.2355,1.6810,-4.6651,0.0310,9.8154,20.07
20.480,1.4971,-0.2994,1.6810,-0.1681,0.0310,9.8154,20.07
20.500,1.4614,-0.2391,5.5772,-5.0000,0.0310,9.8154,20.08
20.520,1.4614,-0.2923,5.5772,-0.5577,0.0463,9.8300,20.07
20.540,1.4614,-0.2923,5.5772,-0.5577,0.0463,9.8300,20.07
20.560,1.4210,-0.2237,7.1865,-2.7229,0.0735,9.8632,20.07
20.580,1.4210,-0.2842,7.1865,-0.7187,0.0735,9.8632,20.08
20.600,1.5344,-0.4763,1.6738,5.0000,0.0735,9.8632,20.07
20.620,1.5344,-0.3069,1.6738,-0.1674,0.1474,9.7792,20.07
20.640,1.5344,-0.3069,1.6738,-0.1674,0.1474,9.7792,20.07
20.660,1.6755,-0.5460,-4.2412,5.0000,0.1558,9.6938,20.08
20.680,1.6755,-0.3351,-4.2412,0.4241,0.1558,9.6938,20.07
20.700,1.7521,-0.4649,-3.6557,-0.3635,0.1558,9.6938,20.08
20.720,1.7521,-0.3504,-3.6557,0.3656,0.1388,9.6898,20.08
20.740,1.7521,-0.3504,-3.6557,0.3656,0.1388,9.6898,20.09
20.760,1.7071,-0.2742,0.7469,-5.0000,0.1887,9.7650,20.08
20.780,1.7071,-0.3414,0.7469,-0.0747,0.1887,9.7650,20.08
20.800,1.6734,-0.2843,4.2917,-4.8440,0.1887,9.7650,20.07
20.820,1.6734,-0.3347,4.2917,-0.4292,0.2455,9.7797,20.08
20.840,1.6734,-0.3347,4.2917,-0.4292,0.2455,9.7797,20.08
20.860,1.6025,-0.2146,3.4373,0.7205,0.2908,9.7055,20.07
20.880,1.6025,-0.3205,3.4373,-0.3437,0.2908,9.7055,20.08
20.900,1.6552,-0.4098,-0.0839,4.3943,0.2908,9.7055,20.07
20.920,1.6552,-0.3310,-0.0839,0.0084,0.2799,9.6018,20.07
20.940,1.6552,-0.3310,-0.0839,0.0084,0.2799,9.6018,20.07
20.960,1.7275,-0.4535,-3.2119,4.2145,0.2179,9.6295,20.09
20.980,1.7275,-0.3455,-3.2119,0.3212,0.2179,9.6295,20.08
21.000,1.7724,-0.4216,-1.8135,-1.5601,0.2179,9.6295,20.08
21.020,1.7724,-0.3545,-1.8135,0.1813,0.2383,9.5145,20.07
21.040,1.7724,-0.3545,-1.8135,0.1813,0.2383,9.5145,20.08
21.060,1.7257,-0.2753,2.1594,-5.0000,0.2052,9.5505,20.07
21.080,1.7257,-0.3451,2.1594,-0.2159,0.2052,9.5505,20.08
21.100,1.7017,-0.3045,5.1587,-4.2507,0.2052,9.5505,20.08
21.120,1.7017,-0.3403,5.1587,-0.5159,0.1976,9.4762,20.08
21.140,1.7017,-0.3403,5.1587,-0.5159,0.1976,9.4762,20.08
21.160,1.6651,-0.2784,3.6699,1.4870,0.2399,9.5441,20.08
21.180,1.6651,-0.3330,3.6699,-0.3670,0.2399,9.5441,20.08
21.200,1.6941,-0.3822,0.0088,4.5579,0.2399,9.5441,20.08
21.220,1.6941,-0.3388,0.0088,-0.0009,0.2348,9.3653,20.08
21.240,1.6941,-0.3388,0.0088,-0.0009,0.2348,9.3653,20.07
21.260,1.7719,-0.4707,-3.3672,4.5407,0.2216,9.4798,20.08
21.280,1.7719,-0.3544,-3.3672,0.3367,0.2216,9.4798,20.08
21.300,1.7951,-0.3936,-2.3648,-1.0118,0.2216,9.4798,20.07
21.320,1.7951,-0.3590,-2.3648,0.2365,0.1871,9.3819,20.08
21.340,1.7951,-0.3590,-2.3648,0.2365,0.1871,9.3819,20.07
21.360,1.7207,-0.2329,2.2224,-5.0000,0.1389,9.5774,20.07
21.380,1.7207,-0.3441,2.2224,-0.2222,0.1389,9.5774,20.08
21.400,1.6579,-0.2377,5.9842,-5.0000,0.1389,9.5774,20.08
21.420,1.6579,-0.3316,5.9842,-0.5984,0.1330,9.4536,20.08
21.440,1.6579,-0.3316,5.9842,-0.5984,0.1330,9.4536,20.08
21.460,1.6031,-0.2387,4.5845,1.2850,0.1464,9.5622,20.07
21.480,1.6031,-0.3206,4.5845,-0.4585,0.1464,9.5622,20.08
21.500,1.6343,-0.3734,0.3535,5.0000,0.1464,9.5622,20.08
21.520,1.6343,-0.3269,0.3535,-0.0353,0.1869,9.4369,20.07
21.540,1.6343,-0.3269,0.3535,-0.0353,0.1869,9.4369,20.08
21.560,1.7221,-0.4756,-3.4412,5.0000,0.1868,9.4568,20.08
21.580,1.7221,-0.3444,-3.4412,0.3441,0.1868,9.4568,20.08
21.600,1.7490,-0.3901,-1.4407,-2.3471,0.1868,9.4568,20.08
21.620,1.7490,-0.3498,-1.4407,0.1441,0.2447,9.3757,20.08
21.640,1.7490,-0.3498,-1.4407,0.1441,0.2447,9.3757,20.08
21.660,1.6940,-0.2565,3.7336,-5.0000,0.2546,9.5231,20.08
21.680,1.6940,-0.3388,3.7336,-0.3734,0.2546,9.5231,20.08
21.700,1.6527,-0.2689,6.4803,-4.0682,0.2546,9.5231,20.08
21.720,1.6527,-0.3305,6.4803,-0.6480,0.2425,9.4892,20.08
21.740,1.6527,-0.3305,6.4803,-0.6480,0.2425,9.4892,20.09
21.760,1.6806,-0.3779,3.7435,3.0336,0.2873,9.3896,20.08
21.780,1.6806,-0.3361,3.7435,-0.3743,0.2873,9.3896,20.08
21.800,1.7660,-0.4808,-0.1412,4.8523,0.2873,9.3896,20.07
21.820,1.7660,-0.3532,-0.1412,0.0141,0.2323,9.3235,20.08
21.840,1.7660,-0.3532,-0.1412,0.0141,0.2323,9.3235,20.08
21.860,1.9002,-0.5805,-3.6914,4.7908,0.2753,9.3603,20.07
21.880,1.9002,-0.3800,-3.6914,0.3691,0.2753,9.3603,20.08
21.900,1.9611,-0.4833,-2.4109,-1.3535,0.2753,9.3603,20.08
21.920,1.9611,-0.3922,-2.4109,0.2411,0.2887,9.2697,20.07
21.940,1.9611,-0.3922,-2.4109,0.2411,0.2887,9.2697,20.07
21.960,1.8393,-0.1858,2.7931,-5.0000,0.2814,9.3102,20.08
21.980,1.8393,-0.3679,2.7931,-0.2793,0.2814,9.3102,20.08
22.000,1.7592,-0.2323,6.3364,-5.0000,0.2814,9.3102,20.08
22.020,1.7592,-0.3518,6.3364,-0.6336,0.2848,9.2257,20.07
22.040,1.7592,-0.3518,6.3364,-0.6336,0.2848,9.2257,20.08
22.060,1.7177,-0.2814,4.1849,2.2610,0.3353,9.1389,20.07
22.080,1.7177,-0.3435,4.1849,-0.4185,0.3353,9.1389,20.07
22.100,1.7969,-0.4778,-0.5201,5.0000,0.3353,9.1389,20.08
22.120,1.7969,-0.3594,-0.5201,0.0520,0.3164,8.8561,20.08
22.140,1.7969,-0.3594,-0.5201,0.0520,0.3164,8.8561,20.08
22.160,1.9251,-0.5766,-5.0419,5.0000,0.3108,8.7273,20.08
22.180,1.9251,-0.3850,-5.0419,0.5042,0.3108,8.7273,20.08
22.200,1.9504,-0.4279,-4.0523,-0.8272,0.3108,8.7273,20.07
22.220,1.9504,-0.3901,-4.0523,0.4052,0.2829,8.5047,20.07
22.240,1.9504,-0.3901,-4.0523,0.4052,0.2829,8.5047,20.07
22.260,1.8446,-0.2108,1.3629,-5.0000,0.2866,8.4999,20.07
22.280,1.8446,-0.3689,1.3629,-0.1363,0.2866,8.4999,20.08
22.300,1.7635,-0.2316,5.3752,-5.0000,0.2866,8.4999,20.08
22.320,1.7635,-0.3527,5.3752,-0.5375,0.2285,8.1494,20.07
22.340,1.7635,-0.3527,5.3752,-0.5375,0.2285,8.1494,20.08
22.360,1.7028,-0.2498,3.4415,2.0637,0.2340,7.9609,20.08
22.380,1.7028,-0.3406,3.4415,-0.3441,0.2340,7.9609,20.08
22.400,1.7886,-0.4860,-1.3552,5.0000,0.2340,7.9609,20.08
22.420,1.7886,-0.3577,-1.3552,0.1355,0.1747,7.5829,20.07
22.440,1.7886,-0.3577,-1.3552,0.1355,0.1747,7.5829,20.08
22.460,1.9060,-0.5567,-5.8090,5.0000,0.1248,7.4042,20.07
22.480,1.9060,-0.3812,-5.8090,0.5809,0.1248,7.4042,20.08
22.500,1.9137,-0.3941,-4.2667,-1.4929,0.1248,7.4042,20.09
22.520,1.9137,-0.3827,-4.2667,0.4267,0.1415,7.0423,20.07
22.540,1.9137,-0.3827,-4.2667,0.4267,0.1415,7.0423,20.07
22.560,1.8096,-0.2064,1.2133,-5.0000,0.1463,6.9979,20.08
22.580,1.8096,-0.3619,1.2133,-0.1213,0.1463,6.9979,20.07
22.600,1.6870,-0.1542,5.1460,-5.0000,0.1463,6.9979,20.07
22.620,1.6870,-0.3374,5.1460,-0.5146,0.1479,6.6609,20.08
22.640,1.6870,-0.3374,5.1460,-0.5146,0.1479,6.6609,20.07
22.660,1.6309,-0.2423,3.1913,2.1150,0.1628,6.4677,20.08
22.680,1.6309,-0.3262,3.1913,-0.3191,0.1628,6.4677,20.08
22.700,1.7071,-0.4553,-1.5997,5.0000,0.1628,6.4677,20.07
22.720,1.7071,-0.3414,-1.5997,0.1600,0.1193,6.0862,20.08
22.740,1.7071,-0.3414,-1.5997,0.1600,0.1193,6.0862,20.08
22.760,1.8641,-0.6074,-6.1176,5.0000,0.0749,5.8931,20.07
22.780,1.8641,-0.3728,-6.1176,0.6118,0.0749,5.8931,20.07
22.800,1.9226,-0.4719,-5.0069,-0.8827,0.0749,5.8931,20.07
22.820,1.9226,-0.3845,-5.0069,0.5007,0.0613,5.5712,20.07
22.840,1.9226,-0.3845,-5.0069,0.5007,0.0613,5.5712,20.07
22.860,1.8391,-0.2430,0.1790,-5.0000,0.1464,5.3188,20.07
22.880,1.8391,-0.3678,0.1790,-0.0179,0.1464,5.3188,20.07
22.900,1.8093,-0.3173,4.2727,-5.0000,0.1464,5.3188,20.07
22.920,1.8093,-0.3619,4.2727,-0.4273,0.2018,5.0764,20.07
22.940,1.8093,-0.3619,4.2727,-0.4273,0.2018,5.0764,20.07
22.960,1.8255,-0.3894,3.3768,0.7784,0.2866,4.9826,20.07
22.980,1.8255,-0.3651,3.3768,-0.3377,0.2866,4.9826,20.07
23.000,1.9248,-0.5334,-1.0738,5.0000,0.2866,4.9826,20.08
23.020,1.9248,-0.3850,-1.0738,0.1074,0.3313,4.7997,20.07
23.040,1.9248,-0.3850,-1.0738,0.1074,0.3313,4.7997,20.07
23.060,2.0432,-0.5856,-5.2054,5.0000,0.3017,4.6216,20.07
23.080,2.0432,-0.4086,-5.2054,0.5205,0.3017,4.6216,20.07
23.100,1.9775,-0.2972,-2.9079,-2.5707,0.3017,4.6216,20.07
23.120,1.9775,-0.3955,-2.9079,0.2908,0.2681,4.3789,20.07
23.140,1.9775,-0.3955,-2.9079,0.2908,0.2681,4.3789,20.07
23.160,1.8806,-0.2313,2.7115,-5.0000,0.2342,4.2450,20.07
23.180,1.8806,-0.3761,2.7115,-0.2711,0.2342,4.2450,20.07
23.200,1.7307,-0.1222,5.6154,-4.1783,0.2342,4.2450,20.07
23.220,1.7307,-0.3461,5.6154,-0.5615,0.2252,4.1262,20.07
23.240,1.7307,-0.3461,5.6154,-0.5615,0.2252,4.1262,20.07
23.260,1.6547,-0.2173,2.5895,3.5099,0.2303,3.9926,20.07
23.280,1.6547,-0.3309,2.5895,-0.2590,0.2303,3.9926,20.07
23.300,1.7195,-0.4407,-1.6694,5.0000,0.2303,3.9926,20.07
23.320,1.7195,-0.3439,-1.6694,0.1669,0.2456,3.7502,20.08
23.340,1.7195,-0.3439,-1.6694,0.1669,0.2456,3.7502,20.07
23.360,1.8192,-0.5129,-5.6984,5.0000,0.2759,3.5426,20.07
23.380,1.8192,-0.3638,-5.6984,0.5698,0.2759,3.5426,20.07
23.400,1.8468,-0.4106,-4.3950,-1.1839,0.2759,3.5426,20.07
23.420,1.8468,-0.3694,-4.3950,0.4395,0.2724,3.2109,20.07
23.440,1.8468,-0.3694,-4.3950,0.4395,0.2724,3.2109,20.07
23.460,1.7543,-0.2124,1.4758,-5.0000,0.2782,3.0476,20.05
23.480,1.7543,-0.3509,1.4758,-0.1476,0.2782,3.0476,20.07
23.500,1.6324,-0.1443,5.7796,-5.0000,0.2782,3.0476,20.07
23.520,1.6324,-0.3265,5.7796,-0.5780,0.2688,2.9091,20.07
23.540,1.6324,-0.3265,5.7796,-0.5780,0.2688,2.9091,20.07
23.560,1.6190,-0.3038,3.6492,2.2886,0.2738,2.8745,20.07
23.580,1.6190,-0.3238,3.6492,-0.3649,0.2738,2.8745,20.07
23.600,1.7108,-0.4794,-1.3727,5.0000,0.2738,2.8745,20.07
23.620,1.7108,-0.3422,-1.3727,0.1373,0.2641,2.6964,20.07
23.640,1.7108,-0.3422,-1.3727,0.1373,0.2641,2.6964,20.07
23.660,1.8424,-0.5651,-6.1511,5.0000,0.2744,2.5085,20.07
23.680,1.8424,-0.3685,-6.1511,0.6151,0.2744,2.5085,20.07
23.700,1.8809,-0.4338,-5.1234,-0.7676,0.2744,2.5085,20.07
23.720,1.8809,-0.3762,-5.1234,0.5123,0.2804,2.2364,20.07
23.740,1.8809,-0.3762,-5.1234,0.5123,0.2804,2.2364,20.07
23.760,1.7508,-0.1557,0.2286,-5.0000,0.3008,2.0979,20.07
23.780,1.7508,-0.3502,0.2286,-0.0229,0.3008,2.0979,20.07
23.800,1.6000,-0.0946,4.5975,-5.0000,0.3008,2.0979,20.07
23.820,1.6000,-0.3200,4.5975,-0.4598,0.2765,1.9841,20.07
23.840,1.6000,-0.3200,4.5975,-0.4598,0.2765,1.9841,20.07
23.860,1.4832,-0.1220,3.8138,0.5947,0.2764,2.0138,20.07
23.880,1.4832,-0.2966,3.8138,-0.3814,0.2764,2.0138,20.07
23.900,1.5466,-0.4041,-0.6360,5.0000,0.2764,2.0138,20.07
23.920,1.5466,-0.3093,-0.6360,0.0636,0.2764,1.8951,20.07
23.940,1.5466,-0.3093,-0.6360,0.0636,0.2764,1.8951,20.07
23.960,1.6365,-0.4617,-4.9145,5.0000,0.3262,1.7370,20.07
23.980,1.6365,-0.3273,-4.9145,0.4915,0.3262,1.7370,20.07
24.000,1.6436,-0.3393,-3.2384,-1.7625,0.3262,1.7370,20.08
24.020,1.6436,-0.3287,-3.2384,0.3238,0.3272,1.4600,20.10
24.040,1.6436,-0.3287,-3.2384,0.3238,0.3272,1.4600,20.07
24.060,1.5500,-0.1701,2.2240,-5.0000,0.3426,1.3362,20.08
24.080,1.5500,-0.3100,2.2240,-0.2224,0.3426,1.3362,20.07
24.100,1.4147,-0.0807,5.5289,-4.6683,0.3426,1.3362,20.08
24.120,1.4147,-0.2829,5.5289,-0.5529,0.3282,1.2323,20.08
24.140,1.4147,-0.2829,5.5289,-0.5529,0.3282,1.2323,20.07
24.160,1.3341,-0.1465,2.6882,3.2687,0.3430,1.1879,20.08
24.180,1.3341,-0.2668,2.6882,-0.2688,0.3430,1.1879,20.07
24.200,1.3903,-0.3621,-2.1267,5.0000,0.3430,1.1879,20.07
24.220,1.3903,-0.2781,-2.1267,0.2127,0.2987,1.0345,20.07
24.240,1.3903,-0.2781,-2.1267,0.2127,0.2987,1.0345,20.08
24.260,1.4914,-0.4493,-6.8403,5.0000,0.3288,0.8862,20.07
24.280,1.4914,-0.2983,-6.8403,0.6840,0.3288,0.8862,20.08
24.300,1.5527,-0.4022,-6.4005,0.0923,0.3288,0.8862,20.08
24.320,1.5527,-0.3105,-6.4005,0.6400,0.3541,0.7132,20.08
24.340,1.5527,-0.3105,-6.4005,0.6400,0.3541,0.7132,20.08
24.360,1.4820,-0.1906,-0.9432,-5.0000,0.4777,0.7580,20.07
24.380,1.4820,-0.2964,-0.9432,0.0943,0.4777,0.7580,20.08
24.400,1.3715,-0.1092,3.8448,-5.0000,0.4777,0.7580,20.08
24.420,1.3715,-0.2743,3.8448,-0.3845,0.4679,0.7579,20.07
24.440,1.3715,-0.2743,3.8448,-0.3845,0.4679,0.7579,20.08
24.460,1.2910,-0.1379,3.8517,-0.3937,0.4283,0.7282,20.08
24.480,1.2910,-0.2582,3.8517,-0.3852,0.4283,0.7282,20.08
24.500,1.3259,-0.3174,-0.6449,5.0000,0.4283,0.7282,20.08
24.520,1.3259,-0.2652,-0.6449,0.0645,0.3887,0.7083,20.08
24.540,1.3965,-0.3848,-5.0116,5.0000,0.3887,0.7083,20.08
24.560,1.3965,-0.2793,-5.0116,0.5012,0.3888,0.7083,20.08
24.580,1.3965,-0.2793,-5.0116,0.5012,0.3888,0.7083,20.08
24.600,1.3893,-0.2672,-2.4266,-2.9770,0.3888,0.7083,20.07
24.620,1.3893,-0.2779,-2.4266,0.2427,0.4086,0.7182,20.08
24.640,1.2651,-0.0674,5.1126,-5.0000,0.4086,0.7182,20.07
24.660,1.2651,-0.2530,5.1126,-0.5113,0.4728,0.7530,20.08
24.680,1.2651,-0.2530,5.1126,-0.5113,0.4728,0.7530,20.08
24.700,1.1423,-0.0449,7.8938,-4.2533,0.4728,0.7530,20.07
24.720,1.1423,-0.2285,7.8938,-0.7894,0.6359,0.8078,20.08
24.740,1.2470,-0.4059,2.4018,5.0000,0.6359,0.8078,20.08
24.760,1.2470,-0.2494,2.4018,-0.2402,0.7399,0.7438,20.07
24.780,1.2470,-0.2494,2.4018,-0.2402,0.7399,0.7438,20.07
24.800,1.3871,-0.4867,-3.3699,5.0000,0.7399,0.7438,20.08
24.820,1.3871,-0.2774,-3.3699,0.3370,0.6906,0.6744,20.07
24.840,1.4625,-0.4053,-4.5865,1.9737,0.6906,0.6744,20.08
24.860,1.4625,-0.2925,-4.5865,0.4587,0.4587,0.4711,20.08
24.880,1.4625,-0.2925,-4.5865,0.4587,0.4587,0.4711,20.07
24.900,1.4801,-0.3223,-0.2948,-5.0000,0.4587,0.4711,20.07
24.920,1.4801,-0.2960,-0.2948,0.0295,0.2611,0.3815,20.07
24.940,1.3845,-0.1340,4.0434,-5.0000,0.2611,0.3815,20.08
24.960,1.3845,-0.2769,4.0434,-0.4043,0.3254,0.3570,20.08
24.980,1.3845,-0.2769,4.0434,-0.4043,0.3254,0.3570,20.07
25.000,1.2424,-0.0361,4.2692,-0.7081,0.3254,0.3570,20.07
25.020,1.2424,-0.2485,4.2692,-0.4269,0.4194,0.3424,20.08
25.040,1.3443,-0.4210,-2.5709,5.0000,0.4194,0.3424,20.09
25.060,1.3443,-0.2689,-2.5709,0.2571,0.4295,0.2831,20.09
25.080,1.3443,-0.2689,-2.5709,0.2571,0.4295,0.2831,20.08
25.100,1.4698,-0.4816,-7.8657,5.0000,0.4295,0.2831,20.07
25.120,1.4698,-0.2940,-7.8657,0.7866,0.3159,0.2284,20.08
25.140,1.4298,-0.2261,-4.0848,-4.2993,0.3159,0.2284,20.08
25.160,1.4298,-0.2860,-4.0848,0.4085,0.3307,0.2235,20.08
25.180,1.4298,-0.2860,-4.0848,0.4085,0.3307,0.2235,20.08
25.200,1.3241,-0.1068,1.2404,-5.0000,0.3307,0.2235,20.07
25.220,1.3241,-0.2648,1.2404,-0.1240,0.3901,0.2138,20.08
25.240,1.2534,-0.1451,3.7259,-3.4676,0.3901,0.2138,20.08
25.260,1.2534,-0.2507,3.7259,-0.3726,0.3258,0.1988,20.07
25.280,1.2534,-0.2507,3.7259,-0.3726,0.3258,0.1988,20.08
25.300,1.2446,-0.2357,-0.4038,5.0000,0.3556,0.1692,20.08
25.320,1.2446,-0.2489,-0.4038,0.0404,0.3556,0.1692,20.08
25.340,1.3518,-0.4305,-5.5478,5.0000,0.3556,0.1692,20.08
25.360,1.3518,-0.2704,-5.5478,0.5548,0.3507,0.1543,20.08
25.380,1.3518,-0.2704,-5.5478,0.5548,0.3507,0.1543,20.08
25.400,1.4025,-0.3564,-8.1142,4.0073,0.3607,0.1247,20.08
25.420,1.4025,-0.2805,-8.1142,0.8114,0.3607,0.1247,20.08
25.440,1.3938,-0.2658,-2.5535,-5.0000,0.3607,0.1247,20.08
25.460,1.3938,-0.2788,-2.5535,0.2553,0.3359,0.1197,20.08
25.480,1.3938,-0.2788,-2.5535,0.2553,0.3359,0.1197,20.07
25.500,1.2586,-0.0497,3.7699,-5.0000,0.3359,0.1197,20.07
25.520,1.2586,-0.2517,3.7699,-0.3770,0.3606,0.1346,20.08
25.540,1.1343,-0.0410,4.7848,-1.7426,0.3606,0.1346,20.07
25.560,1.1343,-0.2269,4.7848,-0.4785,0.3260,0.1493,20.07
25.580,1.1343,-0.2269,4.7848,-0.4785,0.3260,0.1493,20.08
25.600,1.1712,-0.2894,0.1306,5.0000,0.3458,0.1494,20.11
25.620,1.1712,-0.2342,0.1306,-0.0131,0.3458,0.1494,20.07
25.640,1.2804,-0.4192,-4.6344,5.0000,0.3458,0.1494,20.08
25.660,1.2804,-0.2561,-4.6344,0.4634,0.3358,0.1790,20.07
25.680,1.2804,-0.2561,-4.6344,0.4634,0.3358,0.1790,20.08
25.700,1.2803,-0.2559,-5.8821,2.1422,0.3259,0.1592,20.07
25.720,1.2803,-0.2561,-5.8821,0.5882,0.3259,0.1592,20.07
25.740,1.2949,-0.2809,-0.1451,-5.0000,0.3259,0.1592,20.08
25.760,1.2949,-0.2590,-0.1451,0.0145,0.3407,0.1840,20.07
25.780,1.2949,-0.2590,-0.1451,0.0145,0.3407,0.1840,20.07
25.800,1.1204,0.0367,5.1534,-5.0000,0.3455,0.2384,20.08
25.820,1.1204,-0.2241,5.1534,-0.5153,0.3455,0.2384,20.08
25.840,1.1730,-0.3131,3.2054,2.1053,0.3455,0.2384,20.08
25.860,1.1730,-0.2346,3.2054,-0.3205,0.3258,0.2383,20.08
25.880,1.1730,-0.2346,3.2054,-0.3205,0.3258,0.2383,20.07
25.900,1.1998,-0.2801,-1.1384,5.0000,0.3307,0.2433,20.08
25.920,1.1998,-0.2400,-1.1384,0.1138,0.3307,0.2433,20.08
25.940,1.2437,-0.3143,-3.8787,3.8012,0.3307,0.2433,20.07
25.960,1.2437,-0.2487,-3.8787,0.3879,0.3454,0.2582,20.08
25.980,1.2437,-0.2487,-3.8787,0.3879,0.3454,0.2582,20.07
26.000,1.2726,-0.2977,-1.5511,-2.7433,0.3454,0.2582,20.08
26.020,1.2726,-0.2545,-1.5511,0.1551,0.3306,0.2631,20.07
26.040,1.3127,-0.3225,2.0504,-4.6909,0.3306,0.2631,20.07
26.060,1.3127,-0.2625,2.0504,-0.2050,0.3503,0.2928,20.09
26.080,1.3127,-0.2625,2.0504,-0.2050,0.3503,0.2928,20.09
26.100,1.1966,-0.0658,4.8191,-3.9302,0.3305,0.3224,20.07
26.120,1.1966,-0.2393,4.8191,-0.4819,0.3305,0.3224,20.07
26.140,1.1665,-0.1882,1.4316,4.0764,0.3305,0.3224,20.07
26.160,1.1665,-0.2333,1.4316,-0.1432,0.3552,0.3274,20.07
26.180,1.1665,-0.2333,1.4316,-0.1432,0.3552,0.3274,20.07
26.200,1.2465,-0.3689,-4.0066,5.0000,0.3354,0.3273,20.07
26.220,1.2465,-0.2493,-4.0066,0.4007,0.3354,0.3273,20.07
26.240,1.2897,-0.3226,-4.4399,0.9838,0.3354,0.3273,20.07
26.260,1.2897,-0.2579,-4.4399,0.4440,0.3601,0.3225,20.07
26.280,1.2897,-0.2579,-4.4399,0.4440,0.3601,0.3225,20.07
26.300,1.2502,-0.1909,0.2023,-5.0000,0.3551,0.3472,20.07
26.320,1.2502,-0.2500,0.2023,-0.0202,0.3551,0.3472,20.07
26.340,1.1405,-0.0641,4.2818,-5.0000,0.3551,0.3472,20.07
26.360,1.1405,-0.2281,4.2818,-0.4282,0.3501,0.3719,20.07
26.380,1.1405,-0.2281,4.2818,-0.4282,0.3501,0.3719,20.07
26.400,1.1396,-0.2266,3.5402,0.5699,0.3550,0.3768,20.07
26.420,1.1396,-0.2279,3.5402,-0.3540,0.3550,0.3768,20.07
26.440,1.2478,-0.4112,-1.3496,5.0000,0.3550,0.3768,20.07
26.460,1.2478,-0.2496,-1.3496,0.1350,0.3649,0.3769,20.07
26.480,1.2478,-0.2496,-1.3496,0.1350,0.3649,0.3769,20.07
26.500,1.3431,-0.4111,-5.6134,5.0000,0.3649,0.3769,20.07
26.520,1.3431,-0.2686,-5.6134,0.5613,0.3649,0.3769,20.08
26.540,1.3590,-0.2956,-2.5171,-3.6049,0.3649,0.3769,20.07
26.560,1.3590,-0.2718,-2.5171,0.2517,0.3501,0.3719,20.07
26.580,1.3590,-0.2718,-2.5171,0.2517,0.3501,0.3719,20.07
26.600,1.2538,-0.0935,3.0067,-5.0000,0.3945,0.4067,20.07
26.620,1.2538,-0.2508,3.0067,-0.3007,0.3945,0.4067,20.07
26.640,1.2012,-0.1616,5.0750,-3.0842,0.3945,0.4067,20.07
26.660,1.2012,-0.2402,5.0750,-0.5075,0.3500,0.4312,20.07
26.680,1.2012,-0.2402,5.0750,-0.5075,0.3500,0.4312,20.07
26.700,1.1537,-0.1598,1.9849,3.6537,0.3698,0.4115,20.05
26.720,1.1537,-0.2307,1.9849,-0.1985,0.3698,0.4115,20.07
26.740,1.2037,-0.3154,-1.4227,4.3875,0.3698,0.4115,20.07
26.760,1.2037,-0.2407,-1.4227,0.1423,0.3549,0.4263,20.07
26.780,1.2037,-0.2407,-1.4227,0.1423,0.3549,0.4263,20.07
26.800,1.2402,-0.3026,-4.6277,4.4553,0.3648,0.4165,20.07
26.820,1.2402,-0.2480,-4.6277,0.4628,0.3648,0.4165,20.07
26.840,1.2826,-0.3199,-3.4939,-1.0629,0.3648,0.4165,20.07
26.860,1.2826,-0.2565,-3.4939,0.3494,0.3797,0.4017,20.07
26.880,1.2826,-0.2565,-3.4939,0.3494,0.3797,0.4017,20.07
26.900,1.2856,-0.2616,1.6678,-5.0000,0.3747,0.4362,20.07
26.920,1.2856,-0.2571,1.6678,-0.1668,0.3747,0.4362,20.07
26.940,1.1786,-0.0758,5.8763,-5.0000,0.3747,0.4362,20.07
26.960,1.1786,-0.2357,5.8763,-0.5876,0.3746,0.4461,20.07
26.980,1.1786,-0.2357,5.8763,-0.5876,0.3746,0.4461,20.07
27.000,1.1043,-0.1099,4.3018,1.5299,0.3846,0.4363,20.08
27.020,1.1043,-0.2209,4.3018,-0.4302,0.3846,0.4363,20.07
27.040,1.1367,-0.2758,-0.3599,5.0000,0.3846,0.4363,20.07
27.060,1.1367,-0.2273,-0.3599,0.0360,0.3796,0.4313,20.07
27.080,1.1367,-0.2273,-0.3599,0.0360,0.3796,0.4313,20.07
27.100,1.1991,-0.3331,-4.6928,5.0000,0.3895,0.4314,20.07
27.120,1.1991,-0.2398,-4.6928,0.4693,0.3895,0.4314,20.07
27.140,1.2493,-0.3248,-2.2464,-2.8226,0.3895,0.4314,20.07
27.160,1.2493,-0.2499,-2.2464,0.2246,0.3598,0.4313,20.07
27.180,1.2493,-0.2499,-2.2464,0.2246,0.3598,0.4313,20.07
27.200,1.1348,-0.0559,3.3755,-5.0000,0.4043,0.4660,20.07
27.220,1.1348,-0.2270,3.3755,-0.3375,0.4043,0.4660,20.07
27.240,1.0669,-0.1118,5.6476,-3.3949,0.4043,0.4660,20.07
27.260,1.0669,-0.2134,5.6476,-0.5648,0.3646,0.4857,20.07
27.280,1.0669,-0.2134,5.6476,-0.5648,0.3646,0.4857,20.07
27.300,1.0926,-0.2570,2.1582,4.1308,0.3795,0.4610,20.07
27.320,1.0926,-0.2185,2.1582,-0.2158,0.3795,0.4610,20.07
27.340,1.1753,-0.3586,-1.6490,4.9071,0.3795,0.4610,20.07
27.360,1.1753,-0.2351,-1.6490,0.1649,0.3696,0.4808,20.07
27.380,1.1753,-0.2351,-1.6490,0.1649,0.3696,0.4808,20.07
27.400,1.2304,-0.3286,-5.1714,4.9048,0.3795,0.4709,20.07
27.420,1.2304,-0.2461,-5.1714,0.5171,0.3795,0.4709,20.07
27.440,1.2631,-0.3014,-2.6928,-2.8183,0.3795,0.4709,20.07
27.460,1.2631,-0.2526,-2.6928,0.2693,0.3795,0.4511,20.07
27.480,1.2631,-0.2526,-2.6928,0.2693,0.3795,0.4511,20.07
27.500,1.2044,-0.1531,3.2744,-5.0000,0.3943,0.4858,20.07
27.520,1.2044,-0.2409,3.2744,-0.3274,0.3943,0.4858,20.07
27.540,1.0938,-0.0535,6.7573,-5.0000,0.3943,0.4858,20.07
27.560,1.0938,-0.2188,6.7573,-0.6757,0.3745,0.4956,20.07
27.580,1.0938,-0.2188,6.7573,-0.6757,0.3745,0.4956,20.07
27.600,1.0936,-0.2184,3.7093,3.4256,0.3993,0.4709,20.07
27.620,1.0936,-0.2187,3.7093,-0.3709,0.3993,0.4709,20.07
27.640,1.2047,-0.4070,-0.8671,5.0000,0.3993,0.4709,20.07
27.660,1.2047,-0.2409,-0.8671,0.0867,0.3844,0.4858,20.07
27.680,1.2047,-0.2409,-0.8671,0.0867,0.3844,0.4858,20.07
27.700,1.3244,-0.4439,-5.5100,5.0000,0.3943,0.4759,20.07
27.720,1.3244,-0.2649,-5.5100,0.5510,0.3943,0.4759,20.07
27.740,1.3622,-0.3289,-5.7738,0.9060,0.3943,0.4759,20.07
27.760,1.3622,-0.2724,-5.7738,0.5774,0.3944,0.4462,20.07
27.780,1.3622,-0.2724,-5.7738,0.5774,0.3944,0.4462,20.10
27.800,1.3198,-0.2005,-0.1263,-5.0000,0.3893,0.4907,20.07
27.820,1.3198,-0.2640,-0.1263,0.0126,0.3893,0.4907,20.08
27.840,1.1448,0.0325,5.3711,-5.0000,0.3893,0.4907,20.07
27.860,1.1448,-0.2290,5.3711,-0.5371,0.3942,0.4957,20.07
27.880,1.1448,-0.2290,5.3711,-0.5371,0.3942,0.4957,20.07
27.900,1.0380,-0.0479,6.4539,-1.9941,0.3894,0.4907,20.07
27.920,1.0380,-0.2076,6.4539,-0.6454,0.3894,0.4907,20.07
27.940,1.1196,-0.3459,1.8286,5.0000,0.3894,0.4907,20.07
27.960,1.1196,-0.2239,1.8286,-0.1829,0.3992,0.4907,20.07
27.980,1.1196,-0.2239,1.8286,-0.1829,0.3992,0.4907,20.07
28.000,1.2286,-0.4085,-2.9986,5.0000,0.3893,0.4908,20.08
28.020,1.2286,-0.2457,-2.9986,0.2999,0.3893,0.4908,20.07
28.040,1.2921,-0.3534,-3.7627,1.3281,0.3893,0.4908,20.07
28.060,1.2921,-0.2584,-3.7627,0.3763,0.3844,0.4660,20.07
28.080,1.2921,-0.2584,-3.7627,0.3763,0.3844,0.4660,20.07
28.100,1.2808,-0.2393,0.6777,-5.0000,0.3992,0.4908,20.07
28.120,1.2808,-0.2562,0.6777,-0.0678,0.3992,0.4908,20.07
28.140,1.1328,-0.0052,4.9839,-5.0000,0.3992,0.4908,20.07
28.160,1.1328,-0.2266,4.9839,-0.4984,0.3843,0.5154,20.07
28.180,1.1328,-0.2266,4.9839,-0.4984,0.3843,0.5154,20.07
28.200,1.0497,-0.0858,5.8870,-1.7136,0.3695,0.5105,20.07
28.220,1.0497,-0.2099,5.8870,-0.5887,0.3695,0.5105,20.07
28.240,1.1200,-0.3291,0.7752,5.0000,0.3695,0.5105,20.07
28.260,1.1200,-0.2240,0.7752,-0.0775,0.3843,0.5154,20.07
28.280,1.1200,-0.2240,0.7752,-0.0775,0.3843,0.5154,20.07
28.300,1.2123,-0.3803,-4.4622,5.0000,0.3596,0.5005,20.08
28.320,1.2123,-0.2425,-4.4622,0.4462,0.3596,0.5005,20.07
28.340,1.2674,-0.3359,-3.2614,-1.1696,0.3596,0.5005,20.07
28.360,1.2674,-0.2535,-3.2614,0.3261,0.3547,0.4758,20.07
28.380,1.2674,-0.2535,-3.2614,0.3261,0.3547,0.4758,20.07
28.400,1.1717,-0.0913,1.7812,-5.0000,0.3843,0.5055,20.07
28.420,1.1717,-0.2343,1.7812,-0.1781,0.3843,0.5055,20.07
28.440,1.0852,-0.0877,5.4239,-5.0000,0.3843,0.5055,20.07
28.460,1.0852,-0.2170,5.4239,-0.5424,0.3497,0.5203,20.07
28.480,1.0852,-0.2170,5.4239,-0.5424,0.3497,0.5203,20.07
28.500,1.0656,-0.1838,3.3627,2.2311,0.3547,0.4955,20.07
28.520,1.0656,-0.2131,3.3627,-0.3363,0.3547,0.4955,20.08
28.540,1.0963,-0.2652,-1.4929,5.0000,0.3547,0.4955,20.07
28.560,1.0963,-0.2193,-1.4929,0.1493,0.3448,0.5054,20.07
28.580,1.0963,-0.2193,-1.4929,0.1493,0.3448,0.5054,20.07
28.600,1.1522,-0.3140,-6.3133,5.0000,0.3596,0.4906,20.07
28.620,1.1522,-0.2304,-6.3133,0.6313,0.3596,0.4906,20.07
28.640,1.2047,-0.3195,-6.0606,0.2913,0.3596,0.4906,20.07
28.660,1.2047,-0.2409,-6.0606,0.6061,0.3498,0.4610,20.07
28.680,1.2047,-0.2409,-6.0606,0.6061,0.3498,0.4610,20.07
28.700,1.1706,-0.1831,-0.2401,-5.0000,0.3546,0.4956,20.07
28.720,1.1706,-0.2341,-0.2401,0.0240,0.3546,0.4956,20.07
28.740,1.0228,0.0165,5.2202,-5.0000,0.3546,0.4956,20.07
28.760,1.0228,-0.2046,5.2202,-0.5220,0.3497,0.5104,20.07
28.780,1.0228,-0.2046,5.2202,-0.5220,0.3497,0.5104,20.09
28.800,0.9966,-0.1602,5.9053,-1.4438,0.3498,0.5005,20.07
28.820,0.9966,-0.1993,5.9053,-0.5905,0.3498,0.5005,20.07
28.840,1.0851,-0.3493,1.4093,5.0000,0.3498,0.5005,20.07
28.860,1.0851,-0.2170,1.4093,-0.1409,0.3497,0.5005,20.07
28.880,1.0851,-0.2170,1.4093,-0.1409,0.3497,0.5005,20.07
28.900,1.1510,-0.3287,-3.1843,5.0000,0.3596,0.4906,20.07
28.920,1.1510,-0.2302,-3.1843,0.3184,0.3596,0.4906,20.07
28.940,1.2193,-0.3459,-3.0142,0.0897,0.3596,0.4906,20.08
28.960,1.2193,-0.2439,-3.0142,0.3014,0.3597,0.4709,20.07
28.980,1.1697,-0.1598,1.7527,-5.0000,0.3597,0.4709,20.07
29.000,1.1697,-0.2339,1.7527,-0.1753,0.3745,0.4956,20.07
29.020,1.1697,-0.2339,1.7527,-0.1753,0.3745,0.4956,20.07
29.040,0.9862,0.0770,5.7615,-5.0000,0.3745,0.4956,20.08
29.060,0.9862,-0.1972,5.7615,-0.5761,0.3596,0.5005,20.07
29.080,1.0155,-0.2469,2.8337,3.3637,0.3596,0.5005,20.07
29.100,1.0155,-0.2031,2.8337,-0.2834,0.3745,0.4857,20.07
29.120,1.0155,-0.2031,2.8337,-0.2834,0.3745,0.4857,20.07
29.140,1.0749,-0.3037,-3.0493,5.0000,0.3745,0.4857,20.10
29.160,1.0749,-0.2150,-3.0493,0.3049,0.3745,0.4857,20.08
29.180,1.1122,-0.2781,-6.7277,5.0000,0.3745,0.4857,20.07
29.200,1.1122,-0.2224,-6.7277,0.6728,0.3844,0.4660,20.07
29.220,1.1122,-0.2224,-6.7277,0.6728,0.3844,0.4660,20.07
29.240,1.1785,-0.3348,-2.1746,-5.0000,0.3844,0.4660,20.07
29.260,1.1785,-0.2357,-2.1746,0.2175,0.3646,0.4660,20.07
29.280,1.1253,-0.1457,4.1427,-5.0000,0.3646,0.4660,20.08
29.300,1.1253,-0.2251,4.1427,-0.4143,0.4041,0.4859,20.07
29.320,1.1253,-0.2251,4.1427,-0.4143,0.4041,0.4859,20.07
29.340,0.9326,0.1015,7.6112,-5.0000,0.4041,0.4859,20.07
29.360,0.9326,-0.1865,7.6112,-0.7611,0.3745,0.4956,20.07
29.380,0.9326,-0.1865,7.6112,-0.7611,0.3745,0.4956,20.07
29.400,0.9326,-0.1865,7.6112,-0.7611,0.3894,0.4709,20.08
29.420,0.9326,-0.1865,7.6112,-0.7611,0.3745,0.4759,20.07
29.440,0.9326,-0.1865,7.6112,-0.7611,0.3893,0.4907,115.82
29.460,0.9326,-0.1865,7.6112,-0.7611,0.3893,0.4907,120.30
29.480,0.9326,-0.1865,7.6112,-0.7611,0.3893,0.4907,20.08
29.500,0.9326,-0.1865,7.6112,-0.7611,0.4041,0.4859,20.07
29.520,0.9326,-0.1865,7.6112,-0.7611,0.4041,0.4859,20.08
29.540,0.9326,-0.1865,7.6112,-0.7611,0.4041,0.4859,20.08
29.560,0.9326,-0.1865,7.6112,-0.7611,0.3844,0.4759,20.07
29.580,0.9326,-0.1865,7.6112,-0.7611,0.3844,0.4759,20.08
29.600,0.9326,-0.1865,7.6112,-0.7611,0.3844,0.4759,20.08
29.620,0.9326,-0.1865,7.6112,-0.7611,0.3795,0.4808,20.08
29.640,0.9326,-0.1865,7.6112,-0.7611,0.4041,0.5056,20.08
29.660,0.9326,-0.1865,7.6112,-0.7611,0.4041,0.5056,118.09
29.680,0.9326,-0.1865,7.6112,-0.7611,0.4041,0.5056,20.07
29.700,0.9326,-0.1865,7.6112,-0.7611,0.4041,0.5056,20.08
29.720,0.9326,-0.1865,7.6112,-0.7611,0.4091,0.4908,20.08
29.740,0.9326,-0.1865,7.6112,-0.7611,0.4091,0.4908,20.08
29.760,0.9326,-0.1865,7.6112,-0.7611,0.4190,0.4908,20.07
29.780,0.9326,-0.1865,7.6112,-0.7611,0.4190,0.4908,20.07
29.800,0.9326,-0.1865,7.6112,-0.7611,0.4190,0.4908,20.07
29.820,0.9326,-0.1865,7.6112,-0.7611,0.4091,0.4710,20.07
29.840,0.9326,-0.1865,7.6112,-0.7611,0.4091,0.4710,20.07
29.860,0.9326,-0.1865,7.6112,-0.7611,0.3992,0.4710,20.07
29.880,0.9326,-0.1865,7.6112,-0.7611,0.3992,0.4710,20.10
29.900,0.9326,-0.1865,7.6112,-0.7611,0.3992,0.4710,20.07
29.920,0.9326,-0.1865,7.6112,-0.7611,0.4041,0.4859,20.09
29.940,0.9326,-0.1865,7.6112,-0.7611,0.4041,0.4859,20.07
29.960,0.9326,-0.1865,7.6112,-0.7611,0.4190,0.4810,20.07
29.980,0.9326,-0.1865,7.6112,-0.7611,0.4190,0.4810,20.09
30.000,0.9326,-0.1865,7.6112,-0.7611,0.4190,0.4810,20.07
30.020,0.9326,-0.1865,7.6112,-0.7611,0.4536,0.4761,20.07
30.040,0.9326,-0.1865,7.6112,-0.7611,0.4536,0.4761,20.07
30.060,0.9326,-0.1865,7.6112,-0.7611,0.4436,0.4860,20.09
30.080,0.9326,-0.1865,7.6112,-0.7611,0.4436,0.4860,20.08
30.100,0.9326,-0.1865,7.6112,-0.7611,0.4436,0.4860,20.07
30.120,0.9326,-0.1865,7.6112,-0.7611,0.4090,0.4908,20.07
30.140,0.9326,-0.1865,7.6112,-0.7611,0.4090,0.4908,20.06
30.160,0.9326,-0.1865,7.6112,-0.7611,0.4041,0.4859,20.09
30.180,0.9326,-0.1865,7.6112,-0.7611,0.4041,0.4859,20.09
30.200,0.9326,-0.1865,7.6112,-0.7611,0.4041,0.4957,20.09
30.220,0.9326,-0.1865,7.6112,-0.7611,0.4041,0.4957,20.07
30.240,0.9326,-0.1865,7.6112,-0.7611,0.4041,0.4957,20.06
30.260,0.9326,-0.1865,7.6112,-0.7611,0.3992,0.4908,20.09
30.280,0.9326,-0.1865,7.6112,-0.7611,0.3992,0.4908,20.08
30.300,0.9326,-0.1865,7.6112,-0.7611,0.3892,0.5006,20.07
30.320,0.9326,-0.1865,7.6112,-0.7611,0.3892,0.5006,20.09
30.340,0.9326,-0.1865,7.6112,-0.7611,0.3892,0.5006,20.07
30.360,0.9326,-0.1865,7.6112,-0.7611,0.3794,0.5006,20.09
30.380,0.9326,-0.1865,7.6112,-0.7611,0.3794,0.5006,20.08
30.400,0.9326,-0.1865,7.6112,-0.7611,0.3942,0.5056,20.07
30.420,0.9326,-0.1865,7.6112,-0.7611,0.3942,0.5056,20.07
30.440,0.9326,-0.1865,7.6112,-0.7611,0.3942,0.5056,20.07
30.460,0.9326,-0.1865,7.6112,-0.7611,0.3942,0.4858,20.07
30.480,0.9326,-0.1865,7.6112,-0.7611,0.3942,0.4858,20.07
30.500,0.9326,-0.1865,7.6112,-0.7611,0.3942,0.4957,20.07
30.520,0.9326,-0.1865,7.6112,-0.7611,0.3942,0.4957,20.07
30.540,0.9326,-0.1865,7.6112,-0.7611,0.3942,0.4957,20.07
30.560,0.9326,-0.1865,7.6112,-0.7611,0.4090,0.5106,20.07
30.580,0.9326,-0.1865,7.6112,-0.7611,0.4090,0.5106,20.07
30.600,0.9326,-0.1865,7.6112,-0.7611,0.4090,0.5204,20.07
30.620,0.9326,-0.1865,7.6112,-0.7611,0.4090,0.5204,20.07
30.640,0.9326,-0.1865,7.6112,-0.7611,0.4090,0.5204,20.07
30.660,0.9326,-0.1865,7.6112,-0.7611,0.3942,0.5155,20.07
30.680,0.9326,-0.1865,7.6112,-0.7611,0.3942,0.5155,20.08
30.700,0.9326,-0.1865,7.6112,-0.7611,0.4090,0.5205,20.07
30.720,0.9326,-0.1865,7.6112,-0.7611,0.4090,0.5205,20.07
30.740,0.9326,-0.1865,7.6112,-0.7611,0.4090,0.5205,20.07
30.760,0.9326,-0.1865,7.6112,-0.7611,0.4090,0.5106,20.07
30.780,0.9326,-0.1865,7.6112,-0.7611,0.4090,0.5106,20.07
30.800,0.9326,-0.1865,7.6112,-0.7611,0.3991,0.5106,20.07
30.820,0.9326,-0.1865,7.6112,-0.7611,0.3991,0.5106,20.07
30.840,0.9326,-0.1865,7.6112,-0.7611,0.3991,0.5106,20.07
30.860,0.9326,-0.1865,7.6112,-0.7611,0.4090,0.5205,20.07
30.880,0.9326,-0.1865,7.6112,-0.7611,0.4090,0.5205,20.07
30.900,0.9326,-0.1865,7.6112,-0.7611,0.4090,0.5106,20.07
30.920,0.9326,-0.1865,7.6112,-0.7611,0.4090,0.5106,20.07
30.940,0.9326,-0.1865,7.6112,-0.7611,0.4090,0.5106,20.07
30.960,0.9326,-0.1865,7.6112,-0.7611,0.4090,0.5106,20.07
30.980,0.9326,-0.1865,7.6112,-0.7611,0.4090,0.5106,20.07
31.000,0.9326,-0.1865,7.6112,-0.7611,0.4090,0.5106,20.07
31.020,0.9326,-0.1865,7.6112,-0.7611,0.4090,0.5106,20.07
31.040,0.9326,-0.1865,7.6112,-0.7611,0.4090,0.5106,20.07
31.060,0.9326,-0.1865,7.6112,-0.7611,0.4090,0.5106,20.07
31.080,0.9326,-0.1865,7.6112,-0.7611,0.4090,0.5106,20.07
31.100,0.9326,-0.1865,7.6112,-0.7611,0.4090,0.5106,20.07
31.120,0.9326,-0.1865,7.6112,-0.7611,0.4090,0.5106,20.07
31.140,0.9326,-0.1865,7.6112,-0.7611,0.4090,0.5106,20.07
31.160,0.9326,-0.1865,7.6112,-0.7611,0.4090,0.5106,20.07
31.180,0.9326,-0.1865,7.6112,-0.7611,0.4090,0.5106,20.07
31.200,0.9326,-0.1865,7.6112,-0.7611,0.4090,0.5106,20.07
31.220,0.9326,-0.1865,7.6112,-0.7611,0.4090,0.5106,20.07
31.240,0.9326,-0.1865,7.6112,-0.7611,0.4090,0.5106,20.07
31.260,0.9326,-0.1865,7.6112,-0.7611,0.4090,0.5106,20.07
31.280,0.9326,-0.1865,7.6112,-0.7611,0.4090,0.5106,20.07
31.300,0.9326,-0.1865,7.6112,-0.7611,0.4090,0.5106,20.07
31.320,0.9326,-0.1865,7.6112,-0.7611,0.4090,0.5106,20.07
31.340,0.9326,-0.1865,7.6112,-0.7611,0.4090,0.5106,20.07
31.360,0.9326,-0.1865,7.6112,-0.7611,0.4090,0.5106,20.07
31.380,0.9326,-0.1865,7.6112,-0.7611,0.4090,0.5106,20.07
31.400,0.9326,-0.1865,7.6112,-0.7611,0.4090,0.5106,20.08
31.420,0.9326,-0.1865,7.6112,-0.7611,0.4090,0.5106,20.07
31.440,0.9326,-0.1865,7.6112,-0.7611,0.4090,0.5106,20.07
31.460,0.9326,-0.1865,7.6112,-0.7611,0.4090,0.5106,20.07
31.480,0.9326,-0.1865,7.6112,-0.7611,0.4090,0.5106,20.07
31.500,0.9326,-0.1865,7.6112,-0.7611,0.4090,0.5106,20.07
31.520,0.9326,-0.1865,7.6112,-0.7611,0.4090,0.5106,20.07
31.540,0.9326,-0.1865,7.6112,-0.7611,0.4090,0.5106,20.07
31.560,0.9326,-0.1865,7.6112,-0.7611,0.4090,0.5106,20.07
31.580,0.9326,-0.1865,7.6112,-0.7611,0.4090,0.5106,20.09
31.600,0.9326,-0.1865,7.6112,-0.7611,0.4090,0.5106,20.07
31.620,0.9326,-0.1865,7.6112,-0.7611,0.4090,0.5106,20.08
31.640,0.9326,-0.1865,7.6112,-0.7611,0.4090,0.5106,20.07
31.660,0.9326,-0.1865,7.6112,-0.7611,0.4090,0.5106,20.07
31.680,0.9326,-0.1865,7.6112,-0.7611,0.4090,0.5106,20.07
31.700,0.9326,-0.1865,7.6112,-0.7611,0.4090,0.5106,20.07
31.720,0.9326,-0.1865,7.6112,-0.7611,0.4090,0.5106,20.07
31.740,0.9326,-0.1865,7.6112,-0.7611,0.4090,0.5106,20.07
31.760,0.9326,-0.1865,7.6112,-0.7611,0.4090,0.5106,20.07
31.780,0.9326,-0.1865,7.6112,-0.7611,0.4090,0.5106,20.07
31.800,0.9326,-0.1865,7.6112,-0.7611,0.4090,0.5106,20.07
31.820,0.9326,-0.1865,7.6112,-0.7611,0.4090,0.5106,20.08
31.840,0.9326,-0.1865,7.6112,-0.7611,0.4090,0.5106,20.07
31.860,0.9326,-0.1865,7.6112,-0.7611,0.4090,0.5106,20.07
31.880,0.9326,-0.1865,7.6112,-0.7611,0.4090,0.5106,20.07
31.900,0.9326,-0.1865,7.6112,-0.7611,0.4090,0.5106,20.07
31.920,0.9326,-0.1865,7.6112,-0.7611,0.4090,0.5106,20.07
31.940,0.9326,-0.1865,7.6112,-0.7611,0.4090,0.5106,20.08
