t_s,imu1_roll_deg,cmd_roll_erpm,imu1_pitch_deg,cmd_pitch_erpm,imu2_roll_deg,imu2_pitch_deg,motor_roll_erpm,motor_pitch_erpm,motor_roll_pos_deg,motor_pitch_pos_deg,motor_roll_amps,motor_pitch_amps,roll_rate_dps,pitch_rate_dps,dt_ms
0.000,0.5995,-481.8,-1.4834,-445.6,-0.6957,5.4921,0,0,0.00,0.00,0.000,0.000,0.11,-0.11,0.01
0.020,0.5995,-479.6,-1.4834,-445.0,-0.6957,5.4921,0,0,0.00,0.00,0.000,0.000,0.00,0.00,40.91
0.040,0.5995,-479.6,-1.4834,-445.0,-0.6957,5.4921,-37,-19,0.00,0.00,1.150,0.980,0.00,0.00,20.07
0.060,0.5995,-479.6,-1.4834,-445.0,-0.7016,5.4842,-360,-329,-2.86,-2.86,0.680,0.860,0.00,0.00,20.07
0.080,0.5995,-479.6,-1.4834,-445.0,-0.7016,5.4842,-346,-370,-5.71,-5.71,0.460,0.670,0.00,0.00,20.07
0.100,0.5995,-461.7,-1.4834,-442.2,-0.7016,5.4842,-389,-386,-5.71,-5.71,0.230,0.200,-0.90,0.56,20.08
0.120,0.5995,-461.7,-1.4834,-442.2,-0.7016,5.4842,-403,-430,-11.43,-11.43,0.330,0.000,-0.90,0.56,20.08
0.140,0.5308,-370.9,-1.4520,-430.0,-0.7016,5.4842,-392,-395,-11.43,-11.43,0.520,0.060,-2.69,1.12,20.07
0.160,0.5308,-370.9,-1.4520,-430.0,-0.7016,5.4842,-423,-415,-14.29,-14.29,0.780,0.340,-2.69,1.12,20.07
0.180,0.5308,-370.9,-1.4520,-430.0,-0.7016,5.4842,-378,-414,-17.14,-17.14,1.100,0.740,-2.69,1.12,20.07
0.200,0.3629,89.5,-1.3798,-404.4,-0.7016,5.4842,-347,-428,-17.14,-17.14,1.310,0.880,-4.48,1.90,20.07
0.220,0.3629,89.5,-1.3798,-404.4,-0.7016,5.4842,-373,-444,-22.86,-22.86,1.010,0.630,-4.48,1.90,20.07
0.240,0.1194,96.2,-1.2771,-370.3,-0.7016,5.4842,-136,-416,-22.86,-22.86,0.160,0.140,-4.81,2.57,20.08
0.260,0.1194,96.2,-1.2771,-370.3,-0.7016,5.4842,-49,-427,-22.86,-25.71,0.240,0.020,-4.81,2.57,20.06
0.280,0.1194,96.2,-1.2771,-370.3,-0.7016,5.4842,4,-375,-22.86,-28.57,0.100,0.020,-4.81,2.57,20.08
0.300,-0.0652,42.5,-1.1437,-327.4,-0.7304,5.4870,11,-385,-22.86,-28.57,0.060,0.200,-2.13,3.13,20.08
0.320,-0.0652,42.5,-1.1437,-327.4,-0.7304,5.4870,26,-392,-22.86,-34.29,0.020,0.560,-2.13,3.13,20.07
0.340,-0.1319,-6.7,-0.9915,16.8,-0.7304,5.4870,6,-332,-22.86,-34.29,0.030,0.850,0.34,3.36,20.08
0.360,-0.1319,-6.7,-0.9915,16.8,-0.7522,5.4908,10,-307,-22.86,-37.14,0.060,0.780,0.34,3.36,20.06
0.380,-0.1319,-6.7,-0.9915,16.8,-0.7522,5.4908,0,-37,-22.86,-37.14,0.010,0.530,0.34,3.36,20.07
0.400,-0.0653,-49.2,-0.8321,16.2,-0.7595,5.4898,0,-5,-22.86,-37.14,0.010,0.740,2.46,3.25,20.07
0.420,-0.0653,-49.2,-0.8321,16.2,-0.7595,5.4898,-1,0,-22.86,-37.14,0.030,0.760,2.46,3.25,20.07
0.440,0.0806,-69.4,-0.6812,12.3,-0.7595,5.4898,-23,0,-22.86,-37.14,0.100,0.740,3.47,2.46,20.07
0.460,0.0806,-69.4,-0.6812,12.3,-0.7442,5.4849,-16,0,-22.86,-37.14,0.080,0.720,3.47,2.46,20.08
0.480,0.0806,-69.4,-0.6812,12.3,-0.7442,5.4849,4,0,-22.86,-37.14,0.280,0.720,3.47,2.46,20.08
0.500,0.2550,-49.2,-0.5754,7.8,-0.7088,5.4831,4,0,-22.86,-37.14,0.400,0.710,2.46,1.57,20.07
0.520,0.2550,-49.2,-0.5754,7.8,-0.7088,5.4831,-4,2,-22.86,-37.14,0.550,0.690,2.46,1.57,20.08
0.540,0.3302,6.7,-0.5138,3.4,-0.7088,5.4831,-1,0,-22.86,-37.14,0.600,0.690,-0.34,0.67,20.07
0.560,0.3302,6.7,-0.5138,3.4,-0.6800,5.4803,-22,0,-22.86,-37.14,0.620,0.670,-0.34,0.67,20.07
0.580,0.3302,6.7,-0.5138,3.4,-0.6800,5.4803,-15,0,-22.86,-37.14,0.440,0.680,-0.34,0.67,20.07
0.600,0.2773,35.8,-0.4940,-0.6,-0.6880,5.4862,-26,1,-22.86,-37.14,0.360,0.680,-1.79,-0.11,20.08
0.620,0.2773,35.8,-0.4940,-0.6,-0.6880,5.4862,-46,0,-22.86,-37.14,0.180,0.670,-1.79,-0.11,20.07
0.640,0.1657,35.8,-0.5048,-2.2,-0.6880,5.4862,-32,0,-22.86,-37.14,0.010,0.680,-1.79,-0.45,20.07
0.660,0.1657,35.8,-0.5048,-2.2,-0.7158,5.4821,-3,0,-22.86,-37.14,0.030,0.670,-1.79,-0.45,20.07
0.680,0.1657,35.8,-0.5048,-2.2,-0.7158,5.4821,2,0,-22.86,-37.14,0.000,0.680,-1.79,-0.45,20.08
0.700,0.0909,13.4,-0.5238,-2.2,-0.7585,5.4828,3,0,-22.86,-37.14,0.040,0.680,-0.67,-0.45,20.07
0.720,0.0909,13.4,-0.5238,-2.2,-0.7585,5.4828,5,0,-22.86,-37.14,0.080,0.690,-0.67,-0.45,20.07
0.740,0.0873,-6.7,-0.5456,-2.8,-0.7585,5.4828,1,0,-22.86,-37.14,0.070,0.690,0.34,-0.56,20.07
0.760,0.0873,-6.7,-0.5456,-2.8,-0.7793,5.4797,0,0,-22.86,-37.14,0.100,0.690,0.34,-0.56,20.07
0.780,0.1263,-6.7,-0.5677,-2.8,-0.7793,5.4797,0,0,-22.86,-37.14,0.060,0.690,0.34,-0.56,20.08
0.800,0.1263,-24.6,-0.5677,-2.2,-0.7588,5.4828,1,0,-22.86,-37.14,0.040,0.700,1.23,-0.45,20.07
0.820,0.1263,-24.6,-0.5677,-2.2,-0.7588,5.4828,4,0,-22.86,-37.14,0.020,0.700,1.23,-0.45,20.10
0.840,0.1917,-22.4,-0.5785,-1.1,-0.7588,5.4828,2,0,-22.86,-37.14,0.040,0.700,1.12,-0.22,20.07
0.860,0.1917,-22.4,-0.5785,-1.1,-0.7289,5.4731,1,0,-22.86,-37.14,0.080,0.700,1.12,-0.22,20.07
0.880,0.2274,-22.4,-0.5798,-1.1,-0.7289,5.4731,0,-1,-22.86,-37.14,0.110,0.710,1.12,-0.22,20.07
0.900,0.2274,-0.0,-0.5798,-0.6,-0.7012,5.4772,0,0,-22.86,-37.14,0.150,0.690,0.00,-0.11,20.09
0.920,0.2274,-0.0,-0.5798,-0.6,-0.7012,5.4772,-4,0,-22.86,-37.14,0.160,0.710,0.00,-0.11,20.07
0.940,0.2124,13.4,-0.5752,0.0,-0.7012,5.4772,0,0,-22.86,-37.14,0.140,0.710,-0.67,0.00,20.07
0.960,0.2124,13.4,-0.5752,0.0,-0.7012,5.4772,-1,0,-22.86,-37.14,0.140,0.710,-0.67,0.00,20.07
0.980,0.1677,13.4,-0.5611,0.0,-0.7012,5.4772,0,0,-22.86,-37.14,0.090,0.700,-0.67,0.00,20.07
1.000,0.1677,22.4,-0.5611,1.1,-0.7286,5.4731,-1,0,-22.86,-37.14,0.070,0.710,-1.12,0.22,20.07
1.020,0.1677,22.4,-0.5611,1.1,-0.7286,5.4731,0,0,-22.86,-37.14,0.040,0.700,-1.12,0.22,20.08
1.040,0.1299,4.5,-0.5459,0.0,-0.7286,5.4731,0,0,-22.86,-37.14,0.000,0.710,-0.22,0.00,20.07
1.060,0.1299,4.5,-0.5459,0.0,-0.7519,5.4839,1,0,-22.86,-37.14,0.030,0.700,-0.22,0.00,20.07
1.080,0.1230,4.5,-0.5470,0.0,-0.7519,5.4839,0,0,-22.86,-37.14,0.010,0.700,-0.22,0.00,20.07
1.100,0.1230,-4.5,-0.5470,0.0,-0.7508,5.4769,0,0,-22.86,-37.14,0.000,0.710,0.22,0.00,20.07
1.120,0.1230,-4.5,-0.5470,0.0,-0.7508,5.4769,0,0,-22.86,-37.14,0.010,0.700,0.22,0.00,20.07
1.140,0.1447,-11.2,-0.5506,0.6,-0.7508,5.4769,0,0,-22.86,-37.14,0.010,0.710,0.56,0.11,20.06
1.160,0.1447,-11.2,-0.5506,0.6,-0.7359,5.4720,1,0,-22.86,-37.14,0.000,0.710,0.56,0.11,20.08
1.180,0.1723,-11.2,-0.5462,0.6,-0.7359,5.4720,0,0,-22.86,-37.14,0.040,0.700,0.56,0.11,20.07
1.200,0.1723,-11.2,-0.5462,0.0,-0.7220,5.4741,0,0,-22.86,-37.14,0.050,0.710,0.56,0.00,20.08
1.220,0.1723,-11.2,-0.5462,0.0,-0.7220,5.4741,0,0,-22.86,-37.14,0.080,0.700,0.56,0.00,20.10
1.240,0.1861,-0.0,-0.5439,0.6,-0.7220,5.4741,0,0,-22.86,-37.14,0.090,0.700,0.00,0.11,20.07
1.260,0.1861,-0.0,-0.5439,0.6,-0.7151,5.4752,0,0,-22.86,-37.14,0.100,0.710,0.00,0.11,20.09
1.280,0.1782,-0.0,-0.5381,0.6,-0.7151,5.4752,0,0,-22.86,-37.14,0.090,0.710,0.00,0.11,20.07
1.300,0.1782,11.2,-0.5381,0.6,-0.7359,5.4720,-1,0,-22.86,-37.14,0.090,0.710,-0.56,0.11,20.08
1.320,0.1782,11.2,-0.5381,0.6,-0.7359,5.4720,-1,0,-22.86,-37.14,0.080,0.710,-0.56,0.11,20.08
1.340,0.1483,6.7,-0.5287,0.0,-0.7359,5.4720,0,0,-22.86,-37.14,0.050,0.700,-0.34,0.00,20.06
1.360,0.1483,6.7,-0.5287,0.0,-0.7508,5.4769,-1,0,-22.86,-37.14,0.030,0.700,-0.34,0.00,20.07
1.380,0.1265,6.7,-0.5252,0.0,-0.7508,5.4769,-1,0,-22.86,-37.14,0.020,0.700,-0.34,0.00,20.07
1.400,0.1265,-0.0,-0.5252,0.6,-0.7512,5.4769,0,0,-22.86,-37.14,0.010,0.720,0.00,0.11,20.07
1.420,0.1265,-0.0,-0.5252,0.6,-0.7512,5.4769,0,0,-22.86,-37.14,0.000,0.700,0.00,0.11,20.07
1.440,0.1334,-11.2,-0.5241,-0.6,-0.7512,5.4769,0,0,-22.86,-37.14,0.020,0.700,0.56,-0.11,20.06
1.460,0.1334,-11.2,-0.5241,-0.6,-0.7522,5.4839,1,0,-22.86,-37.14,0.020,0.700,0.56,-0.11,20.08
1.480,0.1621,-11.2,-0.5265,-0.6,-0.7522,5.4839,0,0,-22.86,-37.14,0.060,0.710,0.56,-0.11,20.07
1.500,0.1621,-11.2,-0.5265,0.6,-0.7442,5.4780,1,0,-22.86,-37.14,0.070,0.700,0.56,0.11,20.08
1.520,0.1621,-11.2,-0.5265,0.6,-0.7442,5.4780,0,0,-22.86,-37.14,0.090,0.700,0.56,0.11,20.08
1.540,0.1759,-0.0,-0.5243,-1.1,-0.7442,5.4780,0,0,-22.86,-37.14,0.110,0.710,0.00,-0.22,20.07
1.560,0.1759,-0.0,-0.5243,-1.1,-0.7369,5.4790,0,0,-22.86,-37.14,0.120,0.710,0.00,-0.22,20.08
1.580,0.1748,-0.0,-0.5174,-1.1,-0.7369,5.4790,0,0,-22.86,-37.14,0.110,0.700,0.00,-0.22,20.07
1.600,0.1748,6.7,-0.5174,0.6,-0.7369,5.4790,0,0,-22.86,-37.14,0.110,0.700,-0.34,0.11,20.08
1.620,0.1748,6.7,-0.5174,0.6,-0.7369,5.4790,-1,0,-22.86,-37.14,0.090,0.710,-0.34,0.11,20.07
1.640,0.1450,4.5,-0.5080,0.0,-0.7369,5.4790,-1,0,-22.86,-37.14,0.080,0.720,-0.22,0.00,20.07
1.660,0.1450,4.5,-0.5080,0.0,-0.7512,5.4769,-1,0,-22.86,-37.14,0.070,0.710,-0.22,0.00,20.07
1.680,0.1232,4.5,-0.5044,0.0,-0.7512,5.4769,0,0,-22.86,-37.14,0.060,0.710,-0.22,0.00,20.09
1.700,0.1232,4.5,-0.5044,0.0,-0.7512,5.4769,0,0,-22.86,-37.14,0.060,0.700,-0.22,0.00,20.08
1.720,0.1232,4.5,-0.5044,0.0,-0.7512,5.4769,0,0,-22.86,-37.14,0.060,0.710,-0.22,0.00,20.06
1.740,0.1290,-6.7,-0.4964,0.0,-0.7512,5.4769,0,0,-22.86,-37.14,0.040,0.720,0.34,0.00,20.07
1.760,0.1290,-6.7,-0.4964,0.0,-0.7439,5.4779,0,0,-22.86,-37.14,0.050,0.710,0.34,0.00,20.07
1.780,0.1439,-6.7,-0.5011,0.0,-0.7439,5.4779,0,0,-22.86,-37.14,0.070,0.720,0.34,0.00,20.07
1.800,0.1439,-9.0,-0.5011,0.0,-0.7369,5.4790,0,0,-22.86,-37.14,0.080,0.720,0.45,0.00,20.07
1.820,0.1439,-9.0,-0.5011,0.0,-0.7369,5.4790,0,0,-22.86,-37.14,0.090,0.710,0.45,0.00,20.07
1.840,0.1577,-2.2,-0.4989,-0.6,-0.7369,5.4790,0,0,-22.86,-37.14,0.110,0.710,0.11,-0.11,20.07
1.860,0.1577,-2.2,-0.4989,-0.6,-0.7300,5.4800,0,0,-22.86,-37.14,0.110,0.710,0.11,-0.11,20.08
1.880,0.1566,-2.2,-0.4920,-0.6,-0.7300,5.4800,0,0,-22.86,-37.14,0.100,0.720,0.11,-0.11,20.07
1.900,0.1566,4.5,-0.4920,0.6,-0.7300,5.4800,-1,0,-22.86,-37.14,0.110,0.720,-0.22,0.11,20.08
1.920,0.1566,4.5,-0.4920,0.6,-0.7300,5.4800,-1,0,-22.86,-37.14,0.110,0.720,-0.22,0.11,20.07
1.940,0.1417,2.2,-0.4873,-0.6,-0.7300,5.4800,0,0,-22.86,-37.14,0.100,0.720,-0.11,-0.11,20.07
1.960,0.1417,2.2,-0.4873,-0.6,-0.7300,5.4800,0,0,-22.86,-37.14,0.090,0.710,-0.11,-0.11,20.07
1.980,0.1347,2.2,-0.4884,-0.6,-0.7300,5.4800,0,0,-22.86,-37.14,0.090,0.720,-0.11,-0.11,20.07
2.000,0.1347,2.2,-0.4884,2.2,-0.7422,5.5137,0,0,-22.86,-37.14,0.090,0.710,-0.11,0.45,20.07
2.020,0.1347,2.2,-0.4884,2.2,-0.7422,5.5137,0,0,-22.86,-37.14,0.090,0.710,-0.11,0.45,20.07
2.040,0.1373,-6.7,-0.4597,3.9,-0.7422,5.5137,0,0,-22.86,-37.14,0.080,0.700,0.34,0.78,20.07
2.060,0.1373,-6.7,-0.4597,3.9,-0.7332,5.5928,0,0,-22.86,-37.14,0.070,0.700,0.34,0.78,20.09
2.080,0.1514,-6.7,-0.4149,3.9,-0.7332,5.5928,0,0,-22.86,-37.14,0.090,0.700,0.34,0.78,20.07
2.100,0.1514,-11.2,-0.4149,7.8,-0.7194,5.6869,0,0,-22.86,-37.14,0.110,0.710,0.56,1.57,20.07
2.120,0.1514,-11.2,-0.4149,7.8,-0.7194,5.6869,0,0,-22.86,-37.14,0.110,0.690,0.56,1.57,20.07
2.140,0.1760,-4.5,-0.3472,6.7,-0.7194,5.6869,0,1,-22.86,-37.14,0.140,0.680,0.22,1.34,20.07
2.160,0.1760,-4.5,-0.3472,6.7,-0.7126,5.7303,2,0,-22.86,-37.14,0.170,0.670,0.22,1.34,20.09
2.180,0.1751,-4.5,-0.2978,6.7,-0.7126,5.7303,3,0,-22.86,-37.14,0.180,0.670,0.22,1.34,20.07
2.200,0.1751,13.4,-0.2978,4.5,-0.7522,5.7529,1,0,-22.86,-37.14,0.180,0.650,-0.67,0.90,20.07
2.220,0.1751,13.4,-0.2978,4.5,-0.7522,5.7529,-5,1,-22.86,-37.14,0.180,0.640,-0.67,0.90,20.08
2.240,0.1202,35.8,-0.2641,0.6,-0.8041,5.6744,-2,0,-22.86,-37.14,0.130,0.650,-1.79,0.11,20.07
2.260,0.1202,35.8,-0.2641,0.6,-0.8041,5.6744,-11,0,-22.86,-37.14,0.080,0.640,-1.79,0.11,20.08
2.280,0.0569,35.8,-0.2671,0.6,-0.8041,5.6744,1,0,-22.86,-37.14,0.010,0.640,-1.79,0.11,20.07
2.300,0.0569,22.4,-0.2671,-6.2,-0.8342,5.5495,3,0,-22.86,-37.14,0.040,0.640,-1.12,-1.23,20.07
2.320,0.0569,22.4,-0.2671,-6.2,-0.8342,5.5495,4,0,-22.86,-37.14,0.090,0.650,-1.12,-1.23,20.08
2.340,0.0312,-0.0,-0.3279,-14.0,-0.8294,5.2951,1,0,-22.86,-37.14,0.090,0.660,0.00,-2.80,20.07
2.360,0.0312,-0.0,-0.3279,-14.0,-0.8294,5.2951,3,0,-22.86,-37.14,0.130,0.660,0.00,-2.80,20.08
2.380,0.0508,-0.0,-0.4523,-14.0,-0.8294,5.2951,-1,-1,-22.86,-37.14,0.100,0.690,0.00,-2.80,20.06
2.400,0.0508,-26.9,-0.4523,-23.5,-0.7421,4.8763,0,0,-22.86,-37.14,0.100,0.710,1.34,-4.70,20.07
2.420,0.0508,-26.9,-0.4523,-23.5,-0.7421,4.8763,0,-2,-22.86,-37.14,0.100,0.720,1.34,-4.70,20.07
2.440,0.1376,-53.7,-0.6438,-30.2,-0.6127,4.3648,-10,-5,-22.86,-37.14,0.060,0.770,2.69,-6.04,20.07
2.460,0.1376,-53.7,-0.6438,-30.2,-0.6127,4.3648,-3,-10,-22.86,-37.14,0.000,0.770,2.69,-6.04,20.08
2.480,0.2889,-53.7,-0.9315,-30.2,-0.6127,4.3648,-28,-24,-22.86,-37.14,0.030,0.760,2.69,-6.04,20.08
2.500,0.2889,-78.3,-0.9315,-39.7,-0.3766,3.8478,-31,-34,-22.86,-37.14,0.010,0.710,3.92,-7.95,20.08
2.520,0.2889,-78.3,-0.9315,-39.7,-0.3766,3.8478,-42,-42,-22.86,-37.14,0.000,0.640,3.92,-7.95,20.08
2.540,0.5084,-529.8,-1.2935,-435.1,-0.0510,3.3366,-60,-46,-22.86,-37.14,0.010,0.600,6.15,-9.40,20.08
2.560,0.5084,-529.8,-1.2935,-435.1,-0.0510,3.3366,-70,-43,-22.86,-37.14,0.110,0.540,6.15,-9.40,20.08
2.580,0.8238,-782.1,-1.7329,-566.9,-0.0510,3.3366,-538,-458,-25.71,-40.00,0.180,0.770,6.15,-9.40,20.08
2.600,0.8238,-809.0,-1.7329,-570.2,0.3264,2.8966,-325,-370,-28.57,-42.86,0.130,0.000,7.50,-10.07,20.08
2.620,0.8238,-809.0,-1.7329,-570.2,0.3264,2.8966,-665,-505,-34.29,-45.71,1.090,0.020,7.50,-10.07,20.08
2.640,1.1648,-1050.5,-2.1967,-708.3,0.7157,2.5640,-684,-508,-34.29,-45.71,1.410,0.290,5.93,-9.85,20.08
2.660,1.1648,-1050.5,-2.1967,-708.3,0.7157,2.5640,-754,-563,-42.86,-51.43,1.160,0.580,5.93,-9.85,20.08
2.680,1.4168,-1252.1,-2.6320,-838.8,0.7157,2.5640,-978,-655,-45.71,-54.29,0.790,0.840,5.93,-9.85,20.08
2.700,1.4168,-1202.9,-2.6320,-833.8,1.0692,2.2758,-988,-676,-51.43,-57.14,1.350,0.370,3.47,-8.84,20.08
2.720,1.4168,-1202.9,-2.6320,-833.8,1.0692,2.2758,-1174,-782,-60.00,-65.71,1.470,0.130,3.47,-8.84,20.08
2.740,1.5554,-1257.7,-3.0213,-946.1,1.3654,2.0361,-1118,-812,-62.86,-65.71,0.980,0.610,0.67,-7.95,20.08
2.760,1.5554,-1257.7,-3.0213,-946.1,1.3654,2.0361,-1150,-805,-74.29,-74.29,1.710,0.680,0.67,-7.95,20.08
2.780,1.5360,-1242.2,-3.3502,-1044.8,1.3654,2.0361,-1201,-943,-77.14,-77.14,1.420,0.160,0.67,-7.95,20.08
2.800,1.5360,-1159.4,-3.3502,-1030.2,1.5445,1.8716,-1215,-920,-85.71,-82.86,1.710,0.200,-3.47,-5.04,20.08
2.820,1.5360,-1159.4,-3.3502,-1030.2,1.5445,1.8716,-1227,-1002,-94.29,-91.43,1.790,0.820,-3.47,-5.04,20.08
2.840,1.2882,-878.4,-3.4806,-1036.9,1.5766,1.7921,-1141,-1008,-97.14,-94.29,1.190,0.260,-7.61,1.45,20.08
2.860,1.2882,-878.4,-3.4806,-1036.9,1.5766,1.7921,-1160,-1018,-108.57,-102.86,1.930,0.530,-7.61,1.45,20.08
2.880,0.8523,-529.7,-3.1801,-946.8,1.5766,1.7921,-941,-1005,-111.43,-105.71,1.290,1.120,-7.61,1.45,20.08
2.900,0.8523,-476.0,-3.1801,-882.4,1.5150,1.7705,-905,-1043,-117.14,-111.43,1.330,0.620,-10.30,14.32,20.08
2.920,0.8523,-476.0,-3.1801,-882.4,1.5150,1.7705,-597,-971,-120.00,-120.00,1.630,0.700,-10.30,14.32,20.08
2.940,0.2913,219.3,-2.3049,-592.4,1.2951,1.8106,-553,-915,-122.86,-122.86,1.710,0.970,-10.97,19.81,20.07
2.960,0.2913,219.3,-2.3049,-592.4,1.2951,1.8106,-540,-906,-125.71,-128.57,1.120,0.550,-10.97,19.81,20.08
2.980,-0.2944,219.3,-1.2784,-284.5,1.2951,1.8106,38,-622,-125.71,-131.43,0.370,0.110,-10.97,19.81,20.08
3.000,-0.2944,226.0,-1.2784,-285.6,0.9035,1.9097,12,-655,-125.71,-134.29,0.010,0.630,-11.30,19.58,20.08
3.020,-0.2944,226.0,-1.2784,-285.6,0.9035,1.9097,63,-354,-125.71,-137.14,0.090,0.750,-11.30,19.58,20.08
3.040,-0.8096,802.1,-0.2981,87.8,0.2863,2.0943,112,-357,-125.71,-140.00,0.260,0.710,-7.72,17.57,20.08
3.060,-0.8096,802.1,-0.2981,87.8,0.2863,2.0943,228,-323,-125.71,-142.86,0.010,0.600,-7.72,17.57,20.08
3.080,-1.2274,1136.3,0.5906,87.8,0.2863,2.0943,766,-14,-120.00,-142.86,0.080,0.210,-7.72,17.57,20.08
3.100,-1.2274,1163.2,0.5906,78.3,-0.5564,2.3635,624,-6,-117.14,-142.86,0.640,0.030,-9.06,15.67,20.08
3.120,-1.2274,1163.2,0.5906,78.3,-0.5564,2.3635,974,9,-108.57,-142.86,0.320,0.010,-9.06,15.67,20.08
3.140,-1.6636,1494.3,1.3545,469.6,-1.5399,2.6661,1030,8,-105.71,-142.86,0.380,0.100,-8.17,12.65,20.08
3.160,-1.6636,1494.3,1.3545,469.6,-1.5399,2.6661,1056,20,-97.14,-142.86,0.110,0.050,-8.17,12.65,20.08
3.180,-2.0705,1819.8,1.9666,653.2,-1.5399,2.6661,1410,407,-91.43,-140.00,0.820,0.500,-8.17,12.65,20.08
3.200,-2.0705,1808.6,1.9666,640.9,-2.5377,2.9569,1389,337,-85.71,-137.14,0.100,0.130,-7.61,10.18,20.08
3.220,-2.0705,1808.6,1.9666,640.9,-2.5377,2.9569,1644,527,-71.43,-134.29,0.650,0.090,-7.61,10.18,20.08
3.240,-2.4494,2107.2,2.4332,761.3,-3.5123,3.2205,1667,577,-65.71,-131.43,0.280,0.450,-7.39,6.27,20.08
3.260,-2.4494,2107.2,2.4332,761.3,-3.5123,3.2205,1719,579,-51.43,-128.57,1.180,0.810,-7.39,6.27,20.08
3.280,-2.7757,2368.3,2.7098,844.3,-3.5123,3.2205,1983,733,-42.86,-122.86,1.350,0.840,-7.39,6.27,20.08
3.300,-2.7757,2298.9,2.7098,829.2,-4.4221,3.4280,1968,713,-34.29,-120.00,1.730,0.140,-3.92,3.25,20.07
3.320,-2.7757,2298.9,2.7098,829.2,-4.4221,3.4280,2253,830,-14.29,-114.29,1.880,0.450,-3.92,3.25,20.07
3.340,-2.8785,2267.0,2.8315,847.2,-5.2412,3.6002,2193,819,-8.57,-111.43,2.000,0.840,1.79,-0.45,20.08
3.360,-2.8785,2267.0,2.8315,847.2,-5.2412,3.6002,2251,852,8.57,-105.71,2.000,0.660,1.79,-0.45,20.08
3.380,-2.7080,2130.6,2.7732,829.7,-5.2412,3.6002,2231,829,17.14,-100.00,1.870,0.020,1.79,-0.45,20.08
3.400,-2.7080,2029.8,2.7732,815.7,-5.8863,3.7664,2230,835,31.43,-97.14,2.230,0.480,6.83,-3.25,20.08
3.420,-2.7080,2029.8,2.7732,815.7,-5.8863,3.7664,2119,821,48.57,-88.57,2.080,0.730,6.83,-3.25,20.08
3.440,-2.3213,1655.6,2.5744,743.2,-6.2611,3.8587,2016,824,54.29,-88.57,1.740,0.170,10.07,-5.82,20.08
3.460,-2.3213,1655.6,2.5744,743.2,-6.2611,3.8587,2051,806,71.43,-80.00,2.330,0.070,10.07,-5.82,20.08
3.480,-1.7752,1218.7,2.2482,645.4,-6.2611,3.8587,1755,750,77.14,-77.14,2.230,0.610,10.07,-5.82,20.08
3.500,-1.7752,1176.2,2.2482,632.5,-6.2152,3.8166,1708,754,85.71,-74.29,1.930,0.740,12.20,-8.39,20.08
3.520,-1.7752,1176.2,2.2482,632.5,-6.2152,3.8166,1298,661,97.14,-68.57,2.110,0.020,12.20,-8.39,20.08
3.540,-1.1151,607.8,1.7998,489.6,-5.8733,3.7578,1251,625,100.00,-65.71,1.860,0.000,14.21,-10.07,20.08
3.560,-1.1151,607.8,1.7998,489.6,-5.8733,3.7578,1202,667,108.57,-62.86,2.040,0.370,14.21,-10.07,20.08
3.580,-0.3669,-284.2,1.2865,335.6,-5.8733,3.7578,759,495,114.29,-60.00,2.370,0.650,14.21,-10.07,20.08
3.600,-0.3669,-313.3,1.2865,330.6,-5.2636,3.7689,706,502,117.14,-57.14,2.170,0.720,15.67,-11.08,20.08
3.620,-0.3669,-313.3,1.2865,330.6,-5.2636,3.7689,-38,367,117.14,-54.29,0.990,0.110,15.67,-11.08,20.08
3.640,0.4634,-311.1,0.7268,-57.1,-4.4890,3.8190,-67,405,117.14,-51.43,0.610,0.170,15.55,-11.41,20.08
3.660,0.4634,-311.1,0.7268,-57.1,-4.4890,3.8190,-167,324,114.29,-48.57,0.480,0.050,15.55,-11.41,20.08
3.680,1.2154,-1283.4,0.1511,-57.1,-4.4890,3.8190,-214,2,114.29,-48.57,0.720,0.210,15.55,-11.41,20.08
3.700,1.2154,-1249.8,0.1511,-57.6,-3.5819,3.9269,-260,1,111.43,-48.57,0.970,0.130,13.88,-11.53,20.08
3.720,1.2154,-1249.8,0.1511,-57.6,-3.5819,3.9269,-1006,-4,102.86,-48.57,0.230,0.040,13.88,-11.53,20.08
3.740,1.8566,-1695.6,-0.4172,-53.2,-2.5820,3.9971,-1047,-3,100.00,-48.57,0.360,0.230,10.52,-10.63,20.08
3.760,1.8566,-1695.6,-0.4172,-53.2,-2.5820,3.9971,-1136,-11,91.43,-48.57,0.140,0.080,10.52,-10.63,20.08
3.780,2.3533,-2093.0,-0.9484,-53.2,-2.5820,3.9971,-1588,-11,85.71,-48.57,0.390,0.370,10.52,-10.63,20.08
3.800,2.3533,-2050.5,-0.9484,-46.4,-1.5136,3.9951,-1548,-21,77.14,-48.57,0.050,0.400,8.39,-9.29,20.08
3.820,2.3533,-2050.5,-0.9484,-46.4,-1.5136,3.9951,-1888,-23,60.00,-51.43,0.370,0.110,8.39,-9.29,20.08
3.840,2.6936,-2269.0,-1.4074,-458.6,-0.4998,3.9693,-1891,-23,57.14,-51.43,0.010,0.530,5.71,-7.27,20.08
3.860,2.6936,-2269.0,-1.4074,-458.6,-0.4998,3.9693,-1986,-31,40.00,-51.43,0.360,0.560,5.71,-7.27,20.08
3.880,2.9018,-2435.6,-1.7433,-559.4,-0.4998,3.9693,-2194,-443,31.43,-51.43,0.570,0.850,5.71,-7.27,20.08
3.900,2.9018,-2372.9,-1.7433,-546.5,0.4325,3.7886,-2179,-334,20.00,-54.29,0.150,0.720,2.57,-4.70,20.08
3.920,2.9018,-2372.9,-1.7433,-546.5,0.4325,3.7886,-2317,-520,0.00,-57.14,0.410,0.300,2.57,-4.70,20.08
3.940,3.0275,-2477.9,-1.9564,-599.8,1.2241,3.5792,-2229,-545,-5.71,-60.00,0.970,0.200,2.80,-2.57,20.08
3.960,3.0275,-2477.9,-1.9564,-599.8,1.2241,3.5792,-2304,-478,-25.71,-62.86,1.110,0.020,2.80,-2.57,20.07
3.980,3.0307,-2480.5,-2.0521,-628.5,1.2241,3.5792,-2385,-591,-34.29,-65.71,1.220,0.460,2.80,-2.57,20.08
4.000,3.0307,-2377.6,-2.0521,-615.1,1.9278,3.3247,-2420,-597,-48.57,-68.57,1.280,0.700,-2.35,0.11,20.08
4.020,3.0307,-2377.6,-2.0521,-615.1,1.9278,3.3247,-2400,-610,-68.57,-74.29,1.670,0.540,-2.35,0.11,20.08
4.040,2.8310,-2128.3,-2.0135,-589.5,2.5745,3.0955,-2334,-624,-74.29,-77.14,1.860,0.050,-6.83,2.91,20.08
4.060,2.8310,-2128.3,-2.0135,-589.5,2.5745,3.0955,-2353,-593,-94.29,-80.00,1.760,0.010,-6.83,2.91,20.09
4.080,2.4145,-1795.1,-1.8344,-535.8,2.5745,3.0955,-2183,-588,-102.86,-82.86,1.430,0.450,-6.83,2.91,20.08
4.100,2.4145,-1732.4,-1.8344,-527.4,3.1708,2.8590,-2152,-581,-114.29,-85.71,1.580,0.770,-9.96,4.59,20.08
4.120,2.4145,-1732.4,-1.8344,-527.4,3.1708,2.8590,-1867,-538,-128.57,-91.43,1.410,0.570,-9.96,4.59,20.08
4.140,1.8374,-1237.1,-1.6057,-457.6,3.6915,2.5980,-1823,-555,-134.29,-91.43,0.880,0.040,-11.64,4.81,20.08
4.160,1.8374,-1237.1,-1.6057,-457.6,3.6915,2.5980,-1794,-505,-148.57,-97.14,1.070,0.030,-11.64,4.81,20.08
4.180,1.2833,-793.9,-1.3795,-389.8,3.6915,2.5980,-1348,-471,-154.29,-100.00,0.830,0.250,-11.64,4.81,20.08
4.200,1.2833,-852.1,-1.3795,-394.3,4.1228,2.2756,-1361,-480,-162.86,-102.86,0.740,0.560,-8.73,3.92,20.08
4.220,1.2833,-852.1,-1.3795,-394.3,4.1228,2.2756,-935,-379,-171.43,-105.71,0.250,0.790,-8.73,3.92,20.08
4.240,0.9219,-697.2,-1.2108,-351.5,4.4247,1.9618,-923,-399,-171.43,-105.71,1.070,0.740,-2.01,2.35,20.08
4.260,0.9219,-697.2,-1.2108,-351.5,4.4247,1.9618,-828,-413,-180.00,-108.57,0.920,0.520,-2.01,2.35,20.08
4.280,0.8689,-692.9,-1.1179,-329.8,4.4247,1.9618,-666,-367,-182.86,-111.43,0.880,0.030,-0.11,1.12,20.08
4.300,0.8689,-692.9,-1.1179,-329.8,4.5934,1.6835,-662,-382,-185.71,-111.43,1.640,0.060,-0.11,1.12,20.08
4.320,0.8689,-692.9,-1.1179,-329.8,4.5934,1.6835,-678,-314,-191.43,-114.29,2.220,0.150,-0.11,1.12,20.08
4.340,0.8865,-704.7,-1.0710,-320.7,4.5932,1.5186,-652,-343,-191.43,-117.14,2.260,0.330,-0.22,0.11,20.08
4.360,0.8865,-704.7,-1.0710,-320.7,4.5932,1.5186,-658,-349,-197.14,-120.00,1.690,0.700,-0.22,0.11,20.08
4.380,0.8496,-632.7,-1.0889,-331.1,4.5932,1.5186,-671,-345,-200.00,-120.00,1.760,0.790,-2.35,-0.90,20.08
4.400,0.8496,-632.7,-1.0889,-331.1,4.4061,1.4049,-692,-301,-205.71,-122.86,2.280,0.870,-2.35,-0.90,20.08
4.420,0.8496,-632.7,-1.0889,-331.1,4.4061,1.4049,-608,-284,-208.57,-122.86,2.530,0.770,-2.35,-0.90,20.08
4.440,0.6773,-421.0,-1.1416,-348.6,4.0690,1.3690,-608,-325,-211.43,-125.71,2.080,0.600,-6.04,-1.23,20.08
4.460,0.6773,-421.0,-1.1416,-348.6,4.0690,1.3690,-642,-325,-217.14,-128.57,1.850,0.190,-6.04,-1.23,20.08
4.480,0.3445,181.3,-1.2062,-364.7,4.0690,1.3690,-468,-376,-220.00,-128.57,1.930,0.050,-9.06,-0.56,20.08
4.500,0.3445,181.3,-1.2062,-364.7,3.5583,1.3827,-429,-321,-220.00,-131.43,2.230,0.070,-9.06,-0.56,20.08
4.520,0.3445,181.3,-1.2062,-364.7,3.5583,1.3827,20,-337,-220.00,-134.29,1.640,0.430,-9.06,-0.56,20.08
4.540,-0.1694,250.7,-1.2028,-348.5,2.9426,1.4576,47,-385,-220.00,-134.29,1.420,0.720,-12.53,2.46,20.08
4.560,-0.1694,250.7,-1.2028,-348.5,2.9426,1.4576,93,-358,-220.00,-137.14,1.250,0.920,-12.53,2.46,20.08
4.580,-0.8177,954.0,-1.0323,-277.8,2.9426,1.4576,153,-337,-220.00,-140.00,0.940,0.830,-15.00,6.38,20.08
4.600,-0.8177,954.0,-1.0323,-277.8,2.2031,1.5750,192,-333,-217.14,-140.00,0.800,0.760,-15.00,6.38,20.08
4.620,-0.8177,954.0,-1.0323,-277.8,2.2031,1.5750,725,-269,-211.43,-142.86,0.100,0.310,-15.00,6.38,20.08
4.640,-1.5425,1507.0,-0.6645,50.9,1.3102,1.7425,775,-288,-211.43,-145.71,0.060,0.150,-13.65,10.18,20.08
4.660,-1.5425,1507.0,-0.6645,50.9,1.3102,1.7425,825,-261,-202.86,-145.71,0.480,0.030,-13.65,10.18,20.08
4.680,-2.2068,2025.0,-0.1605,54.3,1.3102,1.7425,1433,-12,-197.14,-145.71,0.410,0.130,-12.98,10.85,20.08
4.700,-2.2068,2025.0,-0.1605,54.3,0.2883,1.9436,1321,0,-188.57,-145.71,0.030,0.140,-12.98,10.85,20.08
4.720,-2.2068,2025.0,-0.1605,54.3,0.2883,1.9436,1825,5,-174.29,-145.71,0.420,0.170,-12.98,10.85,20.08
4.740,-2.7786,2426.6,0.3284,44.8,-0.8047,2.1411,1852,5,-171.43,-145.71,0.110,0.240,-10.18,8.95,20.08
4.760,-2.7786,2426.6,0.3284,44.8,-0.8047,2.1411,1927,13,-151.43,-145.71,0.300,0.100,-10.18,8.95,20.08
4.780,-3.2228,2717.0,0.7255,35.3,-0.8047,2.1411,2242,10,-148.57,-145.71,1.110,0.320,-6.94,7.05,20.08
4.800,-3.2228,2717.0,0.7255,35.3,-1.9419,2.3135,2230,17,-131.43,-145.71,0.270,0.370,-6.94,7.05,20.08
4.820,-3.2228,2717.0,0.7255,35.3,-1.9419,2.3135,2511,13,-111.43,-145.71,1.140,0.400,-6.94,7.05,20.08
4.840,-3.5177,2865.6,1.0349,335.7,-2.9895,2.5043,2526,15,-105.71,-145.71,1.620,0.180,-2.57,5.04,20.08
4.860,-3.5177,2865.6,1.0349,335.7,-2.9895,2.5043,2612,17,-80.00,-145.71,1.820,0.460,-2.57,5.04,20.08
4.880,-3.4813,2655.2,1.2407,386.8,-2.9895,2.5043,2691,83,-74.29,-145.71,2.910,1.040,6.49,2.91,20.08
4.900,-3.4813,2655.2,1.2407,386.8,-3.9390,2.6737,2783,213,-54.29,-142.86,2.180,0.740,6.49,2.91,20.08
4.920,-3.4813,2655.2,1.2407,386.8,-3.9390,2.6737,2629,338,-37.14,-142.86,2.050,0.600,6.49,2.91,20.08
4.940,-3.0428,2181.3,1.3374,405.7,-4.7447,2.8824,2649,314,-28.57,-140.00,1.850,0.350,12.65,0.90,20.08
4.960,-3.0428,2181.3,1.3374,405.7,-4.7447,2.8824,2642,341,-8.57,-137.14,2.020,0.000,12.65,0.90,20.08
4.980,-2.3185,1530.3,1.3401,398.7,-4.7447,2.8824,2310,394,2.86,-137.14,1.510,0.100,16.23,-0.67,20.08
5.000,-2.3185,1530.3,1.3401,398.7,-5.2335,3.1130,2260,352,17.14,-134.29,1.630,0.040,16.23,-0.67,20.08
5.020,-2.3185,1530.3,1.3401,398.7,-5.2335,3.1130,1716,378,28.57,-131.43,1.000,0.370,16.23,-0.67,20.08
5.040,-1.4913,924.4,1.2822,379.1,-5.6329,3.4000,1681,401,34.29,-131.43,0.920,0.690,13.43,-1.12,20.08
5.060,-1.4913,924.4,1.2822,379.1,-5.6329,3.4000,1575,383,45.71,-128.57,1.040,0.860,13.43,-1.12,20.08
5.080,-0.8680,513.1,1.2175,360.8,-5.6329,3.4000,1051,381,51.43,-125.71,0.750,0.630,9.06,-0.90,20.08
5.100,-0.8680,513.1,1.2175,360.8,-5.7207,3.6373,973,418,57.14,-122.86,1.070,0.320,9.06,-0.90,20.08
5.120,-0.4461,-181.3,1.1747,347.9,-5.7207,3.6373,544,346,60.00,-120.00,1.910,0.020,9.06,-0.90,20.08
5.140,-0.4461,-147.7,1.1747,351.8,-5.4654,3.9042,555,346,62.86,-120.00,2.420,0.050,7.39,-0.11,20.08
5.160,-0.4461,-147.7,1.1747,351.8,-5.4654,3.9042,-20,376,62.86,-117.14,1.490,0.170,7.39,-0.11,20.08
5.180,-0.0712,-156.7,1.1573,348.9,-5.4654,3.9042,-13,378,62.86,-114.29,1.460,0.320,7.83,0.34,20.08
5.200,-0.0712,-156.7,1.1573,348.9,-4.9510,4.0717,-68,391,62.86,-111.43,1.420,0.600,7.83,0.34,20.08
5.220,0.3647,-156.7,1.1609,349.9,-4.9510,4.0717,-103,343,60.00,-111.43,1.420,0.870,7.83,0.34,20.08
5.240,0.3647,-210.4,1.1609,350.5,-4.1796,4.1979,-123,341,60.00,-108.57,1.480,0.760,10.52,0.45,20.08
5.260,0.3647,-210.4,1.1609,350.5,-4.1796,4.1979,-137,396,60.00,-105.71,1.620,0.390,10.52,0.45,20.08
5.280,0.9227,-975.4,1.1509,345.3,-4.1796,4.1979,-168,371,60.00,-105.71,1.380,0.050,11.86,0.00,20.08
5.300,0.9227,-975.4,1.1509,345.3,-3.4288,4.2864,-177,366,57.14,-102.86,1.300,0.100,11.86,0.00,20.08
5.320,1.5970,-1514.8,1.1115,333.4,-3.4288,4.2864,-754,310,51.43,-100.00,0.070,0.070,11.86,0.00,20.08
5.340,1.5970,-1543.9,1.1115,329.0,-2.6800,4.3123,-754,349,48.57,-100.00,0.350,0.200,13.32,-0.90,20.08
5.360,1.5970,-1543.9,1.1115,329.0,-2.6800,4.3123,-1260,379,37.14,-97.14,0.150,0.510,13.32,-0.90,20.08
5.380,2.2011,-1935.5,1.0088,292.6,-2.6800,4.3123,-1297,374,37.14,-94.29,0.500,0.580,8.73,-2.01,20.08
5.400,2.2011,-1935.5,1.0088,292.6,-1.8987,4.3097,-1400,346,25.71,-94.29,0.360,0.780,8.73,-2.01,20.08
5.420,2.5926,-2248.7,0.8564,-10.1,-1.8987,4.3097,-1786,264,14.29,-91.43,0.460,0.630,8.73,-2.01,20.07
5.440,2.5926,-2172.6,0.8564,-13.4,-1.0985,4.2257,-1732,318,5.71,-88.57,0.510,0.440,4.92,-2.69,20.08
5.460,2.5926,-2172.6,0.8564,-13.4,-1.0985,4.2257,-2076,42,-11.43,-88.57,1.280,0.140,4.92,-2.69,20.08
5.480,2.7024,-2085.9,0.6849,-14.0,-1.0985,4.2257,-2024,22,-14.29,-88.57,1.320,0.100,-3.80,-2.80,20.08
5.500,2.7024,-2085.9,0.6849,-14.0,-0.2160,4.1856,-2086,9,-31.43,-88.57,1.530,0.110,-3.80,-2.80,20.08
5.520,2.3954,-1840.2,0.5070,-14.0,-0.2160,4.1856,-2078,0,-45.71,-88.57,1.490,0.090,-3.80,-2.80,20.08
5.540,2.3954,-1705.9,0.5070,-15.7,0.6020,4.0797,-2090,0,-54.29,-88.57,1.500,0.080,-10.52,-3.13,20.08
5.560,2.3954,-1705.9,0.5070,-15.7,0.6020,4.0797,-1892,-1,-68.57,-88.57,0.930,0.070,-10.52,-3.13,20.08
5.580,1.8208,-1226.1,0.3187,-20.1,0.6020,4.0797,-1840,-1,-74.29,-88.57,0.750,0.050,-11.53,-4.03,20.08
5.600,1.8208,-1226.1,0.3187,-20.1,1.2800,3.8484,-1820,-1,-85.71,-88.57,0.290,0.030,-11.53,-4.03,20.08
5.620,1.2735,-788.2,0.0763,-20.1,1.2800,3.8484,-1328,-1,-94.29,-88.57,0.130,0.000,-11.53,-4.03,20.08
5.640,1.2735,-848.7,0.0763,-26.9,1.8105,3.4572,-1330,-3,-100.00,-88.57,0.060,0.020,-8.50,-5.37,20.08
5.660,1.2735,-848.7,0.0763,-26.9,1.8105,3.4572,-968,-4,-108.57,-88.57,0.290,0.050,-8.50,-5.37,20.08
5.680,0.9248,-692.9,-0.2365,-39.7,1.8105,3.4572,-967,-8,-111.43,-88.57,0.250,0.070,-2.35,-7.95,20.08
5.700,0.9248,-692.9,-0.2365,-39.7,2.1108,2.9303,-857,-6,-117.14,-88.57,0.060,0.080,-2.35,-7.95,20.08
5.720,0.8319,-618.5,-0.6785,-39.7,2.1108,2.9303,-703,-14,-122.86,-88.57,0.590,0.140,-2.35,-7.95,20.08
5.740,0.8319,-687.9,-0.6785,-50.9,2.2089,2.2374,-606,-14,-122.86,-88.57,0.910,0.160,1.12,-10.18,20.08
5.760,0.8319,-687.9,-0.6785,-50.9,2.2089,2.2374,-503,-18,-128.57,-88.57,1.060,0.200,1.12,-10.18,20.08
5.780,0.8790,-678.6,-1.2148,-423.7,2.2089,2.2374,-599,-23,-128.57,-88.57,1.460,0.230,-1.23,-11.86,20.08
5.800,0.8790,-678.6,-1.2148,-423.7,2.1252,1.4387,-641,-24,-134.29,-91.43,1.540,0.220,-1.23,-11.86,20.08
5.820,0.7563,-580.4,-1.8428,-612.2,2.1252,1.4387,-628,-373,-140.00,-91.43,2.100,0.190,-1.23,-11.86,20.08
5.840,0.7563,-497.6,-1.8428,-623.3,1.9182,0.6203,-652,-323,-140.00,-94.29,2.050,0.050,-5.37,-14.10,20.08
5.860,0.7563,-497.6,-1.8428,-623.3,1.9182,0.6203,-562,-524,-145.71,-97.14,1.500,0.060,-5.37,-14.10,20.08
5.880,0.4143,210.4,-2.5631,-843.4,1.9182,0.6203,-507,-584,-145.71,-100.00,1.220,0.410,-10.52,-14.88,20.08
5.900,0.4143,210.4,-2.5631,-843.4,1.6120,-0.1860,-523,-573,-151.43,-102.86,1.640,0.680,-10.52,-14.88,20.08
5.920,-0.1612,210.4,-3.3152,-1069.0,1.6120,-0.1860,1,-765,-151.43,-108.57,0.890,0.710,-10.52,-14.88,20.08
5.940,-0.1612,264.1,-3.3152,-1070.7,1.2279,-0.8933,3,-811,-151.43,-111.43,0.580,0.020,-13.20,-15.22,20.08
5.960,-0.1612,264.1,-3.3152,-1070.7,1.2279,-0.8933,47,-1008,-151.43,-120.00,0.060,0.840,-13.20,-15.22,20.08
5.980,-0.7822,842.9,-4.0758,-1294.4,1.2279,-0.8933,91,-1004,-151.43,-122.86,0.000,1.020,-10.85,-14.32,20.08
6.000,-0.7822,842.9,-4.0758,-1294.4,0.8012,-1.5029,159,-1039,-148.57,-131.43,0.090,0.370,-10.85,-14.32,20.07
6.020,-1.2767,1238.4,-4.7591,-1499.3,0.8012,-1.5029,682,-1227,-142.86,-140.00,0.540,0.850,-10.85,-14.32,20.08
6.040,-1.2767,1191.4,-4.7591,-1482.0,0.3083,-1.9626,705,-1248,-140.00,-145.71,0.360,0.650,-8.50,-10.85,20.08
6.060,-1.2767,1191.4,-4.7591,-1482.0,0.3083,-1.9626,1045,-1406,-131.43,-157.14,0.070,0.880,-8.50,-10.85,20.08
6.080,-1.6165,1360.3,-5.1125,-1501.9,0.3083,-1.9626,1064,-1395,-128.57,-160.00,0.560,1.100,-3.36,6.38,20.09
6.100,-1.6165,1360.3,-5.1125,-1501.9,-0.2261,-2.2543,1110,-1439,-122.86,-168.57,0.450,0.690,-3.36,6.38,20.08
6.120,-1.7012,1428.1,-4.4157,-1292.8,-0.2261,-2.2543,1241,-1512,-114.29,-180.00,0.310,0.940,-3.36,6.38,20.08
6.140,-1.7012,1340.8,-4.4157,-1187.6,-0.7630,-2.3225,1252,-1505,-108.57,-185.71,0.960,0.370,1.01,27.42,20.08
6.160,-1.7012,1340.8,-4.4157,-1187.6,-0.7630,-2.3225,1340,-1360,-97.14,-197.14,0.580,0.520,1.01,27.42,20.08
6.180,-1.5487,1138.2,-3.0079,-758.6,-1.3328,-2.2536,1282,-1282,-94.29,-200.00,1.050,0.180,5.04,28.76,20.08
6.200,-1.5487,1138.2,-3.0079,-758.6,-1.3328,-2.2536,1327,-1212,-82.86,-211.43,0.690,0.680,5.04,28.76,20.08
6.220,-1.2501,899.4,-1.5849,-331.7,-1.3328,-2.2536,1171,-799,-77.14,-214.29,0.620,0.160,5.04,28.76,20.08
6.240,-1.2501,883.7,-1.5849,-337.3,-1.9868,-2.0183,1205,-800,-71.43,-217.14,0.600,0.140,5.82,27.64,20.08
6.260,-1.2501,883.7,-1.5849,-337.3,-1.9868,-2.0183,956,-442,-62.86,-222.86,0.010,0.540,5.82,27.64,20.08
6.280,-0.9755,720.0,-0.2415,126.5,-1.9868,-2.0183,948,-432,-60.00,-222.86,0.620,0.730,3.02,25.29,20.08
6.300,-0.9755,720.0,-0.2415,126.5,-2.5332,-1.5708,930,-372,-54.29,-225.71,0.610,0.840,3.02,25.29,20.08
6.320,-0.8576,625.6,0.9612,126.5,-2.5332,-1.5708,741,-17,-48.57,-225.71,0.090,0.220,3.02,25.29,20.07
6.340,-0.8576,690.5,0.9612,109.7,-3.0241,-1.0003,764,14,-45.71,-225.71,0.220,0.380,-0.22,21.93,20.08
6.360,-0.8576,690.5,0.9612,109.7,-3.0241,-1.0003,656,44,-40.00,-225.71,0.620,0.160,-0.22,21.93,20.08
6.380,-0.9324,835.5,1.9951,691.4,-3.0241,-1.0003,695,38,-40.00,-225.71,0.580,0.260,-4.48,18.58,20.08
6.400,-0.9324,835.5,1.9951,691.4,-3.4741,-0.3245,599,49,-34.29,-225.71,0.230,0.190,-4.48,18.58,20.08
6.420,-1.1938,1044.5,2.8313,942.3,-3.4741,-0.3245,704,494,-28.57,-220.00,0.920,0.100,-4.48,18.58,20.07
6.440,-1.1938,1062.5,2.8313,918.2,-3.8275,0.3384,738,558,-25.71,-217.14,1.760,0.410,-5.37,13.76,20.08
6.460,-1.1938,1062.5,2.8313,918.2,-3.8275,0.3384,924,825,-20.00,-211.43,1.890,0.770,-5.37,13.76,20.08
6.480,-1.4020,1141.7,3.4491,1084.5,-4.1024,1.0209,970,840,-17.14,-208.57,1.510,0.450,-1.01,9.96,20.07
6.500,-1.4020,1141.7,3.4491,1084.5,-4.1024,1.0209,1000,863,-8.57,-202.86,2.070,0.000,-1.01,9.96,20.08
6.520,-1.3811,1125.0,3.8692,1210.6,-4.1024,1.0209,1077,1064,-2.86,-197.14,2.300,0.720,-1.01,9.96,20.07
6.540,-1.3811,1024.3,3.8692,1187.6,-4.3641,1.7005,1088,1030,2.86,-191.43,1.780,0.570,4.03,5.37,20.08
6.560,-1.3811,1024.3,3.8692,1187.6,-4.3641,1.7005,1102,1166,11.43,-182.86,2.340,0.220,4.03,5.37,20.08
6.580,-1.1095,724.3,4.0458,1219.9,-4.5882,2.2859,1022,1174,14.29,-180.00,1.860,0.720,8.17,1.23,20.08
6.600,-1.1095,724.3,4.0458,1219.9,-4.5882,2.2859,1027,1167,22.86,-168.57,1.810,0.290,8.17,1.23,20.08
6.620,-0.6430,351.0,4.0276,1214.4,-4.5882,2.2859,820,1211,25.71,-165.71,2.060,0.530,8.17,1.23,20.08
6.640,-0.6430,310.7,4.0276,1192.1,-4.6725,2.6796,806,1177,31.43,-157.14,1.660,0.750,10.18,-3.25,20.08
6.660,-0.6430,310.7,4.0276,1192.1,-4.6725,2.6796,477,1200,34.29,-148.57,0.510,0.270,10.18,-3.25,20.07
6.680,-0.1710,-109.7,3.7699,1094.1,-4.6725,2.6796,426,1210,34.29,-145.71,0.320,0.840,5.48,-7.39,20.08
6.700,-0.1710,-109.7,3.7699,1094.1,-4.6300,3.0346,361,1188,37.14,-137.14,0.520,0.520,5.48,-7.39,20.08
6.720,0.0653,-109.7,3.3472,967.2,-4.6300,3.0346,5,1111,37.14,-128.57,0.450,0.470,5.48,-7.39,20.08
6.740,0.0653,-38.0,3.3472,957.2,-4.5186,3.3031,-9,1090,37.14,-125.71,0.460,1.070,1.90,-9.40,20.08
6.760,0.0653,-38.0,3.3472,957.2,-4.5186,3.3031,-87,971,37.14,-117.14,0.460,0.330,1.90,-9.40,20.08
6.780,0.1164,2.2,2.8236,790.6,-4.5186,3.3031,-50,1001,37.14,-114.29,0.690,0.610,-0.11,-11.30,20.08
6.800,0.1164,2.2,2.8236,790.6,-4.1669,3.5816,-73,955,37.14,-108.57,0.750,0.960,-0.11,-11.30,20.08
6.820,0.1794,2.2,2.2237,610.6,-4.1669,3.5816,-25,820,37.14,-102.86,0.930,0.090,-0.11,-11.30,20.08
6.840,0.1794,-80.6,2.2237,603.3,-3.7696,3.8091,-18,797,37.14,-100.00,0.890,0.260,4.03,-12.76,20.08
6.860,0.1794,-80.6,2.2237,603.3,-3.7696,3.8091,-10,642,37.14,-94.29,0.890,0.630,4.03,-12.76,20.07
6.880,0.4431,-172.3,1.5561,398.6,-3.2947,4.1024,-78,644,37.14,-91.43,0.730,0.750,8.62,-13.65,20.07
6.900,0.4431,-172.3,1.5561,398.6,-3.2947,4.1024,-53,630,34.29,-85.71,0.730,0.270,8.62,-13.65,20.08
6.920,0.9330,-918.7,0.8310,-68.3,-3.2947,4.1024,-114,419,34.29,-85.71,0.380,0.290,8.62,-13.65,20.08
6.940,0.9330,-981.4,0.8310,-71.1,-2.7264,4.3786,-91,439,34.29,-82.86,0.170,0.120,11.75,-14.21,20.08
6.960,0.9330,-981.4,0.8310,-71.1,-2.7264,4.3786,-654,49,28.57,-82.86,0.350,0.190,11.75,-14.21,20.07
6.980,1.5035,-1390.8,0.1165,-63.2,-2.0947,4.6449,-718,2,25.71,-82.86,0.010,0.020,9.40,-12.65,20.08
7.000,1.5035,-1390.8,0.1165,-63.2,-2.0947,4.6449,-849,-7,20.00,-82.86,0.130,0.000,9.40,-12.65,20.08
7.020,1.9562,-1752.9,-0.4986,-63.2,-2.0947,4.6449,-1299,-7,14.29,-82.86,0.680,0.030,9.40,-12.65,20.08
7.040,1.9562,-1721.6,-0.4986,-46.4,-1.3384,4.8110,-1230,-14,8.57,-82.86,0.010,0.120,7.83,-9.29,20.08
7.060,1.9562,-1721.6,-0.4986,-46.4,-1.3384,4.8110,-1525,-13,-5.71,-82.86,0.550,0.090,7.83,-9.29,20.09
7.080,2.2811,-1905.4,-0.9037,-11.2,-0.5730,4.8732,-1528,-6,-8.57,-82.86,0.460,0.020,4.03,-2.24,20.08
7.100,2.2811,-1905.4,-0.9037,-11.2,-0.5730,4.8732,-1611,-19,-22.86,-82.86,1.100,0.380,4.03,-2.24,20.08
7.120,2.3930,-1995.0,-0.9323,-11.2,-0.5730,4.8732,-1769,-4,-31.43,-82.86,0.900,0.090,4.03,-2.24,20.08
7.140,2.3930,-1894.3,-0.9323,16.8,0.3185,4.7394,-1827,-9,-40.00,-82.86,1.490,0.120,-1.01,3.36,20.08
7.160,2.3930,-1894.3,-0.9323,16.8,0.3185,4.7394,-1947,-6,-54.29,-82.86,1.240,0.340,-1.01,3.36,20.08
7.180,2.2742,-1734.4,-0.7839,20.1,1.2496,4.4624,-1850,6,-60.00,-82.86,0.870,0.310,-4.25,4.03,20.08
7.200,2.2742,-1734.4,-0.7839,20.1,1.2496,4.4624,-1914,1,-74.29,-82.86,1.030,0.290,-4.25,4.03,20.08
7.220,2.0492,-1554.3,-0.6211,20.1,1.2496,4.4624,-1787,3,-82.86,-82.86,0.380,0.240,-4.25,4.03,20.08
7.240,2.0492,-1572.2,-0.6211,15.7,2.1632,4.1025,-1770,2,-94.29,-82.86,0.680,0.210,-3.36,3.13,20.08
7.260,2.0492,-1572.2,-0.6211,15.7,2.1632,4.1025,-1632,3,-105.71,-82.86,0.350,0.080,-3.36,3.13,20.07
7.280,1.9025,-1531.0,-0.5023,10.6,3.0080,3.6587,-1605,0,-111.43,-82.86,0.280,0.150,0.45,2.13,20.08
7.300,1.9025,-1531.0,-0.5023,10.6,3.0080,3.6587,-1551,4,-122.86,-82.86,0.550,0.130,0.45,2.13,20.08
7.320,1.9483,-1567.6,-0.4422,10.6,3.0080,3.6587,-1487,0,-131.43,-82.86,0.600,0.110,0.45,2.13,20.08
7.340,1.9483,-1614.6,-0.4422,1.1,3.7720,3.1523,-1484,2,-137.14,-82.86,1.150,0.110,2.80,0.22,20.08
7.360,1.9483,-1614.6,-0.4422,1.1,3.7720,3.1523,-1512,1,-151.43,-82.86,1.230,0.090,2.80,0.22,20.08
7.380,2.0895,-1732.0,-0.4684,-9.0,4.4276,2.6539,-1557,-1,-154.29,-82.86,1.760,0.090,3.02,-1.79,20.08
7.400,2.0895,-1732.0,-0.4684,-9.0,4.4276,2.6539,-1566,0,-168.57,-82.86,1.690,0.090,3.02,-1.79,20.08
7.420,2.1932,-1815.0,-0.5973,-9.0,4.4276,2.6539,-1667,-2,-174.29,-82.86,2.220,0.110,3.02,-1.79,20.08
7.440,2.1932,-1779.2,-0.5973,-17.9,4.9847,2.1613,-1670,0,-182.86,-82.86,1.810,0.130,1.23,-3.58,20.08
7.460,2.1932,-1779.2,-0.5973,-17.9,4.9847,2.1613,-1780,0,-197.14,-82.86,2.110,0.110,1.23,-3.58,20.08
7.480,2.2027,-1735.3,-0.8257,-31.3,5.4220,1.6814,-1735,-4,-202.86,-82.86,1.820,0.190,-1.34,-6.27,20.08
7.500,2.2027,-1735.3,-0.8257,-31.3,5.4220,1.6814,-1746,-4,-217.14,-82.86,2.190,0.210,-1.34,-6.27,20.08
7.520,2.0790,-1636.4,-1.1785,-384.9,5.4220,1.6814,-1733,-9,-225.71,-82.86,2.300,0.280,-1.34,-6.27,20.07
7.540,2.0790,-1578.2,-1.1785,-397.2,5.7095,1.2396,-1727,-7,-234.29,-82.86,2.100,0.310,-4.25,-8.73,20.08
7.560,2.0790,-1578.2,-1.1785,-397.2,5.7095,1.2396,-1641,-319,-245.71,-85.71,2.360,0.650,-4.25,-8.73,20.07
7.580,1.8053,-1285.3,-1.6230,-533.3,5.8449,0.8568,-1588,-304,-251.43,-85.71,1.820,0.800,-7.95,-9.29,20.08
7.600,1.8053,-1285.3,-1.6230,-533.3,5.8449,0.8568,-1592,-370,-265.71,-88.57,2.400,0.690,-7.95,-9.29,20.07
7.620,1.3675,-935.1,-2.0848,-671.9,5.8449,0.8568,-1357,-491,-271.43,-91.43,1.850,0.440,-7.95,-9.29,20.08
7.640,1.3675,-879.2,-2.0848,-675.2,5.8263,0.5107,-1328,-479,-277.14,-94.29,2.550,0.060,-10.74,-9.96,20.07
7.660,1.3675,-879.2,-2.0848,-675.2,5.8263,0.5107,-990,-611,-285.71,-100.00,2.060,0.110,-10.74,-9.96,20.08
7.680,0.7817,-370.2,-2.5788,-823.4,5.6222,0.2221,-926,-662,-288.57,-100.00,2.110,0.500,-12.76,-9.96,20.08
7.700,0.7817,-370.2,-2.5788,-823.4,5.6222,0.2221,-908,-639,-294.29,-105.71,2.720,0.780,-12.76,-9.96,20.08
7.720,0.1063,255.1,-3.0514,-965.2,5.6222,0.2221,-505,-809,-297.14,-108.57,2.290,0.610,-12.76,-9.96,20.08
7.740,0.1063,291.0,-3.0514,-961.9,5.2339,-0.0184,-464,-783,-300.00,-114.29,1.980,0.000,-14.55,-9.29,20.08
7.760,0.1063,291.0,-3.0514,-961.9,5.2339,-0.0184,40,-928,-297.14,-120.00,0.720,0.850,-14.55,-9.29,20.08
7.780,-0.6170,753.2,-3.5000,-1090.8,4.6458,-0.2033,99,-917,-297.14,-122.86,0.380,0.940,-12.98,-8.17,20.08
7.800,-0.6170,753.2,-3.5000,-1090.8,4.6458,-0.2033,162,-939,-297.14,-131.43,0.260,0.330,-12.98,-8.17,20.08
7.820,-1.2465,1256.8,-3.8732,-1202.8,4.6458,-0.2033,642,-1075,-294.29,-137.14,0.180,0.740,-12.98,-8.17,20.08
7.840,-1.2465,1236.7,-3.8732,-1178.7,3.8707,-0.3342,605,-1039,-291.43,-140.00,0.260,1.030,-11.97,-3.36,20.08
7.860,-1.2465,1236.7,-3.8732,-1178.7,3.8707,-0.3342,1093,-1148,-282.86,-151.43,0.050,0.610,-11.97,-3.36,20.08
7.880,-1.7033,1485.7,-3.8073,-1069.4,2.9067,-0.4436,1110,-1141,-280.00,-154.29,0.140,1.090,-6.15,14.55,20.08
7.900,-1.7033,1485.7,-3.8073,-1069.4,2.9067,-0.4436,1183,-1191,-268.57,-162.86,0.470,0.810,-6.15,14.55,20.08
7.920,-1.9554,1687.4,-2.9007,-797.5,2.9067,-0.4436,1470,-1078,-262.86,-168.57,0.130,0.270,-6.15,14.55,20.08
7.940,-1.9554,1649.3,-2.9007,-752.7,1.7948,-0.4926,1459,-1104,-257.14,-174.29,0.550,0.780,-4.25,23.50,20.08
7.960,-1.9554,1649.3,-2.9007,-752.7,1.7948,-0.4926,1617,-875,-242.86,-180.00,0.120,0.180,-4.25,23.50,20.07
7.980,-2.1259,1797.0,-1.7440,-407.9,0.5764,-0.4465,1625,-801,-237.14,-182.86,0.700,0.080,-4.81,23.05,20.07
8.000,-2.1259,1797.0,-1.7440,-407.9,0.5764,-0.4465,1633,-797,-225.71,-188.57,0.170,0.620,-4.81,23.05,20.09
8.020,-2.3463,1973.3,-0.6297,115.3,0.5764,-0.4465,1761,-440,-217.14,-191.43,0.440,0.460,-4.81,23.05,20.08
8.040,-2.3463,1991.2,-0.6297,107.4,-0.7065,-0.3120,1743,-453,-208.57,-194.29,0.000,0.500,-5.71,21.49,20.08
8.060,-2.3463,1991.2,-0.6297,107.4,-0.7065,-0.3120,1911,-35,-191.43,-194.29,0.080,0.260,-5.71,21.49,20.08
8.080,-2.6582,2303.4,0.3992,97.4,-2.0278,-0.0838,1902,0,-185.71,-194.29,0.370,0.110,-8.84,19.47,20.08
8.100,-2.6582,2303.4,0.3992,97.4,-2.0278,-0.0838,1955,18,-171.43,-194.29,0.070,0.110,-8.84,19.47,20.08
8.120,-3.1103,2665.0,1.2983,486.8,-2.0278,-0.0838,2270,20,-160.00,-194.29,0.320,0.130,-8.84,19.47,20.08
8.140,-3.1103,2707.5,1.2983,471.2,-3.3027,0.2364,2186,39,-151.43,-194.29,0.110,0.320,-10.97,16.34,20.07
8.160,-3.1103,2707.5,1.2983,471.2,-3.3027,0.2364,2478,352,-128.57,-191.43,0.320,0.180,-10.97,16.34,20.08
8.180,-3.6788,3193.7,2.0277,673.8,-4.4173,0.6415,2536,397,-122.86,-188.57,0.630,0.120,-12.53,13.09,20.07
8.200,-3.6788,3193.7,2.0277,673.8,-4.4173,0.6415,2519,410,-102.86,-185.71,0.770,0.080,-12.53,13.09,20.08
8.220,-4.2792,3674.0,2.5817,840.0,-4.4173,0.6415,2896,628,-88.57,-182.86,1.990,0.370,-12.53,13.09,20.08
8.240,-4.2792,3604.6,2.5817,816.5,-5.4771,1.0621,2988,617,-74.29,-180.00,2.190,0.610,-9.06,8.39,20.08
8.260,-4.2792,3604.6,2.5817,816.5,-5.4771,1.0621,3552,800,-42.86,-174.29,2.510,0.550,-9.06,8.39,20.08
8.280,-4.6055,3718.0,2.8993,887.7,-6.4839,1.4817,3465,798,-34.29,-171.43,2.230,0.160,-1.68,3.58,20.07
8.300,-4.6055,3718.0,2.8993,887.7,-6.4839,1.4817,3519,809,-5.71,-165.71,2.330,0.270,-1.68,3.58,20.08
8.320,-4.5809,3698.3,2.9931,915.8,-6.4839,1.4817,3636,865,11.43,-160.00,2.380,0.790,-1.68,3.58,20.08
8.340,-4.5809,3572.9,2.9931,895.7,-7.3970,1.8928,3636,857,28.57,-157.14,2.440,0.540,4.59,-0.45,20.08
8.360,-4.5809,3572.9,2.9931,895.7,-7.3970,1.8928,3652,884,60.00,-148.57,2.450,0.140,4.59,-0.45,20.08
8.380,-4.2692,3229.6,2.8934,844.5,-8.1168,2.2609,3556,890,68.57,-145.71,2.460,0.730,9.29,-4.70,20.08
8.400,-4.2692,3229.6,2.8934,844.5,-8.1168,2.2609,3602,886,97.14,-140.00,2.540,0.720,9.29,-4.70,20.08
8.420,-3.7353,2739.8,2.6017,743.6,-8.1168,2.2609,3288,835,111.43,-137.14,2.260,0.010,12.42,-7.39,20.08
8.440,-3.7353,2739.8,2.6017,743.6,-8.6598,2.5931,3235,850,131.43,-131.43,2.590,0.380,12.42,-7.39,20.08
8.460,-3.7353,2739.8,2.6017,743.6,-8.6598,2.5931,2773,748,151.43,-125.71,2.730,0.900,12.42,-7.39,20.08
8.480,-3.0381,2094.7,2.1819,604.2,-8.7095,2.6687,2788,757,160.00,-122.86,2.740,0.610,16.79,-10.07,20.08
8.500,-3.0381,2094.7,2.1819,604.2,-8.7095,2.6687,2752,728,182.86,-117.14,3.300,0.200,16.79,-10.07,20.08
8.520,-2.1187,1271.9,1.6479,434.5,-8.7095,2.6687,2205,617,191.43,-114.29,2.930,0.380,21.15,-11.97,20.08
8.540,-2.1187,1271.9,1.6479,434.5,-8.3936,2.6400,2194,623,202.86,-111.43,3.260,0.840,21.15,-11.97,20.08
8.560,-2.1187,1271.9,1.6479,434.5,-8.3936,2.6400,1428,460,214.29,-108.57,2.840,0.800,21.15,-11.97,20.07
8.580,-0.9989,320.2,1.0205,239.6,-7.7168,2.5997,1429,505,220.00,-105.71,3.270,0.340,23.95,-13.32,20.08
8.600,-0.9989,320.2,1.0205,239.6,-7.7168,2.5997,1328,461,231.43,-102.86,2.930,0.040,23.95,-13.32,20.08
8.620,0.2459,-543.9,0.3470,-69.9,-7.7168,2.5997,525,211,231.43,-102.86,2.910,0.110,27.19,-13.99,20.08
8.640,0.2459,-543.9,0.3470,-69.9,-6.8080,2.6641,520,289,234.29,-100.00,2.650,0.170,27.19,-13.99,20.08
8.660,0.2459,-543.9,0.3470,-69.9,-6.8080,2.6641,-121,30,234.29,-100.00,0.950,0.090,27.19,-13.99,20.08
8.680,1.5286,-1632.5,-0.3602,-67.7,-5.7887,2.8303,-245,0,234.29,-100.00,0.740,0.010,20.48,-13.54,20.08
8.700,1.5286,-1632.5,-0.3602,-67.7,-5.7887,2.8303,-405,-9,231.43,-100.00,0.440,0.040,20.48,-13.54,20.08
8.720,2.4343,-2231.7,-1.0438,-374.1,-5.7887,2.8303,-1415,-8,225.71,-100.00,0.250,0.030,14.21,-12.20,20.08
8.740,2.4343,-2231.7,-1.0438,-374.1,-4.6528,3.0671,-1307,-15,217.14,-100.00,0.080,0.220,14.21,-12.20,20.08
8.760,2.4343,-2231.7,-1.0438,-374.1,-4.6528,3.0671,-1990,-305,202.86,-102.86,0.220,0.600,14.21,-12.20,20.08
8.780,2.9546,-2486.7,-1.6113,-523.7,-3.4155,3.2390,-1999,-265,197.14,-102.86,0.040,0.720,6.15,-8.06,20.08
8.800,2.9546,-2486.7,-1.6113,-523.7,-3.4155,3.2390,-2093,-302,180.00,-105.71,0.160,0.790,6.15,-8.06,20.07
8.820,3.1434,-2537.1,-1.9606,-591.5,-3.4155,3.2390,-2387,-419,168.57,-108.57,0.400,0.890,1.12,-0.67,20.08
8.840,3.1434,-2537.1,-1.9606,-591.5,-2.1126,3.3635,-2385,-461,154.29,-108.57,0.030,0.440,1.12,-0.67,20.08
8.860,3.1434,-2537.1,-1.9606,-591.5,-2.1126,3.3635,-2456,-526,137.14,-114.29,0.200,0.230,1.12,-0.67,20.08
8.880,3.1643,-2549.3,-1.8005,-475.2,-0.8088,3.4355,-2483,-551,128.57,-114.29,0.300,0.530,0.90,12.98,20.07
8.900,3.1643,-2549.3,-1.8005,-475.2,-0.8088,3.4355,-2523,-625,108.57,-120.00,0.100,0.820,0.90,12.98,20.08
8.920,3.1421,-2504.7,-1.1011,-253.7,-0.8088,3.4355,-2549,-486,97.14,-122.86,0.270,0.750,-0.45,15.33,20.07
8.940,3.1421,-2504.7,-1.1011,-253.7,0.3278,3.3180,-2540,-468,82.86,-125.71,0.100,0.720,-0.45,15.33,20.08
8.960,3.1421,-2504.7,-1.1011,-253.7,0.3278,3.3180,-2492,-265,65.71,-128.57,0.140,0.030,-0.45,15.33,20.08
8.980,3.1310,-2545.1,-0.3854,68.8,1.4382,3.1683,-2468,-306,57.14,-128.57,0.040,0.010,2.01,13.76,20.08
9.000,3.1310,-2545.1,-0.3854,68.8,1.4382,3.1683,-2506,-268,37.14,-131.43,0.190,0.150,2.01,13.76,20.08
9.020,3.2340,-2679.0,0.2628,59.9,1.4382,3.1683,-2502,3,25.71,-131.43,0.410,0.060,4.59,11.97,20.08
9.040,3.2340,-2679.0,0.2628,59.9,2.4467,2.9744,-2535,5,11.43,-131.43,0.240,0.090,4.59,11.97,20.08
9.060,3.2340,-2679.0,0.2628,59.9,2.4467,2.9744,-2633,5,-8.57,-131.43,0.290,0.180,4.59,11.97,20.08
9.080,3.4825,-2922.5,0.8057,45.3,3.3440,2.7877,-2675,7,-17.14,-131.43,0.110,0.330,6.83,9.06,20.08
9.100,3.4825,-2922.5,0.8057,45.3,3.3440,2.7877,-2653,14,-37.14,-131.43,0.330,0.230,6.83,9.06,20.08
9.120,3.8760,-3313.5,1.1848,381.7,3.3440,2.7877,-2951,9,-51.43,-131.43,0.400,0.460,10.63,5.26,20.08
9.140,3.8760,-3313.5,1.1848,381.7,4.0615,2.5981,-2746,9,-68.57,-131.43,0.670,0.450,10.63,5.26,20.08
9.160,4.3781,-3715.1,1.3926,444.1,4.0615,2.5981,-3096,270,-88.57,-128.57,1.470,0.900,10.63,5.26,20.08
9.180,4.3781,-3701.7,1.3926,423.9,4.6493,2.4099,-3130,283,-100.00,-128.57,1.220,0.890,9.96,1.23,20.08
9.200,4.3781,-3701.7,1.3926,423.9,4.6493,2.4099,-3558,386,-128.57,-125.71,2.090,0.660,9.96,1.23,20.08
9.220,4.7225,-3849.6,1.4011,406.9,4.6493,2.4099,-3603,416,-145.71,-122.86,2.020,0.130,3.58,-2.69,20.08
9.240,4.7225,-3849.6,1.4011,406.9,5.1298,2.1785,-3658,385,-165.71,-120.00,2.200,0.010,3.58,-2.69,20.08
9.260,4.7322,-3857.4,1.2236,353.6,5.1298,2.1785,-3732,363,-191.43,-117.14,2.780,0.100,3.58,-2.69,20.07
9.280,4.7322,-3685.0,1.2236,336.3,5.5271,1.8526,-3756,409,-205.71,-117.14,2.300,0.300,-5.04,-6.15,20.08
9.300,4.7322,-3685.0,1.2236,336.3,5.5271,1.8526,-3848,375,-234.29,-114.29,2.410,0.540,-5.04,-6.15,20.08
9.320,4.3699,-3267.6,0.8775,-47.6,5.5271,1.8526,-3740,322,-251.43,-111.43,2.180,0.710,-11.41,-9.51,20.08
9.340,4.3699,-3267.6,0.8775,-47.6,5.8306,1.5005,-3692,346,-274.29,-108.57,2.210,0.960,-11.41,-9.51,20.08
9.360,3.7116,-2741.0,0.3835,-47.6,5.8306,1.5005,-3345,38,-297.14,-108.57,2.120,0.420,-11.41,-9.51,20.07
9.380,3.7116,-2664.9,0.3835,-58.8,6.0092,1.1002,-3282,3,-308.57,-108.57,2.100,0.600,-15.22,-11.75,20.07
9.400,3.7116,-2664.9,0.3835,-58.8,6.0092,1.1002,-2819,-5,-334.29,-108.57,2.010,0.600,-15.22,-11.75,20.08
9.420,2.8862,-1935.2,-0.2070,-67.1,6.0092,1.1002,-2715,-8,-340.00,-108.57,1.610,0.330,-18.69,-13.43,20.08
9.440,2.8862,-1935.2,-0.2070,-67.1,6.0254,0.6296,-2710,-11,-360.00,-108.57,2.090,0.450,-18.69,-13.43,20.08
9.460,1.9288,-1169.3,-0.8859,-67.1,6.0254,0.6296,-2100,-20,-374.29,-108.57,1.590,0.170,-18.69,-13.43,20.08
9.480,1.9288,-1146.9,-0.8859,-73.3,5.8685,0.1840,-2059,-22,-382.86,-108.57,2.370,0.340,-19.81,-14.66,20.08
9.500,1.9288,-1146.9,-0.8859,-73.3,5.8685,0.1840,-1327,-32,-391.43,-111.43,1.320,0.090,-19.81,-14.66,20.08
9.520,0.9258,-337.7,-1.6133,-561.2,5.8685,0.1840,-1259,-36,-397.14,-111.43,2.220,0.250,-20.14,-15.44,20.08
9.540,0.9258,-337.7,-1.6133,-561.2,5.5546,-0.2081,-1213,-44,-405.71,-111.43,1.740,0.240,-20.14,-15.44,20.08
9.560,-0.0760,402.9,-2.3761,-790.0,5.5546,-0.2081,-549,-436,-408.57,-114.29,1.250,0.060,-20.14,-15.44,20.07
9.580,-0.0760,373.8,-2.3761,-791.2,5.0609,-0.5090,-490,-444,-408.57,-114.29,1.910,0.350,-18.69,-15.67,20.08
9.600,-0.0760,373.8,-2.3761,-791.2,5.0609,-0.5090,118,-695,-408.57,-122.86,0.640,0.830,-18.69,-15.67,20.08
9.620,-0.9456,1022.8,-3.1527,-1023.6,5.0609,-0.5090,176,-710,-408.57,-122.86,0.650,0.860,-13.32,-15.55,20.08
9.640,-0.9456,1022.8,-3.1527,-1023.6,4.3728,-0.7239,237,-749,-405.71,-128.57,0.070,0.410,-13.32,-15.55,20.07
9.660,-1.5817,1531.7,-3.9109,-1251.1,4.3728,-0.7239,845,-956,-400.00,-134.29,0.250,0.420,-13.32,-15.55,20.07
9.680,-1.5817,1484.7,-3.9109,-1243.8,3.4759,-0.8214,883,-970,-397.14,-140.00,0.020,0.970,-10.97,-14.10,20.08
9.700,-1.5817,1484.7,-3.9109,-1243.8,3.4759,-0.8214,1402,-1127,-385.71,-148.57,0.180,0.650,-10.97,-14.10,20.07
9.720,-2.0412,1729.2,-4.4317,-1294.3,3.4759,-0.8214,1399,-1153,-382.86,-151.43,0.100,1.000,-4.81,7.05,20.08
9.740,-2.0412,1729.2,-4.4317,-1294.3,2.4103,-0.8301,1432,-1175,-371.43,-160.00,0.460,1.450,-4.81,7.05,20.08
9.760,-2.2195,1871.8,-3.5465,-1028.7,2.4103,-0.8301,1696,-1276,-360.00,-168.57,0.060,0.660,-4.81,7.05,20.08
9.780,-2.2195,1809.2,-3.5465,-891.6,1.2014,-0.7025,1714,-1315,-354.29,-174.29,0.580,0.940,-1.68,34.47,20.08
9.800,-2.2195,1809.2,-3.5465,-891.6,1.2014,-0.7025,1837,-1108,-340.00,-182.86,0.270,0.200,-1.68,34.47,20.07
9.820,-2.2886,1871.2,-1.7837,-357.2,1.2014,-0.7025,1768,-933,-331.43,-185.71,0.170,0.220,-2.01,35.59,20.08
9.840,-2.2886,1871.2,-1.7837,-357.2,-0.0830,-0.4601,1765,-931,-322.86,-191.43,0.420,0.760,-2.01,35.59,20.07
9.860,-2.4332,1986.9,-0.0054,177.9,-0.0830,-0.4601,1844,-452,-308.57,-194.29,0.000,0.230,-2.01,35.59,20.09
9.880,-2.4332,2033.9,-0.0054,172.9,-1.3579,-0.1701,1818,-431,-302.86,-197.14,0.290,0.110,-4.36,34.58,20.08
9.900,-2.4332,2033.9,-0.0054,172.9,-1.3579,-0.1701,1953,-1,-285.71,-197.14,0.010,0.100,-4.36,34.58,20.08
9.920,-2.6883,2298.4,1.6640,654.7,-1.3579,-0.1701,1979,22,-280.00,-197.14,0.390,0.490,-7.39,31.11,20.08
9.940,-2.6883,2298.4,1.6640,654.7,-2.5470,0.2134,1977,74,-268.57,-197.14,0.110,0.270,-7.39,31.11,20.07
9.960,-3.0866,2617.0,3.1307,1094.8,-2.5470,0.2134,2219,507,-251.43,-191.43,0.090,0.610,-7.39,31.11,20.08
9.980,-3.0866,2661.8,3.1307,1068.5,-3.6131,0.6499,2126,517,-242.86,-191.43,0.520,0.040,-9.62,25.85,20.08
10.000,-3.0866,2661.8,3.1307,1068.5,-3.6131,0.6499,2378,922,-222.86,-182.86,0.600,0.250,-9.62,25.85,20.08
10.020,-3.5717,3029.7,4.3154,1393.1,-3.6131,0.6499,2442,955,-217.14,-180.00,1.050,0.730,-8.62,19.70,20.08
10.040,-3.5717,3029.7,4.3154,1393.1,-4.4552,1.0512,2500,1007,-200.00,-174.29,1.690,0.530,-8.62,19.70,20.08
10.060,-3.8867,3281.7,5.1477,1642.8,-4.4552,1.0512,2864,1285,-180.00,-162.86,2.100,0.430,-8.62,19.70,20.09
10.080,-3.8867,3151.9,5.1477,1588.5,-5.1229,1.4208,2938,1283,-168.57,-160.00,1.940,0.940,-2.13,8.84,20.08
10.100,-3.8867,3151.9,5.1477,1588.5,-5.1229,1.4208,3207,1549,-140.00,-145.71,2.110,0.750,-2.13,8.84,20.08
10.120,-3.8935,3058.9,5.3029,1535.5,-5.1229,1.4208,3071,1528,-134.29,-142.86,1.430,1.110,2.80,-11.08,20.08
10.140,-3.8935,3058.9,5.3029,1535.5,-5.7380,1.7263,3115,1539,-111.43,-131.43,2.080,0.740,2.80,-11.08,20.08
10.160,-3.6507,2864.6,4.4596,1282.5,-5.7380,1.7263,3018,1563,-91.43,-120.00,2.120,1.200,2.80,-11.08,20.08
10.180,-3.6507,2770.6,4.4596,1206.4,-6.1201,1.9052,3037,1550,-77.14,-114.29,1.990,0.770,7.50,-26.30,20.07
10.200,-3.6507,2770.6,4.4596,1206.4,-6.1201,1.9052,2876,1362,-54.29,-102.86,2.340,0.750,7.50,-26.30,20.08
10.220,-3.1735,2299.3,3.0911,776.8,-6.1201,1.9052,2813,1271,-48.57,-100.00,1.860,0.110,11.97,-30.10,20.08
10.240,-3.1735,2299.3,3.0911,776.8,-6.3611,2.1297,2792,1249,-28.57,-91.43,2.240,0.730,11.97,-30.10,20.08
10.260,-2.4944,1756.0,1.5443,312.8,-6.3611,2.1297,2363,844,-11.43,-85.71,1.950,0.120,11.97,-30.10,20.08
10.280,-2.4944,1688.9,1.5443,301.6,-6.3784,2.3282,2342,824,-2.86,-82.86,2.460,0.050,15.33,-32.34,20.08
10.300,-2.4944,1688.9,1.5443,301.6,-6.3784,2.3282,1844,436,11.43,-80.00,2.030,0.480,15.33,-32.34,20.07
10.320,-1.6808,1009.0,-0.0867,-162.8,-6.3784,2.3282,1783,408,17.14,-77.14,1.690,0.600,16.79,-32.56,20.08
10.340,-1.6808,1009.0,-0.0867,-162.8,-6.2594,2.6112,1726,364,28.57,-77.14,2.340,0.790,16.79,-32.56,20.08
10.360,-0.8077,310.4,-1.6959,-671.6,-6.2594,2.6112,1166,16,37.14,-77.14,1.440,0.080,16.79,-32.56,20.08
10.380,-0.8077,314.9,-1.6959,-661.5,-6.0500,2.9571,1141,-27,40.00,-77.14,1.770,0.240,16.56,-30.55,20.08
10.400,-0.8077,314.9,-1.6959,-661.5,-6.0500,2.9571,492,-415,45.71,-80.00,1.360,0.070,16.56,-30.55,20.08
10.420,-0.0231,-228.3,-3.1026,-1008.0,-6.0500,2.9571,464,-434,45.71,-80.00,1.260,0.600,11.41,-15.44,20.08
10.440,-0.0231,-228.3,-3.1026,-1008.0,-5.6942,3.3757,373,-498,48.57,-85.71,0.960,1.200,11.41,-15.44,20.08
10.460,0.5727,-686.4,-3.0463,-991.1,-5.6942,3.3757,-44,-870,48.57,-91.43,0.410,1.690,11.41,-15.44,20.08
10.480,0.5727,-713.3,-3.0463,-723.1,-5.1452,3.7534,-107,-930,48.57,-94.29,0.430,0.700,12.76,38.16,20.08
10.500,0.5727,-713.3,-3.0463,-723.1,-5.1452,3.7534,-518,-1050,42.86,-102.86,0.030,0.540,12.76,38.16,20.08
10.520,1.1623,-1099.9,-0.9249,237.2,-5.1452,3.7534,-608,-903,42.86,-105.71,0.710,0.490,8.50,47.45,20.08
10.540,1.1623,-1099.9,-0.9249,237.2,-4.4560,4.1020,-673,-793,37.14,-111.43,0.040,0.580,8.50,47.45,20.08
10.560,1.6127,-1460.2,1.4076,659.5,-4.4560,4.1020,-998,-18,31.43,-111.43,0.160,0.560,8.50,47.45,20.08
10.580,1.6127,-1478.1,1.4076,650.6,-3.6454,4.3666,-1028,45,25.71,-108.57,0.570,0.540,9.40,45.66,20.09
10.600,1.6127,-1478.1,1.4076,650.6,-3.6454,4.3666,-1351,488,14.29,-105.71,0.240,0.650,9.40,45.66,20.07
10.620,2.0320,-1742.0,3.6089,1290.8,-3.6454,4.3666,-1367,515,11.43,-105.71,0.000,0.020,5.82,41.63,20.07
10.640,2.0320,-1742.0,3.6089,1290.8,-2.8083,4.4676,-1394,516,2.86,-100.00,0.360,0.050,5.82,41.63,20.07
10.660,2.3403,-1988.7,5.5215,1864.6,-2.8083,4.4676,-1626,1052,-8.57,-94.29,0.090,1.010,5.82,41.63,20.08
10.680,2.3403,-1919.3,5.5215,1782.9,-1.9209,4.4524,-1683,1108,-14.29,-88.57,0.180,1.210,2.35,25.29,20.08
10.700,2.3403,-1919.3,5.5215,1782.9,-1.9209,4.4524,-1880,1652,-31.43,-74.29,0.110,1.580,2.35,25.29,20.08
10.720,2.4416,-1935.4,5.9712,1624.1,-1.9209,4.4524,-1854,1602,-34.29,-71.43,0.460,1.330,-0.90,-33.46,20.07
10.740,2.4416,-1935.4,5.9712,1624.1,-1.0899,4.3859,-1864,1736,-48.57,-60.00,0.110,1.190,-0.90,-33.46,20.08
10.760,2.3428,-1856.3,3.7033,943.7,-1.0899,4.3859,-1870,1665,-60.00,-48.57,0.410,0.530,-0.90,-33.46,20.08
10.780,2.3428,-1802.6,3.7033,811.1,-0.2973,4.1301,-1890,1680,-68.57,-40.00,0.360,0.740,-3.58,-59.98,20.07
10.800,2.3428,-1802.6,3.7033,811.1,-0.2973,4.1301,-1845,1077,-82.86,-31.43,0.160,0.000,-3.58,-59.98,20.08
10.820,2.1688,-1681.3,0.6437,-315.0,-0.2973,4.1301,-1814,959,-88.57,-28.57,0.560,0.060,-2.69,-63.00,20.08
10.840,2.1688,-1681.3,0.6437,-315.0,0.4351,3.9463,-1760,885,-100.00,-22.86,0.190,0.770,-2.69,-63.00,20.08
10.860,2.0182,-1560.9,-2.4877,-1061.3,0.4351,3.9463,-1619,-35,-111.43,-22.86,0.870,0.690,-2.69,-63.00,20.08
10.880,2.0182,-1531.8,-2.4877,-1047.9,1.0773,3.8085,-1606,-68,-117.14,-22.86,0.970,0.090,-4.14,-60.32,20.08
10.900,2.0182,-1531.8,-2.4877,-1047.9,1.0773,3.8085,-1532,-618,-131.43,-31.43,1.210,0.580,-4.14,-60.32,20.08
10.920,1.7730,-1367.0,-5.2585,-1689.5,1.0773,3.8085,-1520,-695,-134.29,-31.43,1.060,1.620,-2.57,-22.38,20.08
10.940,1.7730,-1367.0,-5.2585,-1689.5,1.6073,3.7995,-1529,-784,-145.71,-37.14,1.490,2.340,-2.57,-22.38,20.07
10.960,1.6555,-1272.9,-4.9007,-1582.1,1.6073,3.7995,-1372,-1533,-154.29,-48.57,1.180,1.960,-2.57,-22.38,20.08
10.980,1.6555,-1331.1,-4.9007,-1153.5,2.0157,3.9334,-1376,-1609,-160.00,-54.29,1.690,1.220,0.34,63.34,20.08
11.000,1.6555,-1331.1,-4.9007,-1153.5,2.0157,3.9334,-1300,-1592,-171.43,-68.57,1.350,0.340,0.34,63.34,20.08
11.020,1.6555,-1302.1,-1.5437,-106.7,2.0157,3.9334,-1333,-1413,-174.29,-71.43,2.000,0.260,-1.12,71.28,20.07
11.040,1.6555,-1302.1,-1.5437,-106.7,2.3104,4.3614,-1316,-1237,-182.86,-80.00,1.580,0.180,-1.12,71.28,20.08
11.060,1.5410,-1210.4,2.0223,963.1,2.3104,4.3614,-1273,-329,-191.43,-82.86,1.920,0.630,-1.12,71.28,20.08
11.080,1.5410,-1172.3,2.0223,957.5,2.4327,4.8167,-1289,-257,-197.14,-82.86,1.760,0.230,-3.02,70.16,20.08
11.100,1.5410,-1172.3,2.0223,957.5,2.4327,4.8167,-1203,563,-208.57,-77.14,1.940,0.650,-3.02,70.16,20.08
11.120,1.2588,-769.8,5.3531,1898.0,2.4327,4.8167,-1146,612,-208.57,-77.14,2.380,1.160,-11.86,58.41,20.08
11.140,1.2588,-769.8,5.3531,1898.0,2.2953,5.2023,-1167,692,-217.14,-71.43,1.770,1.310,-11.86,58.41,20.08
11.160,0.5768,-224.2,7.1382,2433.5,2.2953,5.2023,-831,1537,-222.86,-60.00,1.940,2.060,-11.86,58.41,20.08
11.180,0.5768,-63.1,7.1382,2030.7,1.8407,5.4251,-809,1656,-225.71,-54.29,2.290,2.180,-19.92,-22.16,20.08
11.200,0.5768,-63.1,7.1382,2030.7,1.8407,5.4251,-384,2336,-228.57,-34.29,1.220,1.370,-19.92,-22.16,20.08
11.220,-0.5602,891.3,4.9240,1132.0,1.8407,5.4251,-225,2171,-231.43,-28.57,0.370,0.130,-22.16,-69.05,20.08
11.240,-0.5602,891.3,4.9240,1132.0,1.0061,5.4444,-127,2049,-231.43,-14.29,0.810,0.740,-22.16,-69.05,20.08
11.260,-1.7797,1866.9,1.3947,73.2,1.0061,5.4444,505,1265,-228.57,-5.71,0.280,0.540,-22.16,-69.05,20.08
11.280,-1.7797,1902.7,1.3947,59.8,-0.0617,5.4110,566,1240,-225.71,-2.86,0.100,0.470,-23.95,-71.73,20.08
11.300,-1.7797,1902.7,1.3947,59.8,-0.0617,5.4110,1378,284,-211.43,0.00,0.690,0.500,-23.95,-71.73,20.08
11.320,-2.9032,2665.0,-2.1931,-995.3,-0.0617,5.4110,1530,223,-208.57,2.86,1.110,0.050,-17.12,-67.48,20.08
11.340,-2.9032,2665.0,-2.1931,-995.3,-1.2190,5.5370,1621,354,-197.14,2.86,1.270,0.030,-17.12,-67.48,20.08
11.360,-3.5598,3190.3,-4.8969,-1806.5,-1.2190,5.5370,2367,-480,-180.00,0.00,2.180,2.430,-17.12,-67.48,20.08
11.380,-3.5598,2870.2,-4.8969,-1452.3,-2.0831,5.5116,2457,-647,-171.43,-2.86,2.050,2.660,-1.12,3.36,20.08
11.400,-3.5598,2870.2,-4.8969,-1452.3,-2.0831,5.5116,3005,-1639,-145.71,-17.14,2.210,2.110,-1.12,3.36,20.08
11.420,-3.2773,2263.8,-3.4178,-698.6,-2.0831,5.5116,2718,-1492,-140.00,-20.00,1.740,0.610,17.90,65.35,20.08
11.440,-3.2773,2263.8,-3.4178,-698.6,-2.5224,5.4320,2790,-1451,-120.00,-28.57,2.250,0.300,17.90,65.35,20.08
11.460,-2.1843,1389.4,-0.1986,326.8,-2.5224,5.4320,2304,-801,-102.86,-34.29,1.990,0.540,17.90,65.35,20.08
11.480,-2.1843,1185.7,-0.1986,317.3,-2.5201,5.2321,2262,-753,-94.29,-37.14,2.150,0.640,28.09,63.45,20.08
11.500,-2.1843,1185.7,-0.1986,317.3,-2.5201,5.2321,1536,23,-82.86,-37.14,1.770,0.500,28.09,63.45,20.07
11.520,-0.6439,-187.7,2.9656,1180.1,-2.5201,5.2321,1355,77,-80.00,-37.14,1.460,0.000,35.14,58.08,20.07
11.540,-0.6439,-187.7,2.9656,1180.1,-2.0691,5.1993,1334,124,-71.43,-37.14,1.510,0.010,35.14,58.08,20.08
11.560,1.0186,-1517.7,5.5188,1946.0,-2.0691,5.1993,146,770,-68.57,-28.57,0.610,1.430,35.14,58.08,20.08
11.580,1.0186,-1416.9,5.5188,1709.3,-1.2944,5.4081,36,890,-68.57,-25.71,0.210,1.980,30.10,10.74,20.08
11.600,1.0186,-1416.9,5.5188,1709.3,-1.2944,5.4081,-950,1744,-77.14,-11.43,0.350,2.080,30.10,10.74,20.08
11.620,2.3789,-2310.4,4.7327,1103.1,-1.2944,5.4081,-927,1590,-80.00,-8.57,0.160,1.330,20.37,-63.34,20.08
11.640,2.3789,-2310.4,4.7327,1103.1,-0.3559,5.5481,-1070,1705,-85.71,2.86,1.550,1.120,20.37,-63.34,20.08
11.660,3.2361,-2996.3,1.3916,100.8,-0.3559,5.5481,-1954,1191,-100.00,11.43,2.240,0.760,20.37,-63.34,20.08
11.680,3.2361,-2671.7,1.3916,71.7,0.4578,5.4921,-2031,1197,-108.57,17.14,2.300,0.250,4.14,-69.16,20.08
11.700,3.2361,-2671.7,1.3916,71.7,0.4578,5.4921,-2777,272,-131.43,20.00,2.200,0.470,4.14,-69.16,20.08
11.720,3.2874,-2477.7,-2.0857,-965.9,0.4578,5.4921,-2479,204,-137.14,20.00,1.820,0.020,-7.61,-68.04,20.08
11.740,3.2874,-2477.7,-2.0857,-965.9,0.9640,5.2897,-2591,179,-154.29,20.00,2.170,0.080,-7.61,-68.04,20.08
11.760,2.6465,-1965.0,-5.4087,-1962.8,0.9640,5.2897,-2452,-414,-171.43,17.14,2.100,1.130,-7.61,-68.04,20.07
11.780,2.6465,-1756.9,-5.4087,-1835.2,0.9695,5.1907,-2442,-567,-182.86,14.29,2.180,2.160,-18.02,-42.52,20.08
11.800,2.6465,-1756.9,-5.4087,-1835.2,0.9695,5.1907,-2022,-1642,-200.00,0.00,2.050,2.840,-18.02,-42.52,20.08
11.820,1.6856,-914.3,-5.9804,-1480.8,0.9695,5.1907,-1798,-1549,-202.86,-2.86,1.700,2.600,-21.71,62.67,20.08
11.840,1.6856,-914.3,-5.9804,-1480.8,0.5206,5.2536,-1813,-1790,-214.29,-14.29,2.180,1.390,-21.71,62.67,20.08
11.860,0.5480,-4.2,-2.3368,-387.7,0.5206,5.2536,-1176,-1543,-222.86,-25.71,1.160,0.450,-21.71,62.67,20.08
11.880,0.5480,51.8,-2.3368,-292.6,-0.1698,5.4484,-1159,-1518,-228.57,-31.43,0.800,0.250,-24.51,81.69,20.08
11.900,0.5480,51.8,-2.3368,-292.6,-0.1698,5.4484,-397,-587,-231.43,-37.14,0.280,0.970,-24.51,81.69,20.08
11.920,-0.6653,932.9,1.7535,918.8,-0.1698,5.4484,-342,-452,-231.43,-37.14,0.460,0.430,-20.03,78.56,20.08
11.940,-0.6653,932.9,1.7535,918.8,-0.9929,5.4455,-244,-411,-234.29,-40.00,0.890,0.190,-20.03,78.56,20.07
11.960,-1.6158,1693.2,5.5101,2045.8,-0.9929,5.4455,572,352,-228.57,-37.14,2.160,1.040,-20.03,78.56,20.07
11.980,-1.6158,1554.5,5.5101,1894.7,-1.6383,5.3767,630,532,-228.57,-34.29,2.000,1.340,-13.09,48.34,20.07
12.000,-1.6158,1554.5,5.5101,1894.7,-1.6383,5.3767,1440,1671,-214.29,-22.86,2.100,2.710,-13.09,48.34,20.08
12.020,-2.2173,1874.5,6.3672,1632.1,-1.6383,5.3767,1322,1590,-211.43,-17.14,2.210,1.650,-5.04,-55.62,20.08
12.040,-2.2173,1874.5,6.3672,1632.1,-1.8992,5.3541,1431,1792,-202.86,-5.71,1.880,1.740,-5.04,-55.62,20.08
12.060,-2.3977,2018.9,3.0607,640.1,-1.8992,5.3541,1759,1714,-188.57,5.71,2.340,0.750,-5.04,-55.62,20.08
12.080,-2.3977,1889.1,3.0607,523.2,-1.7726,5.2930,1773,1660,-182.86,14.29,2.100,1.010,1.45,-79.01,20.08
12.100,-2.3977,1889.1,3.0607,523.2,-1.7726,5.2930,1969,810,-165.71,20.00,2.480,0.280,1.45,-79.01,20.08
12.120,-2.0525,1362.2,-0.9320,-406.2,-1.7726,5.2930,1836,666,-160.00,22.86,2.460,0.140,13.99,-81.24,20.08
12.140,-2.0525,1362.2,-0.9320,-406.2,-1.3126,5.4257,1875,650,-148.57,25.71,2.080,0.660,13.99,-81.24,20.08
12.160,-1.1429,634.6,-4.8698,-1867.2,-1.3126,5.4257,1440,38,-137.14,25.71,1.690,0.400,13.99,-81.24,20.08
12.180,-1.1429,363.8,-4.8698,-1737.3,-0.7157,5.3781,1451,-26,-134.29,25.71,1.190,0.680,27.53,-55.28,20.08
12.200,-1.1429,363.8,-4.8698,-1737.3,-0.7157,5.3781,816,-1487,-125.71,14.29,0.980,2.790,27.53,-55.28,20.08
12.220,0.3664,-705.0,-6.1592,-1617.2,-0.7157,5.3781,582,-1384,-125.71,8.57,0.550,1.810,35.25,46.11,20.08
12.240,0.3664,-705.0,-6.1592,-1617.2,-0.1917,5.3017,627,-1667,-120.00,0.00,0.300,1.860,35.25,46.11,20.08
12.260,2.2168,-2478.4,-3.1155,-704.1,-0.1917,5.3017,-178,-1634,-122.86,-14.29,1.790,0.510,35.25,46.11,20.08
12.280,2.2168,-2413.5,-3.1155,-567.0,0.1409,5.3591,-286,-1628,-122.86,-20.00,2.000,0.850,32.01,73.52,20.08
12.300,2.2168,-2413.5,-3.1155,-567.0,0.1409,5.3591,-2006,-874,-140.00,-25.71,2.450,0.300,32.01,73.52,20.08
12.320,3.5393,-3142.6,0.5489,362.0,0.1409,5.3591,-2000,-717,-145.71,-28.57,1.820,0.320,15.55,72.40,20.08
12.340,3.5393,-3142.6,0.5489,362.0,0.2633,5.3543,-2174,-675,-160.00,-31.43,2.250,0.310,15.55,72.40,20.07
12.360,4.0655,-3563.5,4.0778,1585.4,0.2633,5.3543,-2912,-48,-180.00,-31.43,2.600,0.370,15.55,72.40,20.08
12.380,4.0655,-3169.6,4.0778,1505.9,0.1659,5.4853,-2921,6,-191.43,-31.43,2.490,0.740,-4.14,56.51,20.07
12.400,4.0655,-3169.6,4.0778,1505.9,0.1659,5.4853,-3375,1192,-220.00,-22.86,2.490,2.540,-4.14,56.51,20.07
12.420,3.5721,-2365.3,5.6913,1546.8,0.1659,5.4853,-3046,1161,-228.57,-20.00,2.170,1.700,-24.62,-32.12,20.08
12.440,3.5721,-2365.3,5.6913,1546.8,-0.0790,5.4948,-3145,1386,-248.57,-11.43,2.480,1.580,-24.62,-32.12,20.08
12.460,2.0252,-1127.8,3.3449,842.9,-0.0790,5.4948,-2480,1543,-268.57,2.86,1.710,1.060,-24.62,-32.12,20.08
12.480,2.0252,-834.6,3.3449,670.0,-0.3606,5.3972,-2482,1574,-274.29,8.57,1.830,0.900,-39.28,-66.70,20.08
12.500,2.0252,-834.6,3.3449,670.0,-0.3606,5.3972,-1398,995,-288.57,14.29,0.700,0.580,-39.28,-66.70,20.08
12.520,-0.0692,872.9,-0.0104,-343.6,-0.3606,5.3972,-1095,830,-291.43,17.14,0.930,0.390,-43.64,-68.71,20.08
12.540,-0.0692,872.9,-0.0104,-343.6,-0.6803,5.3851,-1038,727,-297.14,22.86,1.090,0.250,-43.64,-68.71,20.08
12.560,-2.2141,2556.9,-3.3778,-1323.9,-0.6803,5.3851,122,-33,-297.14,20.00,1.090,0.470,-39.28,-62.11,20.08
12.580,-2.2141,2556.9,-3.3778,-1323.9,-0.9260,5.3585,316,-3,-294.29,20.00,1.780,0.520,-39.28,-62.11,20.08
12.600,-2.2141,2556.9,-3.3778,-1323.9,-0.9260,5.3585,1931,-893,-280.00,14.29,2.810,2.280,-39.28,-62.11,20.07
12.620,-3.8179,3352.0,-5.5891,-1599.5,-1.1028,5.3810,2080,-950,-274.29,11.43,1.900,2.320,-14.88,15.44,20.08
12.640,-3.8179,3352.0,-5.5891,-1599.5,-1.1028,5.3810,2309,-1215,-257.14,2.86,2.270,1.930,-14.88,15.44,20.08
12.660,-4.2373,3264.5,-3.5219,-710.2,-1.1028,5.3810,2985,-1569,-240.00,-5.71,2.510,1.590,6.27,69.27,20.08
12.680,-4.2373,3264.5,-3.5219,-710.2,-0.7641,5.4045,3120,-1594,-222.86,-14.29,2.400,0.350,6.27,69.27,20.08
12.700,-4.2373,3264.5,-3.5219,-710.2,-0.7641,5.4045,3141,-847,-200.00,-20.00,2.300,0.740,6.27,69.27,20.08
12.720,-3.6984,2535.8,-0.0978,332.9,-0.7641,5.4045,3167,-823,-191.43,-22.86,2.740,0.230,21.15,66.58,20.08
12.740,-3.6984,2535.8,-0.0978,332.9,-0.6833,5.3918,3222,-751,-171.43,-28.57,2.630,0.010,21.15,66.58,20.08
12.760,-2.3898,1222.5,3.2504,1284.0,-0.6833,5.3918,2596,41,-151.43,-28.57,2.130,0.540,34.47,61.77,20.08
12.780,-2.3898,1222.5,3.2504,1284.0,-0.5498,5.4035,2607,58,-140.00,-28.57,2.510,0.740,34.47,61.77,20.08
12.800,-2.3898,1222.5,3.2504,1284.0,-0.5498,5.4035,1536,838,-128.57,-20.00,0.970,1.980,34.47,61.77,20.07
12.820,-0.5549,-283.5,5.7257,1723.9,-0.5498,5.4035,1433,929,-122.86,-17.14,1.310,1.400,36.37,1.23,20.08
12.840,-0.5549,-283.5,5.7257,1723.9,-0.3585,5.4835,1383,1089,-114.29,-11.43,0.680,1.850,36.37,1.23,20.08
12.860,1.2309,-1624.8,4.4724,1005.5,-0.3585,5.4835,298,1638,-114.29,2.86,0.720,1.930,32.01,-67.26,20.08
12.880,1.2309,-1624.8,4.4724,1005.5,-0.1384,5.4550,181,1728,-111.43,8.57,0.410,1.140,32.01,-67.26,20.08
12.900,1.2309,-1624.8,4.4724,1005.5,-0.1384,5.4550,-1038,1155,-120.00,17.14,2.110,0.440,32.01,-67.26,20.08
12.920,2.5686,-2368.2,1.0210,-48.4,-0.1384,5.4550,-1162,1066,-122.86,20.00,2.220,0.090,15.67,-70.95,20.07
12.940,2.5686,-2368.2,1.0210,-48.4,0.1277,5.4140,-1363,1068,-131.43,25.71,1.660,0.640,15.67,-70.95,20.08
12.960,3.1042,-2476.6,-2.5358,-1111.0,0.1277,5.4140,-2130,182,-148.57,28.57,2.260,0.810,-0.34,-70.05,20.08
12.980,3.1042,-2476.6,-2.5358,-1111.0,0.3171,5.4364,-2186,59,-157.14,28.57,2.340,0.500,-0.34,-70.05,20.07
13.000,3.1042,-2476.6,-2.5358,-1111.0,0.3171,5.4364,-2354,-570,-174.29,22.86,2.260,0.420,-0.34,-70.05,20.08
13.020,2.8800,-2069.0,-5.7851,-1902.8,0.4140,5.4195,-2353,-717,-182.86,20.00,2.090,1.590,-11.75,-33.46,20.08
13.040,2.8800,-2069.0,-5.7851,-1902.8,0.4140,5.4195,-2408,-880,-202.86,14.29,2.270,2.470,-11.75,-33.46,20.08
13.060,2.1472,-1344.0,-5.8077,-1410.5,0.4140,5.4195,-2101,-1799,-211.43,5.71,2.400,2.370,-18.69,66.36,20.08
13.080,2.1472,-1344.0,-5.8077,-1410.5,0.3920,5.4224,-2102,-1825,-222.86,-2.86,1.990,1.850,-18.69,66.36,20.08
13.100,2.1472,-1344.0,-5.8077,-1410.5,0.3920,5.4224,-1554,-1457,-234.29,-14.29,1.180,0.220,-18.69,66.36,20.07
13.120,1.0827,-385.0,-2.3332,-329.6,0.1612,5.5058,-1506,-1453,-240.00,-17.14,1.050,0.780,-24.06,74.08,20.08
13.140,1.0827,-385.0,-2.3332,-329.6,0.1612,5.5058,-1460,-1414,-251.43,-31.43,0.730,0.300,-24.06,74.08,20.08
13.160,-0.1620,483.4,1.3689,773.3,0.1612,5.5058,-560,-414,-254.29,-31.43,0.580,0.880,-24.17,72.51,20.08
13.180,-0.1620,483.4,1.3689,773.3,-0.1611,5.4716,-667,-518,-257.14,-34.29,0.720,0.940,-24.17,72.51,20.08
13.200,-0.1620,483.4,1.3689,773.3,-0.1611,5.4716,-23,349,-257.14,-31.43,0.460,0.290,-24.17,72.51,20.08
13.220,-1.3390,1471.8,4.8370,1728.6,-0.4902,5.5077,47,338,-257.14,-31.43,0.960,0.860,-20.03,55.51,20.08
13.240,-1.3390,1471.8,4.8370,1728.6,-0.4902,5.5077,247,512,-257.14,-28.57,1.390,1.730,-20.03,55.51,20.07
13.260,-2.1729,1935.2,6.3276,1740.5,-0.4902,5.5077,1323,1545,-251.43,-22.86,2.450,3.070,-9.85,-31.56,20.08
13.280,-2.1729,1935.2,6.3276,1740.5,-0.7855,5.5144,1217,1533,-242.86,-11.43,2.350,1.550,-9.85,-31.56,20.08
13.300,-2.1729,1935.2,6.3276,1740.5,-0.7855,5.5144,1725,1723,-231.43,0.00,2.250,1.420,-9.85,-31.56,20.08
13.320,-2.5445,2002.0,3.9339,837.2,-0.8891,5.4942,1761,1722,-225.71,5.71,2.260,0.680,1.68,-68.60,20.08
13.340,-2.5445,2002.0,3.9339,837.2,-0.8891,5.4942,1831,1768,-211.43,17.14,2.210,0.770,1.68,-68.60,20.07
13.360,-2.3250,1611.6,0.4571,-351.9,-0.8891,5.4942,1917,837,-202.86,22.86,2.040,0.280,12.42,-70.39,20.07
13.380,-2.3250,1611.6,0.4571,-351.9,-0.8523,5.4872,1956,932,-191.43,28.57,2.380,0.770,12.42,-70.39,20.08
13.400,-1.5000,951.6,-3.0617,-1270.5,-0.8523,5.4872,1678,-35,-180.00,28.57,1.740,0.780,12.42,-70.39,20.07
13.420,-1.5000,754.7,-3.0617,-1255.9,-0.6552,5.4683,1720,-90,-174.29,28.57,1.610,0.050,22.27,-67.48,20.08
13.440,-1.5000,754.7,-3.0617,-1255.9,-0.6552,5.4683,1157,-736,-165.71,22.86,0.650,0.690,22.27,-67.48,20.08
13.460,-0.2851,-573.0,-5.8829,-1790.0,-0.6552,5.4683,893,-907,-160.00,17.14,1.130,2.080,28.65,-5.04,20.07
13.480,-0.2851,-573.0,-5.8829,-1790.0,-0.3669,5.4603,940,-1029,-154.29,11.43,0.590,2.520,28.65,-5.04,20.08
13.500,1.3030,-1615.4,-4.6911,-1432.5,-0.3669,5.4603,41,-1608,-154.29,0.00,1.080,2.120,28.65,-5.04,20.08
13.520,1.3030,-1624.3,-4.6911,-1083.4,-0.0918,5.4783,-78,-1751,-154.29,-5.71,2.240,1.210,29.10,64.79,20.08
13.540,1.3030,-1624.3,-4.6911,-1083.4,-0.0918,5.4783,-1164,-1474,-165.71,-17.14,2.250,0.320,29.10,64.79,20.08
13.560,2.5555,-2321.9,-1.3923,-82.0,-0.0918,5.4783,-1295,-1107,-171.43,-22.86,1.900,0.420,13.88,67.14,20.08
13.580,2.5555,-2321.9,-1.3923,-82.0,0.1400,5.5377,-1414,-1118,-180.00,-31.43,2.270,0.110,13.88,67.14,20.08
13.600,3.0832,-2744.1,1.9362,916.6,0.1400,5.5377,-2052,-250,-194.29,-31.43,2.620,0.740,13.88,67.14,20.08
13.620,3.0832,-2459.8,1.9362,897.5,0.2136,5.5303,-2114,-263,-200.00,-34.29,1.850,0.480,-0.34,63.34,20.07
13.640,3.0832,-2459.8,1.9362,897.5,0.2136,5.5303,-2572,448,-222.86,-28.57,2.480,0.570,-0.34,63.34,20.08
13.660,2.8193,-1901.8,4.9029,1613.5,0.2136,5.5303,-2388,553,-231.43,-25.71,2.380,1.750,-17.68,28.54,20.08
13.680,2.8193,-1901.8,4.9029,1613.5,0.1573,5.5622,-2428,654,-248.57,-22.86,2.290,1.990,-17.68,28.54,20.08
13.700,1.6246,-946.1,5.1219,1679.2,0.1573,5.5622,-1988,1325,-260.00,-11.43,1.780,1.970,-17.68,28.54,20.08
13.720,1.6246,-619.3,5.1219,1303.2,-0.0350,5.5604,-2029,1467,-268.57,-8.57,1.540,1.800,-34.02,-46.66,20.08
13.740,1.6246,-619.3,5.1219,1303.2,-0.0350,5.5604,-1206,1660,-277.14,5.71,0.840,1.060,-34.02,-46.66,20.08
13.760,-0.1320,772.2,2.4485,429.0,-0.0350,5.5604,-815,1295,-280.00,11.43,0.660,0.810,-38.61,-61.10,20.08
13.780,-0.1320,772.2,2.4485,429.0,-0.3508,5.5276,-820,1339,-285.71,20.00,0.030,0.230,-38.61,-61.10,20.08
13.800,-1.9155,2304.5,-0.6243,-305.5,-0.3508,5.5276,214,560,-282.86,22.86,1.020,0.690,-38.61,-61.10,20.08
13.820,-1.9155,2129.9,-0.6243,-312.2,-0.6554,5.5113,260,570,-282.86,25.71,2.260,0.640,-29.88,-62.44,20.08
13.840,-1.9155,2129.9,-0.6243,-312.2,-0.6554,5.5113,1707,-29,-271.43,25.71,2.520,0.150,-29.88,-62.44,20.08
13.860,-3.2278,2895.6,-3.6805,-1381.7,-0.6554,5.5113,1769,-108,-262.86,25.71,2.380,0.190,-15.67,-55.51,20.08
13.880,-3.2278,2895.6,-3.6805,-1381.7,-0.9232,5.4875,1902,-56,-251.43,25.71,1.950,0.330,-15.67,-55.51,20.08
13.900,-3.6893,3264.7,-5.5731,-1949.4,-0.9232,5.4875,2627,-918,-234.29,17.14,2.530,1.980,-15.67,-55.51,20.08
13.920,-3.6893,2861.9,-5.5731,-1586.3,-1.0502,5.4771,2672,-1072,-222.86,14.29,2.280,2.510,4.48,17.12,20.08
13.940,-3.6893,2861.9,-5.5731,-1586.3,-1.0502,5.4771,3093,-1829,-200.00,0.00,2.410,2.150,4.48,17.12,20.08
13.960,-3.0614,1923.1,-3.5824,-749.1,-1.0502,5.4771,2809,-1527,-185.71,-8.57,2.290,0.810,26.30,65.13,20.08
13.980,-3.0614,1923.1,-3.5824,-749.1,-1.0147,5.5124,2859,-1589,-168.57,-17.14,2.570,0.420,26.30,65.13,20.08
14.000,-1.5784,736.8,-0.3219,325.6,-1.0147,5.5124,2125,-872,-154.29,-22.86,1.780,0.490,26.30,65.13,20.08
14.020,-1.5784,548.8,-0.3219,318.9,-0.8411,5.5394,2072,-869,-148.57,-25.71,1.480,0.120,35.70,63.79,20.08
14.040,-1.5784,548.8,-0.3219,318.9,-0.8411,5.5394,1058,3,-140.00,-25.71,1.010,0.590,35.70,63.79,20.08
14.060,0.2959,-745.3,2.8740,1162.7,-0.8411,5.5394,758,95,-137.14,-25.71,0.390,0.640,37.26,60.09,20.08
14.080,0.2959,-745.3,2.8740,1162.7,-0.5790,5.5189,704,69,-131.43,-25.71,0.660,0.900,37.26,60.09,20.08
14.100,2.1231,-2443.8,5.3616,1908.9,-0.5790,5.5189,-56,712,-131.43,-20.00,0.800,1.840,37.26,60.09,20.08
14.120,2.1231,-2253.5,5.3616,1635.3,-0.2732,5.5642,-223,860,-134.29,-17.14,1.770,1.480,27.75,5.37,20.08
14.140,2.1231,-2253.5,5.3616,1635.3,-0.2732,5.5642,-1820,1654,-148.57,-2.86,2.440,2.670,27.75,5.37,20.08
14.160,3.1771,-2653.6,4.2673,939.4,-0.2732,5.5642,-1907,1579,-157.14,2.86,2.040,1.290,5.60,-68.15,20.08
14.180,3.1771,-2653.6,4.2673,939.4,0.0079,5.5545,-2015,1655,-168.57,14.29,1.920,1.070,5.60,-68.15,20.07
14.200,3.2607,-2720.5,0.8468,-340.8,0.0079,5.5545,-2419,1036,-185.71,20.00,2.490,0.080,5.60,-68.15,20.07
14.220,3.2607,-2447.4,0.8468,-349.7,0.1541,5.5403,-2486,1052,-194.29,25.71,2.630,0.510,-8.06,-69.94,20.07
14.240,3.2607,-2447.4,0.8468,-349.7,0.1541,5.5403,-2605,27,-214.29,25.71,2.410,0.770,-8.06,-69.94,20.07
14.260,2.5329,-1529.5,-2.6853,-1150.3,0.1541,5.5403,-2458,-79,-225.71,22.86,2.240,0.130,-24.84,-68.93,20.07
14.280,2.5329,-1529.5,-2.6853,-1150.3,0.1457,5.5101,-2429,-134,-237.14,22.86,2.160,0.080,-24.84,-68.93,20.07
14.300,1.1172,-396.9,-5.7755,-2077.3,0.1457,5.5101,-1753,-725,-251.43,17.14,1.360,1.480,-24.84,-68.93,20.08
14.320,1.1172,-280.5,-5.7755,-1831.7,-0.0389,5.4669,-1710,-820,-257.14,14.29,1.120,2.490,-30.66,-19.81,20.07
14.340,1.1172,-280.5,-5.7755,-1831.7,-0.0389,5.4669,-726,-1715,-262.86,2.86,0.890,3.070,-30.66,-19.81,20.08
14.360,-0.2983,429.7,-5.0258,-1116.1,-0.0389,5.4669,-484,-1752,-265.71,-8.57,0.140,2.110,-21.49,78.33,20.07
14.380,-0.2983,429.7,-5.0258,-1116.1,-0.3778,5.4797,-496,-1874,-268.57,-17.14,0.030,0.720,-21.49,78.33,20.07
14.400,-1.3629,1520.0,-1.0095,88.8,-0.3778,5.4797,-30,-1255,-268.57,-25.71,0.630,0.240,-21.49,78.33,20.09
14.420,-1.3629,1426.0,-1.0095,107.3,-0.7472,5.5362,36,-1189,-268.57,-31.43,1.600,0.110,-16.79,82.03,20.08
14.440,-1.3629,1426.0,-1.0095,107.3,-0.7472,5.5362,1025,-177,-260.00,-31.43,2.540,0.930,-16.79,82.03,20.07
14.460,-2.0116,1683.1,3.0950,1322.4,-0.7472,5.5362,1151,-36,-254.29,-31.43,1.680,0.290,-3.69,78.78,20.06
14.480,-2.0116,1683.1,3.0950,1322.4,-1.0921,5.5045,1226,-104,-248.57,-34.29,2.390,0.290,-3.69,78.78,20.07
14.500,-2.1098,1761.7,6.3502,2299.0,-1.0921,5.5045,1549,757,-237.14,-28.57,2.100,1.650,-3.69,78.78,20.06
14.520,-2.1098,1580.4,6.3502,1997.4,-1.2623,5.5641,1578,903,-231.43,-22.86,2.400,2.530,5.37,18.46,20.09
14.540,-2.1098,1580.4,6.3502,1997.4,-1.2623,5.5641,1689,2018,-217.14,-5.71,2.110,2.700,5.37,18.46,20.07
14.560,-1.8023,1238.2,5.5670,1308.1,-1.2623,5.5641,1530,1850,-211.43,-2.86,2.190,1.440,10.18,-72.40,20.07
14.580,-1.8023,1238.2,5.5670,1308.1,-1.2555,5.5296,1577,2010,-202.86,11.43,1.960,1.560,10.18,-72.40,20.08
14.600,-1.1007,676.9,1.7232,154.9,-1.2555,5.5296,1322,1414,-191.43,20.00,1.960,0.120,10.18,-72.40,20.27
14.620,-1.1007,491.1,1.7232,106.8,-1.0546,5.4905,1329,1397,-185.71,25.71,0.890,0.660,19.47,-82.03,20.08
14.640,-1.1007,491.1,1.7232,106.8,-1.0546,5.4905,842,355,-180.00,28.57,0.960,0.970,19.47,-82.03,20.07
14.660,-0.1408,-400.6,-2.4338,-1136.3,-1.0546,5.4905,641,277,-177.14,31.43,1.300,0.130,20.03,-81.24,20.08
