t_s,imu1_roll_deg,cmd_roll_erpm,imu1_pitch_deg,cmd_pitch_erpm,imu2_roll_deg,imu2_pitch_deg,motor_roll_erpm,motor_pitch_erpm,motor_roll_pos_deg,motor_pitch_pos_deg,dt_ms
0.000,0.0397,-0.0,0.3900,0.0,-0.2305,5.3254,0,0,0.00,0.00,0.03
0.020,0.1017,-0.0,0.4006,0.0,-0.2305,5.3254,0,0,0.00,0.00,39.74
0.040,0.1017,-0.0,0.4006,0.0,-0.2305,5.3254,0,0,0.00,0.00,20.07
0.060,0.1017,-0.0,0.4006,0.0,-0.2305,5.3254,0,0,0.00,0.00,20.06
0.080,0.1017,-0.0,0.4006,0.0,-0.2292,5.3185,0,0,0.00,0.00,20.07
0.100,0.1017,-0.0,0.4006,0.0,-0.2292,5.3185,0,0,0.00,0.00,20.07
0.120,0.1029,-0.0,0.3937,0.0,-0.2292,5.3185,0,0,0.00,0.00,20.07
0.140,0.1029,-0.0,0.3937,0.0,-0.2292,5.3185,0,0,0.00,0.00,20.08
0.160,0.1029,-0.0,0.3937,0.0,-0.2305,5.3254,0,0,0.00,0.00,20.09
0.180,0.1097,-0.0,0.3949,0.0,-0.2305,5.3254,0,0,0.00,0.00,20.06
0.200,0.1097,-0.0,0.3949,0.0,-0.2305,5.3254,0,0,0.00,0.00,20.10
0.220,0.1073,-0.0,0.4087,0.0,-0.2305,5.3254,0,0,0.00,0.00,20.07
0.240,0.1073,-0.0,0.4087,0.0,-0.2305,5.3254,0,0,0.00,0.00,20.08
0.260,0.1073,-0.0,0.4087,0.0,-0.2305,5.3254,0,0,0.00,0.00,20.06
0.280,0.1154,-0.0,0.4030,0.0,-0.2305,5.3254,0,0,0.00,0.00,20.07
0.300,0.1154,-0.0,0.4030,0.0,-0.2305,5.3254,0,0,0.00,0.00,20.08
0.320,0.1223,-0.0,0.4041,0.0,-0.2305,5.3254,0,0,0.00,0.00,20.07
0.340,0.1223,-0.0,0.4041,0.0,-0.2305,5.3254,0,0,0.00,0.00,20.08
0.360,0.1223,-0.0,0.4041,0.0,-0.2305,5.3254,0,0,0.00,0.00,20.06
0.380,0.1223,-0.0,0.4041,0.0,-0.2305,5.3254,0,0,0.00,0.00,20.07
0.400,0.1223,-0.0,0.4041,0.0,-0.2305,5.3254,0,0,0.00,0.00,20.09
0.420,0.1211,-0.0,0.4110,0.0,-0.2315,5.3322,0,0,0.00,0.00,20.07
0.440,0.1211,-0.0,0.4110,0.0,-0.2315,5.3322,0,0,0.00,0.00,20.08
0.460,0.1211,-0.0,0.4110,0.0,-0.2302,5.3253,0,0,0.00,0.00,20.07
0.480,0.1211,-0.0,0.4110,0.0,-0.2302,5.3253,0,0,0.00,0.00,20.07
0.500,0.1211,-0.0,0.4110,0.0,-0.2302,5.3253,0,0,0.00,0.00,20.09
0.520,0.1223,-0.0,0.4041,0.0,-0.2302,5.3253,0,0,0.00,0.00,20.07
0.540,0.1223,-0.0,0.4041,0.0,-0.2302,5.3253,0,0,0.00,0.00,20.07
0.560,0.1223,-0.0,0.4041,0.0,-0.2315,5.3322,0,0,0.00,0.00,20.06
0.580,0.1211,-0.0,0.4110,0.0,-0.2315,5.3322,0,0,0.00,0.00,20.07
0.600,0.1211,-0.0,0.4110,0.0,-0.2315,5.3322,0,0,0.00,0.00,20.08
0.620,0.1211,-0.0,0.4110,0.0,-0.2318,5.3323,0,0,0.00,0.00,20.07
0.640,0.1211,-0.0,0.4110,0.0,-0.2318,5.3323,0,0,0.00,0.00,20.07
0.660,0.1211,-0.0,0.4110,0.0,-0.2249,5.3336,0,0,0.00,0.00,20.06
0.680,0.1268,-0.0,0.4191,0.0,-0.2249,5.3336,0,0,0.00,0.00,20.07
0.700,0.1268,-0.0,0.4191,0.0,-0.2249,5.3336,0,0,0.00,0.00,20.09
0.720,0.1280,-0.0,0.4122,0.0,-0.2253,5.3336,0,0,0.00,0.00,20.07
0.740,0.1280,-0.0,0.4122,0.0,-0.2253,5.3336,0,0,0.00,0.00,20.09
0.760,0.1280,-0.0,0.4122,0.0,-0.2115,5.3362,0,0,0.00,0.00,20.09
0.780,0.1361,-0.0,0.4065,0.0,-0.2115,5.3362,0,0,0.00,0.00,20.07
0.800,0.1361,-0.0,0.4065,0.0,-0.2115,5.3362,0,0,0.00,0.00,20.09
0.820,0.1361,-0.0,0.4065,0.0,-0.2115,5.3362,0,0,0.00,0.00,20.08
0.840,0.1361,-0.0,0.4065,0.0,-0.2115,5.3362,0,0,0.00,0.00,20.08
0.860,0.1361,-0.0,0.4065,0.0,-0.2115,5.3362,0,0,0.00,0.00,20.09
0.880,0.1292,-0.0,0.4053,0.0,-0.2115,5.3362,0,0,0.00,0.00,20.07
0.900,0.1292,-0.0,0.4053,0.0,-0.2115,5.3362,0,0,0.00,0.00,20.09
0.920,0.1223,-0.0,0.4041,0.0,-0.2128,5.3431,0,0,0.00,0.00,20.07
0.940,0.1223,-0.0,0.4041,0.0,-0.2128,5.3431,0,0,0.00,0.00,20.07
0.960,0.1223,-0.0,0.4041,0.0,-0.2125,5.3431,0,0,0.00,0.00,20.09
0.980,0.1223,-0.0,0.4041,0.0,-0.2125,5.3431,0,0,0.00,0.00,20.07
1.000,0.1223,-0.0,0.4041,0.0,-0.2125,5.3431,0,0,0.00,0.00,20.07
1.020,0.1281,-0.0,0.4122,0.0,-0.2128,5.3431,0,0,0.00,0.00,20.07
1.040,0.1281,-0.0,0.4122,0.0,-0.2128,5.3431,0,0,0.00,0.00,20.07
1.060,0.1338,-0.0,0.4203,0.0,-0.2125,5.3431,0,0,0.00,0.00,20.07
1.080,0.1338,-0.0,0.4203,0.0,-0.2125,5.3431,0,0,0.00,0.00,20.07
1.100,0.1338,-0.0,0.4203,0.0,-0.2125,5.3431,0,0,0.00,0.00,20.08
1.120,0.1418,-0.0,0.4146,0.0,-0.2056,5.3444,0,0,0.00,0.00,20.07
1.140,0.1418,-0.0,0.4146,0.0,-0.2056,5.3444,0,0,0.00,0.00,20.08
1.160,0.1361,-0.0,0.4065,0.0,-0.2112,5.3362,0,0,0.00,0.00,20.07
1.180,0.1361,-0.0,0.4065,0.0,-0.2112,5.3362,0,0,0.00,0.00,20.08
1.200,0.1361,-0.0,0.4065,0.0,-0.2112,5.3362,0,0,0.00,0.00,20.08
1.220,0.1269,-0.0,0.4191,0.0,-0.2184,5.3349,-1,0,0.00,0.00,20.08
1.240,0.1269,-0.0,0.4191,0.0,-0.2184,5.3349,0,0,0.00,0.00,20.07
1.260,0.1245,-0.0,0.4329,0.0,-0.2184,5.3349,0,0,0.00,0.00,20.09
1.280,0.1245,-0.0,0.4329,0.0,-0.2184,5.3349,0,0,0.00,0.00,20.08
1.300,0.1245,-0.0,0.4329,0.0,-0.2184,5.3349,0,0,0.00,0.00,20.09
1.320,0.1245,-0.0,0.4329,0.0,-0.2174,5.3281,0,0,0.00,0.00,20.07
1.340,0.1245,-0.0,0.4329,0.0,-0.2174,5.3281,0,0,0.00,0.00,20.07
1.360,0.1338,-0.0,0.4203,0.0,-0.2240,5.3267,0,0,0.00,0.00,20.11
1.380,0.1338,-0.0,0.4203,0.0,-0.2240,5.3267,0,0,0.00,0.00,20.07
1.400,0.1338,-0.0,0.4203,0.0,-0.2240,5.3267,0,0,0.00,0.00,20.07
1.420,0.1383,-0.0,0.4353,0.0,-0.2240,5.3267,0,0,0.00,0.00,20.07
1.440,0.1383,-0.0,0.4353,0.0,-0.2240,5.3267,0,0,0.00,0.00,20.08
1.460,0.1246,-0.0,0.4329,0.0,-0.2378,5.3241,0,0,0.00,0.00,20.07
1.480,0.1246,-0.0,0.4329,0.0,-0.2378,5.3241,0,0,0.00,0.00,20.08
1.500,0.1246,-0.0,0.4329,0.0,-0.2378,5.3241,-1,0,0.00,0.00,20.07
1.520,0.0958,-0.0,0.4351,0.0,-0.2460,5.3297,0,0,0.00,0.00,20.07
1.540,0.0958,-0.0,0.4351,0.0,-0.2460,5.3297,0,0,0.00,0.00,20.07
1.560,0.0808,-0.0,0.4396,0.0,-0.2463,5.3294,0,0,0.00,0.00,20.07
1.580,0.0808,-0.0,0.4396,0.0,-0.2463,5.3294,0,0,0.00,0.00,20.08
1.600,0.0808,-0.0,0.4396,0.0,-0.2463,5.3294,0,0,0.00,0.00,20.07
1.620,0.0751,-0.0,0.4315,0.0,-0.2325,5.3320,0,0,0.00,0.00,20.07
1.640,0.0751,-0.0,0.4315,0.0,-0.2325,5.3320,0,0,0.00,0.00,20.06
1.660,0.0970,-0.0,0.4282,0.0,-0.2171,5.3280,0,0,0.00,0.00,20.07
1.680,0.0970,-0.0,0.4282,0.0,-0.2171,5.3280,0,0,0.00,0.00,20.07
1.700,0.0970,-0.0,0.4282,0.0,-0.2171,5.3280,0,0,0.00,0.00,20.07
1.720,0.1177,-0.0,0.4317,0.0,-0.2243,5.3268,1,0,0.00,0.00,20.07
1.740,0.1177,-0.0,0.4317,0.0,-0.2243,5.3268,2,0,0.00,0.00,20.06
1.760,0.1326,-0.0,0.4272,0.0,-0.2187,5.3347,0,0,0.00,0.00,20.09
1.780,0.1326,-0.0,0.4272,0.0,-0.2187,5.3347,0,0,0.00,0.00,20.07
1.800,0.1326,-0.0,0.4272,0.0,-0.2187,5.3347,0,0,0.00,0.00,20.09
1.820,0.1119,-0.0,0.4237,0.0,-0.2256,5.3333,-2,0,0.00,0.00,20.08
1.840,0.1119,-0.0,0.4237,0.0,-0.2256,5.3333,-2,0,0.00,0.00,20.06
1.860,0.0670,-0.0,0.4372,0.0,-0.2325,5.3320,-1,0,0.00,0.00,20.09
1.880,0.0670,-0.0,0.4372,0.0,-0.2325,5.3320,0,0,0.00,0.00,20.08
1.900,0.0670,-0.0,0.4372,0.0,-0.2325,5.3320,0,0,0.00,0.00,20.09
1.920,0.0452,-0.0,0.4406,0.0,-0.2325,5.3320,0,0,0.00,0.00,20.06
1.940,0.0452,-0.0,0.4406,0.0,-0.2325,5.3320,0,0,0.00,0.00,20.06
1.960,0.0475,-0.0,0.4268,0.0,-0.2329,5.3321,0,0,0.00,0.00,20.09
1.980,0.0475,-0.0,0.4268,0.0,-0.2329,5.3321,0,0,0.00,0.00,20.08
2.000,0.0475,-0.0,0.4268,0.0,-0.2329,5.3321,0,0,0.00,0.00,20.07
2.020,0.0601,-0.0,0.4361,0.0,-0.2329,5.3321,0,0,0.00,0.00,20.06
2.040,0.0601,-0.0,0.4361,0.0,-0.2329,5.3321,0,0,0.00,0.00,20.07
2.060,0.0946,-0.0,0.4420,0.0,-0.2260,5.3334,2,0,0.00,0.00,20.08
2.080,0.0946,-0.0,0.4420,0.0,-0.2260,5.3334,0,0,0.00,0.00,20.07
2.100,0.0946,-0.0,0.4420,0.0,-0.2260,5.3334,0,0,0.00,0.00,20.09
2.120,0.1050,-0.0,0.4225,0.0,-0.2247,5.3265,0,0,0.00,0.00,20.18
2.140,0.1050,-0.0,0.4225,0.0,-0.2247,5.3265,0,0,0.00,0.00,20.07
2.160,0.0913,-0.0,0.4201,0.0,-0.2230,5.3196,0,0,0.00,0.00,20.08
2.180,0.0913,-0.0,0.4201,0.0,-0.2230,5.3196,0,0,0.00,0.00,20.09
2.200,0.0913,-0.0,0.4201,0.0,-0.2230,5.3196,0,0,0.00,0.00,20.09
2.220,0.0808,-0.0,0.4396,0.0,-0.2302,5.3183,0,0,0.00,0.00,20.18
2.240,0.0808,-0.0,0.4396,0.0,-0.2302,5.3183,0,0,0.00,0.00,20.07
2.260,0.0682,-0.0,0.4304,0.0,-0.2371,5.3170,0,0,0.00,0.00,20.09
2.280,0.0682,-0.0,0.4304,0.0,-0.2371,5.3170,0,0,0.00,0.00,20.07
2.300,0.0682,-0.0,0.4304,0.0,-0.2371,5.3170,0,0,0.00,0.00,20.08
2.320,0.0694,-0.0,0.4235,0.0,-0.2384,5.3239,0,0,0.00,0.00,20.07
2.340,0.0694,-0.0,0.4235,0.0,-0.2384,5.3239,0,0,0.00,0.00,20.07
2.360,0.0806,-0.0,0.4822,0.0,-0.2269,5.3761,0,0,0.00,0.00,20.09
2.380,0.0806,-0.0,0.4822,0.0,-0.2269,5.3761,0,0,0.00,0.00,20.07
2.400,0.0806,-0.0,0.4822,0.0,-0.2269,5.3761,0,0,0.00,0.00,20.07
2.420,0.0883,-0.0,0.5615,224.6,-0.2213,5.4198,1,0,0.00,0.00,20.07
2.440,0.0883,-0.0,0.5615,224.6,-0.2213,5.4198,0,0,0.00,0.00,20.07
2.460,0.1114,-0.0,0.5513,220.5,-0.2144,5.4211,0,115,0.00,0.00,20.07
2.480,0.1114,-0.0,0.5513,220.5,-0.2144,5.4211,0,129,0.00,0.00,20.08
2.500,0.1114,-0.0,0.5513,220.5,-0.2144,5.4211,0,143,0.00,2.86,20.07
2.520,0.1219,-0.0,0.4892,0.0,-0.2098,5.4720,0,215,0.00,2.86,20.07
2.540,0.1219,-0.0,0.4892,0.0,-0.2098,5.4720,4,177,0.00,2.86,20.07
2.560,0.1165,-0.0,0.4386,0.0,-0.2206,5.5272,4,23,0.00,5.71,20.07
2.580,0.1165,-0.0,0.4386,0.0,-0.2206,5.5272,3,6,0.00,5.71,20.07
2.600,0.1165,-0.0,0.4386,0.0,-0.2206,5.5272,0,6,0.00,5.71,20.07
2.620,0.0554,-0.0,0.4637,0.0,-0.2532,5.5424,0,0,0.00,5.71,20.07
2.640,0.0554,-0.0,0.4637,0.0,-0.2532,5.5424,-1,0,0.00,5.71,20.07
2.660,-0.0404,-0.0,0.4827,0.0,-0.3394,5.5265,1,0,0.00,5.71,20.07
2.680,-0.0404,-0.0,0.4827,0.0,-0.3394,5.5265,11,0,0.00,5.71,20.07
2.700,-0.0404,-0.0,0.4827,0.0,-0.3394,5.5265,19,0,0.00,5.71,20.08
2.720,-0.1945,-0.0,0.4278,0.0,-0.5182,5.4930,20,0,0.00,5.71,20.21
2.740,-0.1945,-0.0,0.4278,0.0,-0.5182,5.4930,2,0,0.00,5.71,20.07
2.760,-0.4624,-0.0,0.3311,0.0,-0.7974,5.3334,-4,0,0.00,5.71,20.07
2.780,-0.4624,-0.0,0.3311,0.0,-0.7974,5.3334,-20,0,0.00,5.71,20.07
2.800,-0.4624,-0.0,0.3311,0.0,-0.7974,5.3334,-14,0,0.00,5.71,20.08
2.820,-0.7772,388.6,0.0967,0.0,-1.1044,5.0170,-3,0,0.00,5.71,20.08
2.840,-0.7772,388.6,0.0967,0.0,-1.1044,5.0170,-1,0,0.00,5.71,20.08
2.860,-1.0170,508.5,-0.2326,0.0,-1.3871,4.6538,282,0,0.00,5.71,20.07
2.880,-1.0170,508.5,-0.2326,0.0,-1.3871,4.6538,281,3,2.86,5.71,20.08
2.900,-1.0170,508.5,-0.2326,0.0,-1.3871,4.6538,376,5,5.71,5.71,20.07
2.920,-1.2137,606.9,-0.5974,-239.0,-1.6241,4.2841,392,8,5.71,5.71,20.08
2.940,-1.2137,606.9,-0.5974,-239.0,-1.6241,4.2841,451,4,11.43,5.71,20.08
2.960,-1.3032,651.6,-0.9214,-368.5,-1.9010,3.8838,546,-135,11.43,2.86,20.08
2.980,-1.3032,651.6,-0.9214,-368.5,-1.9010,3.8838,562,-128,17.14,2.86,20.08
3.000,-1.3032,651.6,-0.9214,-368.5,-1.9010,3.8838,598,-243,20.00,2.86,20.08
3.020,-1.2687,634.3,-1.2164,-486.6,-2.2240,3.4809,618,-310,22.86,0.00,20.07
3.040,-1.2687,634.3,-1.2164,-486.6,-2.2240,3.4809,650,-290,28.57,-2.86,20.07
3.060,-1.1221,561.0,-1.4615,-584.6,-2.5530,3.1196,643,-440,28.57,-2.86,20.08
3.080,-1.1221,561.0,-1.4615,-584.6,-2.5530,3.1196,642,-482,34.29,-5.71,20.08
3.100,-1.1221,561.0,-1.4615,-584.6,-2.5530,3.1196,580,-541,37.14,-8.57,20.08
3.120,-0.9659,483.0,-1.6044,-641.8,-2.7602,2.7973,580,-511,40.00,-11.43,20.07
3.140,-0.9659,483.0,-1.6044,-641.8,-2.7602,2.7973,538,-586,42.86,-17.14,20.08
3.160,-0.8165,408.3,-1.6766,-670.6,-2.8538,2.5841,472,-612,45.71,-20.00,20.07
3.180,-0.8165,408.3,-1.6766,-670.6,-2.8538,2.5841,489,-652,48.57,-22.86,20.08
3.200,-0.8165,408.3,-1.6766,-670.6,-2.8538,2.5841,394,-680,51.43,-25.71,20.09
3.220,-0.6639,331.9,-1.6550,-662.0,-2.8560,2.3827,414,-638,54.29,-28.57,20.08
3.240,-0.6639,331.9,-1.6550,-662.0,-2.8560,2.3827,404,-682,57.14,-34.29,20.08
3.260,-0.4752,-0.0,-1.5201,-608.0,-2.9485,2.1326,307,-638,57.14,-37.14,20.08
3.280,-0.4752,-0.0,-1.5201,-608.0,-2.9485,2.1326,317,-667,60.00,-42.86,20.08
3.300,-0.4752,-0.0,-1.5201,-608.0,-2.9485,2.1326,60,-616,60.00,-45.71,20.08
3.320,-0.2026,-0.0,-1.3051,-522.0,-2.8847,1.9457,47,-604,60.00,-48.57,20.08
3.340,-0.2026,-0.0,-1.3051,-522.0,-2.8847,1.9457,41,-621,60.00,-54.29,20.08
3.360,0.1017,-0.0,-1.1054,-442.1,-2.6779,1.6980,34,-528,60.00,-54.29,20.08
3.380,0.1017,-0.0,-1.1054,-442.1,-2.6779,1.6980,31,-549,60.00,-60.00,20.08
3.400,0.1017,-0.0,-1.1054,-442.1,-2.6779,1.6980,24,-434,60.00,-60.00,20.09
3.420,0.3872,-0.0,-1.0374,-415.0,-2.4885,1.3111,14,-463,62.86,-62.86,20.08
3.440,0.3872,-0.0,-1.0374,-415.0,-2.4885,1.3111,1,-464,62.86,-68.57,20.09
3.460,0.6640,-332.0,-1.1493,-459.7,-2.1609,0.9489,0,-416,62.86,-68.57,20.08
3.480,0.6640,-332.0,-1.1493,-459.7,-2.1609,0.9489,0,-372,62.86,-71.43,20.08
3.500,0.6640,-332.0,-1.1493,-459.7,-2.1609,0.9489,-210,-474,60.00,-74.29,20.07
3.520,0.9705,-485.3,-1.3839,-553.6,-1.8461,0.6415,-153,-463,60.00,-77.14,20.08
3.540,0.9705,-485.3,-1.3839,-553.6,-1.8461,0.6415,-177,-441,57.14,-80.00,20.08
3.560,1.2460,-623.0,-1.5677,-627.1,-1.5742,0.3314,-368,-505,57.14,-82.86,20.08
3.580,1.2460,-623.0,-1.5677,-627.1,-1.5742,0.3314,-411,-547,54.29,-85.71,20.08
3.600,1.2460,-623.0,-1.5677,-627.1,-1.5742,0.3314,-522,-599,51.43,-88.57,20.08
3.620,1.3940,-697.0,-1.6834,-673.3,-1.2952,0.0514,-556,-601,48.57,-91.43,20.08
3.640,1.3940,-697.0,-1.6834,-673.3,-1.2952,0.0514,-525,-606,45.71,-97.14,20.08
3.660,1.4085,-704.2,-1.7313,-692.5,-1.0470,-0.2216,-606,-635,42.86,-100.00,20.08
3.680,1.4085,-704.2,-1.7313,-692.5,-1.0470,-0.2216,-626,-680,37.14,-102.86,20.08
3.700,1.4085,-704.2,-1.7313,-692.5,-1.0470,-0.2216,-634,-677,34.29,-105.71,20.07
3.720,1.2295,-614.7,-1.6940,-677.6,-0.8974,-0.3449,-675,-705,31.43,-111.43,20.10
3.740,1.2295,-614.7,-1.6940,-677.6,-0.8974,-0.3449,-719,-679,25.71,-114.29,20.08
3.760,0.9052,-452.6,-1.5619,-624.8,-1.4228,0.2406,-652,-670,22.86,-117.14,20.09
3.780,0.9052,-452.6,-1.5619,-624.8,-1.4228,0.2406,-632,-668,17.14,-122.86,20.09
3.800,0.9052,-452.6,-1.5619,-624.8,-1.4228,0.2406,-512,-637,17.14,-125.71,20.08
3.820,0.5765,-288.2,-1.3666,-546.6,-1.3794,0.2079,-513,-632,14.29,-128.57,20.08
3.840,0.5765,-288.2,-1.3666,-546.6,-1.3794,0.2079,-497,-643,8.57,-134.29,20.08
3.860,0.3053,-0.0,-1.0889,-435.6,-1.4075,0.2377,-288,-581,8.57,-137.14,20.08
3.880,0.3053,-0.0,-1.0889,-435.6,-1.4075,0.2377,-320,-547,5.71,-140.00,20.07
3.900,0.3053,-0.0,-1.0889,-435.6,-1.4075,0.2377,-39,-462,5.71,-142.86,20.07
3.920,0.1176,-0.0,-0.7606,-304.2,-1.0952,-0.1554,-28,-472,5.71,-145.71,20.08
3.940,0.1176,-0.0,-0.7606,-304.2,-1.0952,-0.1554,-1,-395,5.71,-148.57,20.08
3.960,0.0241,-0.0,-0.3653,0.0,-1.0544,-0.2535,10,-333,5.71,-148.57,20.07
3.980,0.0241,-0.0,-0.3653,0.0,-1.0544,-0.2535,17,-339,5.71,-151.43,20.07
4.000,0.0241,-0.0,-0.3653,0.0,-1.0544,-0.2535,19,-77,5.71,-151.43,20.07
4.020,-0.0733,-0.0,0.0506,0.0,-1.0673,-0.2865,9,-83,5.71,-151.43,20.08
4.040,-0.0733,-0.0,0.0506,0.0,-1.0673,-0.2865,5,-39,5.71,-154.29,20.08
4.060,-0.2904,-0.0,0.4587,0.0,-1.1656,-0.1902,1,-25,5.71,-154.29,20.08
4.080,-0.2904,-0.0,0.4587,0.0,-1.1656,-0.1902,-1,-14,5.71,-154.29,20.08
4.100,-0.2904,-0.0,0.4587,0.0,-1.1656,-0.1902,-4,-10,5.71,-154.29,20.08
4.120,-0.6240,312.0,0.8027,321.1,-1.3565,-0.0464,-5,-5,5.71,-154.29,20.07
4.140,-0.6240,312.0,0.8027,321.1,-1.3565,-0.0464,-4,-2,5.71,-154.29,20.08
4.160,-1.0118,505.9,1.0158,406.3,-1.6971,0.1150,181,199,5.71,-151.43,20.07
4.180,-1.0118,505.9,1.0158,406.3,-1.6971,0.1150,170,235,8.57,-151.43,20.07
4.200,-1.0118,505.9,1.0158,406.3,-1.6971,0.1150,420,366,8.57,-148.57,20.07
4.220,-1.3975,698.7,1.1013,440.5,-2.1469,0.3047,377,356,11.43,-148.57,20.08
4.240,-1.3975,698.7,1.1013,440.5,-2.1469,0.3047,453,327,14.29,-145.71,20.07
4.260,-1.7519,876.0,1.1273,450.9,-2.6590,0.4554,655,399,17.14,-142.86,20.07
4.280,-1.7519,876.0,1.1273,450.9,-2.6590,0.4554,571,451,22.86,-140.00,20.07
4.300,-1.7519,876.0,1.1273,450.9,-2.6590,0.4554,749,444,25.71,-137.14,20.07
4.320,-2.0829,1041.5,1.1436,457.4,-3.2347,0.5443,771,431,28.57,-137.14,20.07
4.340,-2.0829,1041.5,1.1436,457.4,-3.2347,0.5443,804,429,37.14,-131.43,20.07
4.360,-2.2939,1147.0,1.1242,449.7,-3.8360,0.6177,964,454,40.00,-131.43,20.07
4.380,-2.2939,1147.0,1.1242,449.7,-3.8360,0.6177,987,427,45.71,-128.57,20.08
4.400,-2.2939,1147.0,1.1242,449.7,-3.8360,0.6177,1098,422,51.43,-125.71,20.07
4.420,-2.3937,1196.8,1.0043,401.7,-4.5137,0.6762,1106,459,57.14,-122.86,20.08
4.440,-2.3937,1196.8,1.0043,401.7,-4.5137,0.6762,1117,474,65.71,-120.00,20.08
4.460,-2.4519,1225.9,0.8129,325.2,-5.2018,0.7456,1185,381,71.43,-117.14,20.08
4.480,-2.4519,1225.9,0.8129,325.2,-5.2018,0.7456,1171,385,80.00,-114.29,20.07
4.500,-2.4519,1225.9,0.8129,325.2,-5.2018,0.7456,1199,364,82.86,-114.29,20.07
4.520,-2.4917,1245.9,0.6040,241.6,-3.4967,0.7669,1201,322,91.43,-111.43,20.07
4.540,-2.4917,1245.9,0.6040,241.6,-3.4967,0.7669,1220,322,100.00,-108.57,20.07
4.560,-2.5623,1281.2,0.4471,0.0,-4.1362,0.8719,1238,231,105.71,-108.57,20.07
4.580,-2.5623,1281.2,0.4471,0.0,-4.1362,0.8719,1244,274,114.29,-105.71,20.07
4.600,-2.5623,1281.2,0.4471,0.0,-4.1362,0.8719,1263,31,120.00,-105.71,20.07
4.620,-2.6675,1333.7,0.3621,0.0,-4.7822,0.9969,1270,24,125.71,-105.71,20.07
4.640,-2.6675,1333.7,0.3621,0.0,-4.7822,0.9969,1274,10,137.14,-105.71,20.08
4.660,-2.8323,1416.1,0.3644,0.0,-5.4560,1.1673,1305,6,142.86,-105.71,20.08
4.680,-2.8323,1416.1,0.3644,0.0,-5.4560,1.1673,1297,3,151.43,-105.71,20.08
4.700,-2.8323,1416.1,0.3644,0.0,-5.4560,1.1673,1378,1,157.14,-105.71,20.08
4.720,-3.0213,1510.6,0.4546,0.0,-5.9075,1.2724,1385,2,165.71,-105.71,20.07
4.740,-3.0213,1510.6,0.4546,0.0,-5.9075,1.2724,1386,0,174.29,-105.71,20.07
4.760,-3.1775,1588.8,0.6039,241.6,-6.2102,1.3509,1470,0,180.00,-105.71,20.10
4.780,-3.1775,1588.8,0.6039,241.6,-6.2102,1.3509,1484,0,191.43,-105.71,20.08
4.800,-3.1775,1588.8,0.6039,241.6,-6.2102,1.3509,1552,211,197.14,-105.71,20.08
4.820,-3.2528,1626.4,0.7752,310.1,-6.4263,1.4154,1550,198,208.57,-102.86,20.08
4.840,-3.2528,1626.4,0.7752,310.1,-6.4263,1.4154,1569,204,220.00,-102.86,20.07
4.860,-3.1999,1600.0,0.8705,348.2,-6.5076,1.5275,1619,285,225.71,-100.00,20.08
4.880,-3.1999,1600.0,0.8705,348.2,-6.5076,1.5275,1620,283,237.14,-100.00,20.08
4.900,-3.1999,1600.0,0.8705,348.2,-6.5076,1.5275,1583,348,242.86,-97.14,20.07
4.920,-3.0225,1511.2,0.8772,350.9,-6.5071,1.7039,1603,315,254.29,-97.14,20.07
4.940,-3.0225,1511.2,0.8772,350.9,-6.5071,1.7039,1579,321,265.71,-94.29,20.08
4.960,-2.6795,1339.7,0.8368,334.7,-6.3979,1.9381,1507,328,271.43,-91.43,20.08
4.980,-2.6795,1339.7,0.8368,334.7,-6.3979,1.9381,1504,349,282.86,-88.57,20.07
5.000,-2.6795,1339.7,0.8368,334.7,-6.3979,1.9381,1341,342,288.57,-88.57,20.08
5.020,-2.1427,1071.4,0.8255,330.2,-6.1400,2.0814,1348,316,294.29,-85.71,20.08
5.040,-2.1427,1071.4,0.8255,330.2,-6.1400,2.0814,1320,322,305.71,-82.86,20.07
5.060,-1.4047,702.4,0.7668,306.7,-5.7241,2.1747,1088,314,308.57,-82.86,20.08
5.080,-1.4047,702.4,0.7668,306.7,-5.7241,2.1747,1091,359,317.14,-80.00,20.08
5.100,-0.4417,-0.0,0.6072,242.9,-5.1977,2.1572,729,302,320.00,-77.14,20.08
5.120,-0.4417,-0.0,0.6072,242.9,-5.1977,2.1572,754,288,325.71,-77.14,20.07
5.140,-0.4417,-0.0,0.6072,242.9,-5.1977,2.1572,160,201,328.57,-74.29,20.07
5.160,0.6516,-325.8,0.3574,0.0,-4.5404,2.0319,165,264,328.57,-74.29,20.07
5.180,0.6516,-325.8,0.3574,0.0,-4.5404,2.0319,120,254,328.57,-71.43,20.08
5.200,1.5932,-796.6,0.0429,0.0,-3.7273,1.8838,-125,81,328.57,-71.43,20.07
5.220,1.5932,-796.6,0.0429,0.0,-3.7273,1.8838,-163,56,328.57,-71.43,20.08
5.240,1.5932,-796.6,0.0429,0.0,-3.7273,1.8838,-600,48,325.71,-71.43,20.08
5.260,2.2552,-1127.6,-0.2265,0.0,-2.8313,1.7805,-615,47,322.86,-71.43,20.07
5.280,2.2552,-1127.6,-0.2265,0.0,-2.8313,1.7805,-727,25,317.14,-71.43,20.08
5.300,2.6341,-1317.1,-0.3935,0.0,-1.8865,1.7150,-1038,19,311.43,-71.43,20.07
5.320,2.6341,-1317.1,-0.3935,0.0,-1.8865,1.7150,-1020,11,305.71,-71.43,20.07
5.340,2.6341,-1317.1,-0.3935,0.0,-1.8865,1.7150,-1203,3,300.00,-71.43,20.07
5.360,2.8175,-1408.8,-0.4712,0.0,-1.0776,1.6839,-1266,0,294.29,-71.43,20.07
5.380,2.8175,-1408.8,-0.4712,0.0,-1.0776,1.6839,-1276,0,282.86,-71.43,20.07
5.400,2.8282,-1414.1,-0.4575,0.0,-0.4336,1.6888,-1356,0,277.14,-71.43,20.07
5.420,2.8282,-1414.1,-0.4575,0.0,-0.4336,1.6888,-1374,0,268.57,-71.43,20.07
5.440,2.8282,-1414.1,-0.4575,0.0,-0.4336,1.6888,-1400,0,262.86,-71.43,20.07
5.460,2.7517,-1375.9,-0.4306,0.0,0.0937,1.6328,-1394,0,254.29,-71.43,20.07
5.480,2.7517,-1375.9,-0.4306,0.0,0.0937,1.6328,-1405,0,242.86,-71.43,20.07
5.500,2.6448,-1322.4,-0.4735,0.0,0.2129,1.4714,-1372,0,237.14,-71.43,20.07
5.520,2.6448,-1322.4,-0.4735,0.0,0.2129,1.4714,-1359,0,228.57,-71.43,20.09
5.540,2.6448,-1322.4,-0.4735,0.0,0.2129,1.4714,-1308,0,222.86,-71.43,20.07
5.560,2.5359,-1268.0,-0.6564,-262.6,0.5772,1.2605,-1299,0,214.29,-71.43,20.08
5.580,2.5359,-1268.0,-0.6564,-262.6,0.5772,1.2605,-1313,0,205.71,-71.43,20.09
5.600,2.4526,-1226.3,-0.9318,-372.7,0.8888,1.0254,-1253,-143,200.00,-71.43,20.07
5.620,2.4526,-1226.3,-0.9318,-372.7,0.8888,1.0254,-1266,-178,191.43,-71.43,20.09
5.640,2.4526,-1226.3,-0.9318,-372.7,0.8888,1.0254,-1211,-311,185.71,-74.29,20.06
5.660,2.4163,-1208.2,-1.1484,-459.3,1.2020,0.7491,-1229,-312,180.00,-74.29,20.09
5.680,2.4163,-1208.2,-1.1484,-459.3,1.2020,0.7491,-1219,-308,168.57,-77.14,20.08
5.700,2.4372,-1218.6,-1.2828,-513.1,-0.5690,1.5529,-1207,-404,165.71,-80.00,20.09
5.720,2.4372,-1218.6,-1.2828,-513.1,-0.5690,1.5529,-1199,-442,154.29,-82.86,20.08
5.740,2.4372,-1218.6,-1.2828,-513.1,-0.5690,1.5529,-1199,-504,151.43,-85.71,20.07
5.760,2.5120,-1256.0,-1.3561,-542.4,-0.2297,1.3526,-1221,-504,145.71,-88.57,20.07
5.780,2.5120,-1256.0,-1.3561,-542.4,-0.2297,1.3526,-1200,-500,134.29,-91.43,20.07
5.800,2.6668,-1333.4,-1.4002,-560.1,0.1361,1.1666,-1246,-525,131.43,-94.29,20.07
5.820,2.6668,-1333.4,-1.4002,-560.1,0.1361,1.1666,-1252,-521,120.00,-97.14,20.08
5.840,2.6668,-1333.4,-1.4002,-560.1,0.1361,1.1666,-1317,-502,117.14,-100.00,20.08
5.860,2.8978,-1448.9,-1.3577,-543.1,0.5568,0.9650,-1319,-543,108.57,-102.86,20.08
5.880,2.8978,-1448.9,-1.3577,-543.1,0.5568,0.9650,-1303,-551,97.14,-105.71,20.09
5.900,3.2128,-1606.4,-1.2440,-497.6,0.9115,0.9077,-1405,-535,94.29,-108.57,20.08
5.920,3.2128,-1606.4,-1.2440,-497.6,0.9115,0.9077,-1380,-540,82.86,-111.43,20.08
5.940,3.2128,-1606.4,-1.2440,-497.6,0.9115,0.9077,-1538,-497,77.14,-114.29,20.08
5.960,3.5153,-1757.7,-1.0328,-413.1,1.1884,0.9482,-1517,-516,68.57,-117.14,20.08
5.980,3.5153,-1757.7,-1.0328,-413.1,1.1884,0.9482,-1519,-479,57.14,-120.00,20.08
6.000,3.6417,-1820.9,-0.7643,-305.7,1.3166,1.1130,-1680,-419,51.43,-122.86,20.08
6.020,3.6417,-1820.9,-0.7643,-305.7,1.3166,1.1130,-1687,-448,37.14,-125.71,20.07
6.040,3.6417,-1820.9,-0.7643,-305.7,1.3166,1.1130,-1757,-334,31.43,-128.57,20.08
6.060,3.4359,-1718.0,-0.4410,0.0,1.2691,1.2960,-1768,-342,20.00,-128.57,20.08
6.080,3.4359,-1718.0,-0.4410,0.0,1.2691,1.2960,-1777,-284,5.71,-131.43,20.07
6.100,2.8255,-1412.8,-0.0918,0.0,1.0365,1.5740,-1700,-78,0.00,-131.43,20.08
6.120,2.8255,-1412.8,-0.0918,0.0,1.0365,1.5740,-1706,-44,-14.29,-131.43,20.07
6.140,2.8255,-1412.8,-0.0918,0.0,1.0365,1.5740,-1414,-41,-17.14,-131.43,20.08
6.160,1.8303,-915.1,0.2979,0.0,0.6703,1.8438,-1439,-40,-25.71,-131.43,20.08
6.180,1.8303,-915.1,0.2979,0.0,0.6703,1.8438,-1440,-25,-37.14,-131.43,20.08
6.200,0.5407,-270.4,0.6672,266.9,0.1526,2.0880,-964,-22,-40.00,-134.29,20.08
6.220,0.5407,-270.4,0.6672,266.9,0.1526,2.0880,-1012,-16,-48.57,-134.29,20.08
6.240,0.5407,-270.4,0.6672,266.9,0.1526,2.0880,-370,146,-51.43,-131.43,20.08
6.260,-0.8295,414.7,1.0156,406.2,-0.4827,2.3144,-409,165,-54.29,-131.43,20.08
6.280,-0.8295,414.7,1.0156,406.2,-0.4827,2.3144,-372,222,-57.14,-128.57,20.07
6.300,-2.1102,1055.1,1.2681,507.2,-1.1982,2.5457,136,306,-57.14,-128.57,20.08
6.320,-2.1102,1055.1,1.2681,507.2,-1.1982,2.5457,202,337,-54.29,-125.71,20.08
6.340,-2.1102,1055.1,1.2681,507.2,-1.1982,2.5457,809,437,-51.43,-125.71,20.08
6.360,-3.1764,1588.2,1.4766,590.6,-1.9681,2.7295,752,464,-45.71,-122.86,20.08
6.380,-3.1764,1588.2,1.4766,590.6,-1.9681,2.7295,849,455,-40.00,-117.14,20.08
6.400,-3.9170,1958.5,1.6184,647.4,-2.6970,2.9870,1447,570,-34.29,-117.14,20.08
6.420,-3.9170,1958.5,1.6184,647.4,-2.6970,2.9870,1387,552,-25.71,-111.43,20.08
6.440,-3.9170,1958.5,1.6184,647.4,-2.6970,2.9870,1825,624,-17.14,-108.57,20.08
6.460,-4.1366,2068.3,1.6921,676.8,-3.3932,3.2869,1823,621,-8.57,-105.71,20.08
6.480,-4.1366,2068.3,1.6921,676.8,-3.3932,3.2869,1865,620,5.71,-100.00,20.08
6.500,-3.8127,1906.4,1.6761,670.4,-4.0385,3.5199,1993,660,14.29,-97.14,20.08
6.520,-3.8127,1906.4,1.6761,670.4,-4.0385,3.5199,2032,646,28.57,-94.29,20.07
6.540,-3.8127,1906.4,1.6761,670.4,-4.0385,3.5199,1921,663,37.14,-91.43,20.08
6.560,-3.0713,1535.7,1.5610,624.4,-4.5945,3.6448,1958,689,48.57,-85.71,20.07
6.580,-3.0713,1535.7,1.5610,624.4,-4.5945,3.6448,1966,659,62.86,-82.86,20.07
6.600,-2.2495,1124.7,1.2921,516.8,-4.9760,3.5093,1679,655,68.57,-80.00,20.07
6.620,-2.2495,1124.7,1.2921,516.8,-4.9760,3.5093,1603,599,82.86,-74.29,20.08
6.640,-2.2495,1124.7,1.2921,516.8,-4.9760,3.5093,1284,514,85.71,-71.43,20.07
6.660,-1.5933,796.6,0.8148,325.9,-4.9773,2.9753,1202,560,94.29,-68.57,20.08
6.680,-1.5933,796.6,0.8148,325.9,-4.9773,2.9753,1182,513,102.86,-65.71,20.08
6.700,-1.1949,597.5,0.1098,0.0,-4.6768,2.2788,844,366,105.71,-62.86,20.08
6.720,-1.1949,597.5,0.1098,0.0,-4.6768,2.2788,742,382,111.43,-60.00,20.08
6.740,-1.1949,597.5,0.1098,0.0,-4.6768,2.2788,542,93,114.29,-60.00,20.07
6.760,-0.9464,473.2,-0.6516,-260.6,-4.4818,1.8070,556,91,117.14,-60.00,20.07
6.780,-0.9464,473.2,-0.6516,-260.6,-4.4818,1.8070,594,37,122.86,-60.00,20.08
6.800,-0.6088,304.4,-1.3049,-522.0,-4.1660,1.3486,438,-126,122.86,-60.00,20.08
6.820,-0.6088,304.4,-1.3049,-522.0,-4.1660,1.3486,458,-155,125.71,-62.86,20.08
6.840,-0.6088,304.4,-1.3049,-522.0,-4.1660,1.3486,301,-394,128.57,-62.86,20.07
6.860,-0.1407,-0.0,-1.7945,-717.8,-3.7214,1.0053,336,-421,131.43,-65.71,20.07
6.880,-0.1407,-0.0,-1.7945,-717.8,-3.7214,1.0053,320,-466,131.43,-68.57,20.08
6.900,0.4906,-0.0,-2.0940,-837.6,-3.1930,0.7476,90,-642,131.43,-71.43,20.08
6.920,0.4906,-0.0,-2.0940,-837.6,-3.1930,0.7476,68,-699,134.29,-77.14,20.08
6.940,0.4906,-0.0,-2.0940,-837.6,-3.1930,0.7476,61,-775,134.29,-80.00,20.08
6.960,1.1715,-585.8,-2.2307,-892.3,-2.6258,0.5797,38,-805,134.29,-82.86,20.07
6.980,1.1715,-585.8,-2.2307,-892.3,-2.6258,0.5797,10,-794,134.29,-91.43,20.08
7.000,1.7861,-893.1,-2.1812,-872.5,-2.0050,0.4559,-401,-874,131.43,-94.29,20.07
7.020,1.7861,-893.1,-2.1812,-872.5,-2.0050,0.4559,-395,-859,128.57,-100.00,20.08
7.040,1.7861,-893.1,-2.1812,-872.5,-2.0050,0.4559,-674,-869,125.71,-102.86,20.08
7.060,2.3287,-1164.4,-1.9944,-797.8,-1.2243,0.4493,-717,-859,122.86,-108.57,20.08
7.080,2.3287,-1164.4,-1.9944,-797.8,-1.2243,0.4493,-756,-864,117.14,-114.29,20.08
7.100,2.7160,-1358.0,-1.6844,-673.8,-0.4030,0.4508,-1093,-792,114.29,-117.14,20.07
7.120,2.7160,-1358.0,-1.6844,-673.8,-0.4030,0.4508,-1087,-803,105.71,-125.71,20.07
7.140,2.7160,-1358.0,-1.6844,-673.8,-0.4030,0.4508,-1275,-717,100.00,-128.57,20.07
7.160,2.9713,-1485.6,-1.2685,-507.4,0.3839,0.5468,-1232,-674,91.43,-131.43,20.08
7.180,2.9713,-1485.6,-1.2685,-507.4,0.3839,0.5468,-1284,-698,82.86,-137.14,20.08
7.200,3.0900,-1545.0,-0.7591,-303.7,1.1004,0.7377,-1423,-525,77.14,-137.14,20.07
7.220,3.0900,-1545.0,-0.7591,-303.7,1.1004,0.7377,-1414,-527,68.57,-142.86,20.08
7.240,3.0900,-1545.0,-0.7591,-303.7,1.1004,0.7377,-1483,-376,60.00,-142.86,20.08
7.260,3.0832,-1541.6,-0.1964,0.0,1.6197,1.0458,-1506,-361,51.43,-145.71,20.08
7.280,3.0832,-1541.6,-0.1964,0.0,1.6197,1.0458,-1485,-269,40.00,-148.57,20.08
7.300,2.9277,-1463.9,0.3973,0.0,1.9260,1.4090,-1492,-70,34.29,-148.57,20.08
7.320,2.9277,-1463.9,0.3973,0.0,1.9260,1.4090,-1513,-51,22.86,-148.57,20.07
7.340,2.9277,-1463.9,0.3973,0.0,1.9260,1.4090,-1445,-32,17.14,-148.57,20.07
7.360,2.5582,-1279.1,0.9880,395.2,1.9700,1.7581,-1453,-19,11.43,-148.57,20.07
7.380,2.5582,-1279.1,0.9880,395.2,1.9700,1.7581,-1449,-17,0.00,-148.57,20.08
7.400,1.9605,-980.2,1.5363,614.5,1.7847,2.0708,-1302,249,-5.71,-148.57,20.07
7.420,1.9605,-980.2,1.5363,614.5,1.7847,2.0708,-1284,270,-14.29,-145.71,20.09
7.440,1.9605,-980.2,1.5363,614.5,1.7847,2.0708,-1010,472,-20.00,-142.86,20.08
7.460,1.1538,-576.9,1.9383,775.3,1.3625,2.3518,-1009,492,-25.71,-140.00,20.08
7.480,1.1538,-576.9,1.9383,775.3,1.3625,2.3518,-984,567,-31.43,-137.14,20.08
7.500,0.1385,-0.0,2.1874,875.0,0.7568,2.5839,-614,691,-34.29,-134.29,20.08
7.520,0.1385,-0.0,2.1874,875.0,0.7568,2.5839,-655,743,-40.00,-128.57,20.08
7.540,0.1385,-0.0,2.1874,875.0,0.7568,2.5839,-140,822,-40.00,-125.71,20.08
7.560,-0.9827,491.3,2.2369,894.8,-0.0035,2.7662,-127,839,-42.86,-120.00,20.07
7.580,-0.9827,491.3,2.2369,894.8,-0.0035,2.7662,-94,848,-42.86,-114.29,20.07
7.600,-2.0068,1003.4,2.1026,841.1,-0.8758,2.9004,268,864,-40.00,-111.43,20.07
7.620,-2.0068,1003.4,2.1026,841.1,-0.8758,2.9004,264,881,-40.00,-105.71,20.08
7.640,-2.0068,1003.4,2.1026,841.1,-0.8758,2.9004,861,807,-37.14,-100.00,20.07
7.660,-2.8719,1436.0,1.7687,707.5,-1.8582,2.9794,782,857,-31.43,-97.14,20.07
7.680,-2.8719,1436.0,1.7687,707.5,-1.8582,2.9794,869,865,-25.71,-91.43,20.07
7.700,-3.5759,1788.0,1.2989,519.6,-2.8794,3.0048,1375,744,-20.00,-85.71,20.08
7.720,-3.5759,1788.0,1.2989,519.6,-2.8794,3.0048,1333,721,-8.57,-82.86,20.07
7.740,-3.5759,1788.0,1.2989,519.6,-2.8794,3.0048,1704,596,-2.86,-80.00,20.07
7.760,-4.1196,2059.8,0.8520,340.8,-3.9312,3.0075,1624,555,5.71,-77.14,20.07
7.780,-4.1196,2059.8,0.8520,340.8,-3.9312,3.0075,1671,524,20.00,-71.43,20.07
7.800,-4.4680,2234.0,0.5055,202.2,-4.9571,2.9577,1938,403,25.71,-71.43,20.07
7.820,-4.4680,2234.0,0.5055,202.2,-4.9571,2.9577,1951,343,40.00,-68.57,20.08
7.840,-4.4680,2234.0,0.5055,202.2,-4.9571,2.9577,2112,254,48.57,-65.71,20.07
7.860,-4.5309,2265.5,0.2688,0.0,-5.8670,2.8112,2128,203,62.86,-65.71,20.07
7.880,-4.5309,2265.5,0.2688,0.0,-5.8670,2.8112,2181,232,77.14,-62.86,20.07
7.900,-4.3008,2150.4,0.0663,0.0,-6.4731,2.5537,2213,40,85.71,-62.86,20.07
7.920,-4.3008,2150.4,0.0663,0.0,-6.4731,2.5537,2247,25,102.86,-62.86,20.07
7.940,-4.3008,2150.4,0.0663,0.0,-6.4731,2.5537,2178,21,111.43,-62.86,20.07
7.960,-3.8527,1926.4,-0.1904,0.0,-7.0428,2.2655,2152,9,125.71,-62.86,20.07
7.980,-3.8527,1926.4,-0.1904,0.0,-7.0428,2.2655,2149,4,140.00,-62.86,20.07
8.000,-3.2460,1623.0,-0.5299,-212.0,-7.4268,1.9299,1962,7,148.57,-62.86,20.08
8.020,-3.2460,1623.0,-0.5299,-212.0,-7.4268,1.9299,1943,6,162.86,-62.86,20.08
8.040,-3.2460,1623.0,-0.5299,-212.0,-7.4268,1.9299,1680,-101,168.57,-62.86,20.07
8.060,-2.5718,1285.9,-0.9265,-370.6,-7.5259,1.6103,1652,-92,180.00,-65.71,20.08
8.080,-2.5718,1285.9,-0.9265,-370.6,-7.5259,1.6103,1652,-153,191.43,-65.71,20.07
8.100,-1.8859,942.9,-1.2413,-496.5,-7.5268,1.3448,1362,-325,197.14,-65.71,20.07
8.120,-1.8859,942.9,-1.2413,-496.5,-7.5268,1.3448,1320,-324,205.71,-68.57,20.07
8.140,-1.8859,942.9,-1.2413,-496.5,-7.5268,1.3448,1008,-423,208.57,-71.43,20.07
8.160,-1.2186,609.3,-1.4258,-570.3,-7.2416,1.1813,998,-468,214.29,-74.29,20.07
8.180,-1.2186,609.3,-1.4258,-570.3,-7.2416,1.1813,982,-499,222.86,-77.14,20.07
8.200,-0.5620,281.0,-1.4854,-594.2,-6.8372,1.0534,699,-522,225.71,-80.00,20.07
8.220,-0.5620,281.0,-1.4854,-594.2,-6.8372,1.0534,646,-542,231.43,-82.86,20.07
8.240,-0.5620,281.0,-1.4854,-594.2,-6.8372,1.0534,339,-592,231.43,-85.71,20.07
8.260,0.0875,-0.0,-1.4349,-574.0,-6.1915,1.0686,353,-540,234.29,-88.57,20.07
8.280,0.0875,-0.0,-1.4349,-574.0,-6.1915,1.0686,337,-577,237.14,-91.43,20.07
8.300,0.7736,-386.8,-1.2734,-509.3,-5.4369,1.0211,97,-575,237.14,-94.29,20.07
8.320,0.7736,-386.8,-1.2734,-509.3,-5.4369,1.0211,31,-527,237.14,-100.00,20.08
8.340,0.7736,-386.8,-1.2734,-509.3,-5.4369,1.0211,-206,-501,234.29,-100.00,20.08
8.360,1.5141,-757.1,-1.0192,-407.7,-4.6559,1.0789,-278,-538,234.29,-105.71,20.08
8.380,1.5141,-757.1,-1.0192,-407.7,-4.6559,1.0789,-303,-511,231.43,-108.57,20.07
8.400,2.2917,-1145.8,-0.6893,-275.7,-3.7106,1.0730,-646,-444,228.57,-108.57,20.07
8.420,2.2917,-1145.8,-0.6893,-275.7,-3.7106,1.0730,-604,-426,225.71,-114.29,20.07
8.440,2.2917,-1145.8,-0.6893,-275.7,-3.7106,1.0730,-928,-287,220.00,-114.29,20.07
8.460,2.9959,-1497.9,-0.3039,0.0,-2.7718,1.1211,-969,-315,214.29,-117.14,20.07
8.480,2.9959,-1497.9,-0.3039,0.0,-2.7718,1.1211,-1056,-272,208.57,-117.14,20.07
8.500,3.4763,-1738.2,0.0276,0.0,-1.7346,1.1893,-1403,-54,202.86,-117.14,20.07
8.520,3.4763,-1738.2,0.0276,0.0,-1.7346,1.1893,-1392,-60,191.43,-120.00,20.07
8.540,3.4763,-1738.2,0.0276,0.0,-1.7346,1.1893,-1636,-45,185.71,-120.00,20.07
8.560,3.7812,-1890.6,0.2707,0.0,-0.6808,1.3836,-1661,-22,174.29,-120.00,20.07
8.580,3.7812,-1890.6,0.2707,0.0,-0.6808,1.3836,-1702,-7,162.86,-120.00,20.07
8.600,3.9832,-1991.6,0.4540,0.0,0.2982,1.5896,-1826,-3,154.29,-120.00,20.07
8.620,3.9832,-1991.6,0.4540,0.0,0.2982,1.5896,-1862,0,142.86,-120.00,20.07
8.640,3.9832,-1991.6,0.4540,0.0,0.2982,1.5896,-1952,0,134.29,-120.00,20.07
8.660,4.1378,-2068.9,0.6650,266.0,1.2434,1.9172,-1948,0,122.86,-120.00,20.08
8.680,4.1378,-2068.9,0.6650,266.0,1.2434,1.9172,-1966,0,108.57,-120.00,20.07
8.700,4.2722,-2136.1,0.9521,380.8,1.9841,2.2296,-2003,157,100.00,-117.14,20.08
8.720,4.2722,-2136.1,0.9521,380.8,1.9841,2.2296,-1981,197,85.71,-117.14,20.08
8.740,4.2722,-2136.1,0.9521,380.8,1.9841,2.2296,-2048,292,77.14,-117.14,20.07
8.760,4.3559,-2178.0,1.2442,497.7,2.5115,2.5678,-2063,333,65.71,-114.29,20.08
8.780,4.3559,-2178.0,1.2442,497.7,2.5115,2.5678,-2066,327,48.57,-111.43,20.09
8.800,4.2705,-2135.3,1.5238,609.5,2.8283,2.8532,-2107,475,40.00,-108.57,20.08
8.820,4.2705,-2135.3,1.5238,609.5,2.8283,2.8532,-2131,477,25.71,-105.71,20.07
8.840,4.2705,-2135.3,1.5238,609.5,2.8283,2.8532,-2113,565,17.14,-102.86,20.07
8.860,3.9170,-1958.5,1.7117,684.7,2.9574,3.0767,-2101,551,5.71,-100.00,20.07
8.880,3.9170,-1958.5,1.7117,684.7,2.9574,3.0767,-2108,605,-11.43,-97.14,20.07
8.900,3.2833,-1641.6,1.7149,686.0,2.9345,3.2388,-1970,646,-20.00,-94.29,20.07
8.920,3.2833,-1641.6,1.7149,686.0,2.9345,3.2388,-1935,678,-31.43,-88.57,20.07
8.940,3.2833,-1641.6,1.7149,686.0,2.9345,3.2388,-1697,700,-40.00,-85.71,20.07
8.960,2.3353,-1167.7,1.4839,593.6,2.7388,3.3704,-1678,675,-48.57,-82.86,20.07
8.980,2.3353,-1167.7,1.4839,593.6,2.7388,3.3704,-1652,701,-60.00,-77.14,20.07
9.000,1.1557,-577.9,1.1603,464.1,2.3915,3.5041,-1285,571,-65.71,-74.29,20.08
9.020,1.1557,-577.9,1.1603,464.1,2.3915,3.5041,-1260,615,-77.14,-71.43,20.08
9.040,1.1557,-577.9,1.1603,464.1,2.3915,3.5041,-696,488,-80.00,-68.57,20.08
9.060,-0.1053,-0.0,0.8978,359.1,1.8657,3.6913,-716,485,-82.86,-65.71,20.07
9.080,-0.1053,-0.0,0.8978,359.1,1.8657,3.6913,-659,482,-88.57,-62.86,20.07
9.100,-1.2415,620.7,0.7701,308.0,1.1754,3.9055,-118,396,-88.57,-60.00,20.07
9.120,-1.2415,620.7,0.7701,308.0,1.1754,3.9055,-106,336,-88.57,-57.14,20.08
9.140,-1.2415,620.7,0.7701,308.0,1.1754,3.9055,373,346,-88.57,-57.14,20.07
9.160,-2.1945,1097.3,0.7658,306.3,0.2987,4.1122,382,294,-85.71,-54.29,20.07
9.180,-2.1945,1097.3,0.7658,306.3,0.2987,4.1122,487,300,-82.86,-51.43,20.07
9.200,-2.9498,1474.9,0.8806,352.2,-0.7631,4.3034,1002,309,-77.14,-51.43,20.08
9.220,-2.9498,1474.9,0.8806,352.2,-0.7631,4.3034,967,287,-71.43,-48.57,20.08
9.240,-2.9498,1474.9,0.8806,352.2,-0.7631,4.3034,1385,337,-65.71,-48.57,20.07
9.260,-3.5408,1770.4,1.0222,408.9,-1.9078,4.4443,1342,337,-57.14,-45.71,20.08
9.280,-3.5408,1770.4,1.0222,408.9,-1.9078,4.4443,1424,333,-45.71,-42.86,20.08
9.300,-4.0140,2007.0,1.0977,439.1,-3.0294,4.5087,1699,375,-40.00,-42.86,20.08
9.320,-4.0140,2007.0,1.0977,439.1,-3.0294,4.5087,1653,382,-28.57,-37.14,20.08
9.340,-4.0140,2007.0,1.0977,439.1,-3.0294,4.5087,1927,448,-20.00,-37.14,20.08
9.360,-4.3963,2198.2,1.0353,414.1,-4.0981,4.4965,1914,409,-8.57,-34.29,20.07
9.380,-4.3963,2198.2,1.0353,414.1,-4.0981,4.4965,1881,424,5.71,-31.43,20.08
9.400,-4.6706,2335.3,0.7764,310.5,-4.9058,4.3072,2072,437,14.29,-28.57,20.07
9.420,-4.6706,2335.3,0.7764,310.5,-4.9058,4.3072,2070,439,28.57,-25.71,20.07
9.440,-4.6278,2313.9,0.3286,0.0,-5.4526,3.9638,2211,273,37.14,-25.71,20.07
9.460,-4.6278,2313.9,0.3286,0.0,-5.4526,3.9638,2259,299,54.29,-22.86,20.07
9.480,-4.6278,2313.9,0.3286,0.0,-5.4526,3.9638,2236,50,62.86,-22.86,20.07
9.500,-4.1695,2084.8,-0.2797,0.0,-5.7386,3.5312,2266,52,77.14,-22.86,20.08
9.520,-4.1695,2084.8,-0.2797,0.0,-5.7386,3.5312,2272,48,94.29,-22.86,20.08
9.540,-3.3780,1689.0,-0.8478,-339.1,-5.7386,3.5312,2101,42,102.86,-22.86,20.07
9.560,-3.3780,1689.0,-0.8478,-339.1,-5.8654,3.1301,2140,28,114.29,-22.86,20.08
9.580,-3.3780,1689.0,-0.8478,-339.1,-5.8654,3.1301,1783,-209,125.71,-22.86,20.08
9.600,-2.3602,1180.1,-1.2588,-503.5,-5.8731,2.8646,1776,-221,134.29,-22.86,20.07
9.620,-2.3602,1180.1,-1.2588,-503.5,-5.8731,2.8646,1723,-287,148.57,-25.71,20.08
9.640,-1.3460,673.0,-1.5009,-600.4,-5.8457,2.6106,1267,-365,151.43,-28.57,20.07
9.660,-1.3460,673.0,-1.5009,-600.4,-5.8457,2.6106,1270,-433,162.86,-31.43,20.08
9.680,-1.3460,673.0,-1.5009,-600.4,-5.8457,2.6106,790,-573,165.71,-34.29,20.07
9.700,-0.5125,256.2,-1.5843,-633.7,-5.6701,2.4255,793,-563,171.43,-37.14,20.09
9.720,-0.5125,256.2,-1.5843,-633.7,-5.6701,2.4255,696,-589,177.14,-40.00,20.09
9.740,0.0218,-0.0,-1.5614,-624.6,-5.2710,2.2429,283,-624,177.14,-42.86,20.10
9.760,0.0218,-0.0,-1.5614,-624.6,-5.2710,2.2429,277,-603,180.00,-48.57,20.09
9.780,0.0218,-0.0,-1.5614,-624.6,-5.2710,2.2429,52,-629,180.00,-51.43,20.11
9.800,0.3957,-0.0,-1.4418,-576.7,-4.8228,2.0919,5,-629,180.00,-54.29,20.09
9.820,0.3957,-0.0,-1.4418,-576.7,-4.8228,2.0919,0,-620,180.00,-60.00,20.07
9.840,0.7878,-393.9,-1.2629,-505.2,-4.2446,1.9065,0,-593,180.00,-60.00,20.08
9.860,0.7878,-393.9,-1.2629,-505.2,-4.2446,1.9065,0,-580,180.00,-65.71,20.07
9.880,0.7878,-393.9,-1.2629,-505.2,-4.2446,1.9065,-285,-548,177.14,-65.71,20.07
9.900,1.3244,-662.2,-1.0938,-437.5,-3.5250,1.6718,-293,-523,177.14,-68.57,20.08
9.920,1.3244,-662.2,-1.0938,-437.5,-3.5250,1.6718,-320,-541,174.29,-74.29,20.08
9.940,1.9571,-978.6,-1.0221,-408.9,-2.7722,1.4426,-518,-474,171.43,-74.29,20.08
9.960,1.9571,-978.6,-1.0221,-408.9,-2.7722,1.4426,-499,-427,168.57,-80.00,20.08
9.980,1.9571,-978.6,-1.0221,-408.9,-2.7722,1.4426,-771,-397,165.71,-80.00,20.07
10.000,2.5185,-1259.3,-1.0631,-425.2,-2.0210,1.3474,-812,-408,160.00,-82.86,20.07
10.020,2.5185,-1259.3,-1.0631,-425.2,-2.0210,1.3474,-868,-417,154.29,-85.71,20.08
10.040,2.9072,-1453.6,-1.0492,-419.7,-1.1752,1.3432,-1150,-407,151.43,-88.57,20.08
10.060,2.9072,-1453.6,-1.0492,-419.7,-1.1752,1.3432,-1184,-417,140.00,-91.43,20.07
10.080,2.9072,-1453.6,-1.0492,-419.7,-1.1752,1.3432,-1342,-411,137.14,-91.43,20.07
10.100,3.1585,-1579.3,-0.9469,-378.8,-0.2993,1.3951,-1376,-435,128.57,-94.29,20.07
10.120,3.1585,-1579.3,-0.9469,-378.8,-0.2993,1.3951,-1420,-378,117.14,-97.14,20.07
10.140,3.3291,-1664.5,-0.7536,-301.5,0.5101,1.5548,-1530,-362,111.43,-100.00,20.07
10.160,3.3291,-1664.5,-0.7536,-301.5,0.5101,1.5548,-1522,-385,100.00,-102.86,20.07
10.180,3.3291,-1664.5,-0.7536,-301.5,0.5101,1.5548,-1589,-363,94.29,-102.86,20.07
10.200,3.4389,-1719.5,-0.4545,0.0,1.2493,1.8074,-1581,-289,85.71,-105.71,20.07
10.220,3.4389,-1719.5,-0.4545,0.0,1.2493,1.8074,-1605,-297,71.43,-108.57,20.08
10.240,3.4619,-1731.0,-0.0715,0.0,1.8122,2.1452,-1661,-59,65.71,-108.57,20.08
10.260,3.4619,-1731.0,-0.0715,0.0,1.8122,2.1452,-1684,-35,51.43,-108.57,20.08
10.280,3.4619,-1731.0,-0.0715,0.0,1.8122,2.1452,-1694,-36,48.57,-108.57,20.08
10.300,3.3605,-1680.3,0.3676,0.0,2.2160,2.5215,-1669,-34,37.14,-108.57,20.07
10.320,3.3605,-1680.3,0.3676,0.0,2.2160,2.5215,-1699,-28,22.86,-108.57,20.07
10.340,3.0684,-1534.2,0.8353,334.1,2.4047,2.9301,-1654,-24,17.14,-108.57,20.07
10.360,3.0684,-1534.2,0.8353,334.1,2.4047,2.9301,-1661,-15,5.71,-108.57,20.07
10.380,3.0684,-1534.2,0.8353,334.1,2.4047,2.9301,-1522,181,0.00,-108.57,20.08
10.400,2.5613,-1280.7,1.3060,522.4,2.4268,3.2808,-1538,223,-8.57,-105.71,20.07
10.420,2.5613,-1280.7,1.3060,522.4,2.4268,3.2808,-1528,251,-22.86,-105.71,20.07
10.440,1.8733,-936.7,1.6773,670.9,2.3100,3.5794,-1270,438,-25.71,-102.86,20.07
10.460,1.8733,-936.7,1.6773,670.9,2.3100,3.5794,-1303,478,-37.14,-100.00,20.08
10.480,1.8733,-936.7,1.6773,670.9,2.3100,3.5794,-976,597,-40.00,-97.14,20.07
10.500,1.0282,-514.1,1.9339,773.6,2.1005,3.7779,-1021,592,-45.71,-94.29,20.07
10.520,1.0282,-514.1,1.9339,773.6,2.1005,3.7779,-1005,650,-54.29,-88.57,20.08
10.540,0.1948,-0.0,2.0139,805.6,1.8241,3.9545,-601,769,-57.14,-85.71,20.07
10.560,0.1948,-0.0,2.0139,805.6,1.8241,3.9545,-590,760,-60.00,-80.00,20.07
10.580,0.1948,-0.0,2.0139,805.6,1.8241,3.9545,-158,793,-60.00,-77.14,20.07
10.600,-0.4817,-0.0,1.9025,761.0,1.4801,4.0799,-119,770,-62.86,-74.29,20.07
10.620,-0.4817,-0.0,1.9025,761.0,1.4801,4.0799,-64,792,-62.86,-65.71,20.08
10.640,-0.9471,473.6,1.5740,629.6,1.0593,4.2309,-27,751,-62.86,-65.71,20.07
10.660,-0.9471,473.6,1.5740,629.6,1.0593,4.2309,5,765,-62.86,-57.14,20.07
10.680,-0.9471,473.6,1.5740,629.6,1.0593,4.2309,335,660,-62.86,-57.14,20.08
10.700,-1.2744,637.2,1.1934,477.3,0.5333,4.3439,321,661,-60.00,-51.43,20.07
10.720,-1.2744,637.2,1.1934,477.3,0.5333,4.3439,355,628,-57.14,-48.57,20.07
10.740,-1.5423,771.1,0.8733,349.3,0.0173,4.3516,526,524,-54.29,-45.71,20.08
10.760,-1.5423,771.1,0.8733,349.3,0.0173,4.3516,590,458,-51.43,-42.86,20.07
10.780,-1.5423,771.1,0.8733,349.3,0.0173,4.3516,684,380,-48.57,-40.00,20.08
10.800,-1.7216,860.8,0.5777,231.1,-0.4776,4.1641,701,348,-42.86,-37.14,20.07
10.820,-1.7216,860.8,0.5777,231.1,-0.4776,4.1641,703,340,-37.14,-34.29,20.09
10.840,-1.8290,914.5,0.1601,0.0,-0.9004,3.8133,801,249,-34.29,-34.29,20.09
10.860,-1.8290,914.5,0.1601,0.0,-0.9004,3.8133,799,216,-28.57,-31.43,20.08
10.880,-1.8290,914.5,0.1601,0.0,-0.9004,3.8133,838,51,-25.71,-31.43,20.07
10.900,-1.8344,917.2,-0.3886,0.0,-1.2166,3.3359,843,41,-20.00,-31.43,20.07
10.920,-1.8344,917.2,-0.3886,0.0,-1.2166,3.3359,895,35,-14.29,-31.43,20.07
10.940,-1.7363,868.1,-0.9603,-384.1,-1.4078,2.8073,888,28,-11.43,-31.43,20.07
10.960,-1.7363,868.1,-0.9603,-384.1,-1.4078,2.8073,889,17,-2.86,-31.43,20.07
10.980,-1.7363,868.1,-0.9603,-384.1,-1.4078,2.8073,844,-216,0.00,-31.43,20.08
11.000,-1.5346,767.3,-1.4773,-590.9,-1.4868,2.2893,832,-226,2.86,-34.29,20.08
11.020,-1.5346,767.3,-1.4773,-590.9,-1.4868,2.2893,855,-306,11.43,-37.14,20.07
11.040,-1.2243,612.2,-1.8534,-741.3,-1.4999,1.8286,736,-459,14.29,-37.14,20.08
11.060,-1.2243,612.2,-1.8534,-741.3,-1.4999,1.8286,757,-527,20.00,-42.86,20.08
11.080,-1.2243,612.2,-1.8534,-741.3,-1.4999,1.8286,607,-692,22.86,-45.71,20.08
11.100,-0.8172,408.6,-2.0983,-839.3,-1.4647,1.4073,642,-668,25.71,-48.57,20.08
11.120,-0.8172,408.6,-2.0983,-839.3,-1.4647,1.4073,648,-718,31.43,-54.29,20.08
11.140,-0.3678,-0.0,-2.2645,-905.8,-1.3878,1.0238,473,-825,31.43,-57.14,20.08
11.160,-0.3678,-0.0,-2.2645,-905.8,-1.3878,1.0238,468,-790,37.14,-62.86,20.08
11.180,-0.3678,-0.0,-2.2645,-905.8,-1.3878,1.0238,128,-883,37.14,-65.71,20.08
11.200,0.0196,-0.0,-2.3286,-931.4,-1.2809,0.6969,83,-856,37.14,-71.43,20.08
11.220,0.0196,-0.0,-2.3286,-931.4,-1.2809,0.6969,44,-897,37.14,-77.14,20.08
11.240,0.2869,-0.0,-2.2797,-911.9,-1.1400,0.3771,52,-891,37.14,-82.86,20.08
11.260,0.2869,-0.0,-2.2797,-911.9,-1.1400,0.3771,19,-889,37.14,-88.57,20.08
11.280,0.2869,-0.0,-2.2797,-911.9,-1.1400,0.3771,4,-891,37.14,-91.43,20.08
11.300,0.4081,-0.0,-2.1297,-851.9,-0.9810,0.1040,-5,-894,37.14,-97.14,20.08
11.320,0.4081,-0.0,-2.1297,-851.9,-0.9810,0.1040,0,-915,37.14,-102.86,20.08
11.340,0.4286,-0.0,-1.8914,-756.6,-0.8123,-0.1816,0,-848,37.14,-108.57,20.07
11.360,0.4286,-0.0,-1.8914,-756.6,-0.8123,-0.1816,0,-861,37.14,-114.29,20.08
11.380,0.4286,-0.0,-1.8914,-756.6,-0.8123,-0.1816,-7,-770,37.14,-117.14,20.09
11.400,0.4243,-0.0,-1.5935,-637.4,-0.9971,0.0789,-15,-772,37.14,-122.86,20.08
11.420,0.4243,-0.0,-1.5935,-637.4,-0.9971,0.0789,-15,-788,37.14,-128.57,20.08
11.440,0.4788,-0.0,-1.2636,-505.4,-0.8817,-0.0254,-8,-660,37.14,-128.57,20.07
11.460,0.4788,-0.0,-1.2636,-505.4,-0.8817,-0.0254,-1,-662,37.14,-134.29,20.07
11.480,0.4788,-0.0,-1.2636,-505.4,-0.8817,-0.0254,0,-556,37.14,-137.14,20.08
11.500,0.6721,-336.1,-0.9152,-366.1,-0.9456,0.2665,9,-526,37.14,-140.00,20.08
11.520,0.6721,-336.1,-0.9152,-366.1,-0.9456,0.2665,17,-560,37.14,-142.86,20.08
11.540,0.9140,-457.0,-0.4867,0.0,-0.7656,0.3741,-216,-405,37.14,-145.71,20.08
11.560,0.9140,-457.0,-0.4867,0.0,-0.7656,0.3741,-217,-338,34.29,-148.57,20.08
11.580,0.9140,-457.0,-0.4867,0.0,-0.7656,0.3741,-323,-90,34.29,-148.57,20.07
11.600,1.1060,-553.0,0.0185,0.0,-0.6181,0.9090,-310,-60,31.43,-148.57,20.08
11.620,1.1060,-553.0,0.0185,0.0,-0.6181,0.9090,-345,-28,28.57,-148.57,20.08
11.640,1.1191,-559.5,0.6044,241.7,-0.4839,1.5423,-465,-18,28.57,-148.57,20.08
11.660,1.1191,-559.5,0.6044,241.7,-0.4839,1.5423,-511,-13,22.86,-148.57,20.07
11.680,1.1191,-559.5,0.6044,241.7,-0.4839,1.5423,-520,135,22.86,-148.57,20.08
11.700,0.8874,-443.7,1.2445,497.8,-0.3492,2.2777,-542,122,20.00,-148.57,20.08
11.720,0.8874,-443.7,1.2445,497.8,-0.3492,2.2777,-589,186,14.29,-145.71,20.08
11.740,0.5425,-271.3,1.9271,770.8,-0.2486,2.8509,-502,383,11.43,-145.71,20.08
11.760,0.5425,-271.3,1.9271,770.8,-0.2486,2.8509,-484,394,8.57,-142.86,20.08
11.780,0.5425,-271.3,1.9271,770.8,-0.2486,2.8509,-396,744,5.71,-140.00,20.08
11.800,0.2367,-0.0,2.5891,1035.6,-0.2250,3.3881,-319,677,5.71,-134.29,20.08
11.820,0.2367,-0.0,2.5891,1035.6,-0.2250,3.3881,-314,730,2.86,-131.43,20.08
11.840,0.0656,-0.0,3.0983,1239.3,-0.2801,3.7939,-46,993,2.86,-125.71,20.08
11.860,0.0656,-0.0,3.0983,1239.3,-0.2801,3.7939,-35,989,2.86,-120.00,20.08
11.880,0.0656,-0.0,3.0983,1239.3,-0.2801,3.7939,-25,1196,2.86,-114.29,20.07
11.900,0.0342,-0.0,3.3485,1339.4,-0.3932,4.0675,10,1163,2.86,-108.57,20.08
11.920,0.0342,-0.0,3.3485,1339.4,-0.3932,4.0675,28,1191,2.86,-97.14,20.08
11.940,0.0647,-0.0,3.1765,1270.6,-0.5108,4.2019,30,1302,2.86,-94.29,20.08
11.960,0.0647,-0.0,3.1765,1270.6,-0.5108,4.2019,18,1308,2.86,-82.86,20.08
11.980,0.0647,-0.0,3.1765,1270.6,-0.5108,4.2019,11,1289,2.86,-77.14,20.07
12.000,0.0139,-0.0,2.4418,976.7,-0.5998,4.3368,0,1277,2.86,-71.43,20.08
12.020,0.0139,-0.0,2.4418,976.7,-0.5998,4.3368,-13,1282,2.86,-62.86,20.08
12.040,-0.1403,-0.0,1.5743,629.7,-0.6529,4.5475,-22,1006,2.86,-57.14,20.08
12.060,-0.1403,-0.0,1.5743,629.7,-0.6529,4.5475,-25,1010,2.86,-48.57,20.08
12.080,-0.1403,-0.0,1.5743,629.7,-0.6529,4.5475,-20,683,2.86,-45.71,20.09
12.100,-0.2620,-0.0,0.8052,322.1,0.2035,4.2206,-4,695,2.86,-42.86,20.08
12.120,-0.2620,-0.0,0.8052,322.1,0.2035,4.2206,3,651,2.86,-37.14,20.08
12.140,-0.3113,-0.0,0.1845,0.0,0.1710,4.4879,7,419,2.86,-37.14,20.08
12.160,-0.3113,-0.0,0.1845,0.0,0.1710,4.4879,12,364,2.86,-34.29,20.08
12.180,-0.3113,-0.0,0.1845,0.0,0.1710,4.4879,16,63,2.86,-34.29,20.07
12.200,-0.3453,-0.0,-0.2486,0.0,0.0625,4.6394,17,50,2.86,-34.29,20.07
12.220,-0.3453,-0.0,-0.2486,0.0,0.0625,4.6394,9,20,2.86,-34.29,20.08
12.240,-0.4466,-0.0,-0.5091,-203.6,-0.0715,4.5728,5,12,2.86,-34.29,20.08
12.260,-0.4466,-0.0,-0.5091,-203.6,-0.0715,4.5728,0,5,2.86,-34.29,20.08
12.280,-0.4466,-0.0,-0.5091,-203.6,-0.0715,4.5728,-2,-94,2.86,-34.29,20.07
12.300,-0.6266,313.3,-0.6133,-245.3,-0.2118,4.2715,-7,-90,2.86,-34.29,20.07
12.320,-0.6266,313.3,-0.6133,-245.3,-0.2118,4.2715,-15,-117,2.86,-34.29,20.08
12.340,-0.8477,423.8,-0.6111,-244.4,-0.3655,3.7848,172,-197,2.86,-34.29,20.07
12.360,-0.8477,423.8,-0.6111,-244.4,-0.3655,3.7848,187,-176,2.86,-37.14,20.08
12.380,-0.8477,423.8,-0.6111,-244.4,-0.3655,3.7848,319,-194,5.71,-37.14,20.07
12.400,-0.9867,493.4,-0.5512,-220.5,-0.5193,3.1964,342,-257,8.57,-40.00,20.07
12.420,-0.9867,493.4,-0.5512,-220.5,-0.5193,3.1964,382,-227,11.43,-40.00,20.08
12.440,-1.0343,517.2,-0.5244,-209.8,-0.6555,2.5694,389,-240,11.43,-42.86,20.08
12.460,-1.0343,517.2,-0.5244,-209.8,-0.6555,2.5694,415,-229,14.29,-42.86,20.08
12.480,-1.0343,517.2,-0.5244,-209.8,-0.6555,2.5694,480,-194,17.14,-45.71,20.07
12.500,-0.9446,472.3,-0.6644,-265.7,-0.7822,2.0109,507,-223,20.00,-45.71,20.08
12.520,-0.9446,472.3,-0.6644,-265.7,-0.7822,2.0109,526,-187,22.86,-45.71,20.08
12.540,-0.7253,362.6,-1.0438,-417.5,-0.8845,1.4954,471,-250,25.71,-48.57,20.08
12.560,-0.7253,362.6,-1.0438,-417.5,-0.8845,1.4954,470,-249,28.57,-48.57,20.08
12.580,-0.7253,362.6,-1.0438,-417.5,-0.8845,1.4954,415,-380,31.43,-51.43,20.07
12.600,-0.4665,-0.0,-1.5582,-623.3,-0.9271,1.0257,422,-386,34.29,-54.29,20.08
12.620,-0.4665,-0.0,-1.5582,-623.3,-0.9271,1.0257,390,-429,34.29,-57.14,20.08
12.640,-0.2579,-0.0,-2.0321,-812.8,-0.9137,0.6153,77,-606,37.14,-60.00,20.07
12.660,-0.2579,-0.0,-2.0321,-812.8,-0.9137,0.6153,45,-573,37.14,-62.86,20.08
12.680,-0.2579,-0.0,-2.0321,-812.8,-0.9137,0.6153,30,-793,37.14,-65.71,20.07
12.700,-0.1099,-0.0,-2.4102,-964.1,-0.8472,0.2489,16,-746,37.14,-71.43,20.08
12.720,-0.1099,-0.0,-2.4102,-964.1,-0.8472,0.2489,7,-813,37.14,-77.14,20.08
12.740,-0.0469,-0.0,-2.6760,-1070.4,-0.7287,-0.0955,4,-928,37.14,-80.00,20.08
12.760,-0.0469,-0.0,-2.6760,-1070.4,-0.7287,-0.0955,2,-941,37.14,-88.57,20.08
12.780,-0.0469,-0.0,-2.6760,-1070.4,-0.7287,-0.0955,-3,-1039,37.14,-91.43,20.07
12.800,-0.0415,-0.0,-2.8242,-1129.7,-0.6939,-0.2455,-11,-1025,37.14,-97.14,20.07
12.820,-0.0415,-0.0,-2.8242,-1129.7,-0.6939,-0.2455,-13,-1054,37.14,-105.71,20.07
12.840,-0.0010,-0.0,-2.8523,-1140.9,-0.7920,-0.0769,-7,-1123,37.14,-111.43,20.08
12.860,-0.0010,-0.0,-2.8523,-1140.9,-0.7920,-0.0769,0,-1122,37.14,-117.14,20.08
12.880,-0.0010,-0.0,-2.8523,-1140.9,-0.7920,-0.0769,11,-1117,37.14,-122.86,20.07
12.900,0.1346,-0.0,-2.7775,-1111.0,-0.7725,-0.2240,18,-1136,37.14,-128.57,20.08
12.920,0.1346,-0.0,-2.7775,-1111.0,-0.7725,-0.2240,4,-1154,37.14,-137.14,20.08
12.940,0.2796,-0.0,-2.5944,-1037.8,-0.7555,-0.2847,3,-1092,37.14,-142.86,20.07
12.960,0.2796,-0.0,-2.5944,-1037.8,-0.7555,-0.2847,0,-1094,37.14,-151.43,20.08
12.980,0.2796,-0.0,-2.5944,-1037.8,-0.7555,-0.2847,0,-1062,37.14,-154.29,20.07
13.000,0.3669,-0.0,-2.2937,-917.5,-0.7337,-0.1552,0,-1042,37.14,-160.00,20.07
13.020,0.3669,-0.0,-2.2937,-917.5,-0.7337,-0.1552,1,-1032,37.14,-168.57,20.07
13.040,0.3884,-0.0,-1.8701,-748.0,-0.7201,0.3134,0,-931,37.14,-171.43,20.07
13.060,0.3884,-0.0,-1.8701,-748.0,-0.7201,0.3134,0,-942,37.14,-180.00,20.08
13.080,0.3884,-0.0,-1.8701,-748.0,-0.7201,0.3134,0,-750,37.14,-182.86,20.08
13.100,0.3403,-0.0,-1.3027,-521.1,-0.9729,1.0192,0,-779,37.14,-185.71,20.07
13.120,0.3403,-0.0,-1.3027,-521.1,-0.9729,1.0192,0,-731,37.14,-191.43,20.08
13.140,0.2420,-0.0,-0.6167,-246.7,-0.9855,1.7891,0,-569,37.14,-194.29,20.07
13.160,0.2420,-0.0,-0.6167,-246.7,-0.9855,1.7891,0,-521,37.14,-200.00,20.08
13.180,0.2420,-0.0,-0.6167,-246.7,-0.9855,1.7891,-3,-268,37.14,-200.00,20.08
13.200,0.1351,-0.0,0.2312,0.0,-0.9929,2.5678,-2,-257,37.14,-200.00,20.08
13.220,0.1351,-0.0,0.2312,0.0,-0.9929,2.5678,-1,-307,37.14,-202.86,20.08
13.240,0.0383,-0.0,1.1806,472.2,-1.0839,3.1949,0,-68,37.14,-202.86,20.08
13.260,0.0383,-0.0,1.1806,472.2,-1.0839,3.1949,0,-46,37.14,-205.71,20.08
13.280,0.0383,-0.0,1.1806,472.2,-1.0839,3.1949,1,280,37.14,-202.86,20.07
13.300,-0.0230,-0.0,2.1295,851.8,-1.2317,3.7061,0,310,37.14,-202.86,20.07
13.320,-0.0230,-0.0,2.1295,851.8,-1.2317,3.7061,0,372,37.14,-200.00,20.07
13.340,-0.0694,-0.0,3.0386,1215.4,-1.2725,4.0570,0,793,37.14,-194.29,20.07
13.360,-0.0694,-0.0,3.0386,1215.4,-1.2725,4.0570,-3,773,37.14,-191.43,20.08
13.380,-0.0694,-0.0,3.0386,1215.4,-1.2725,4.0570,-4,1166,37.14,-185.71,20.07
13.400,-0.0985,-0.0,3.8872,1554.9,-1.2874,4.3642,-4,1125,37.14,-180.00,20.08
13.420,-0.0985,-0.0,3.8872,1554.9,-1.2874,4.3642,0,1156,37.14,-171.43,20.08
13.440,-0.0707,-0.0,4.6323,1852.9,-1.2678,4.5934,2,1532,37.14,-162.86,20.07
13.460,-0.0707,-0.0,4.6323,1852.9,-1.2678,4.5934,0,1504,37.14,-154.29,20.08
13.480,-0.0707,-0.0,4.6323,1852.9,-1.2678,4.5934,1,1812,37.14,-145.71,20.08
13.500,-0.0110,-0.0,5.1557,2062.3,-1.1832,4.7962,2,1773,37.14,-137.14,20.08
13.520,-0.0110,-0.0,5.1557,2062.3,-1.1832,4.7962,6,1782,37.14,-122.86,20.07
13.540,0.0463,-0.0,5.0877,2035.1,-1.1512,4.9782,2,1993,37.14,-114.29,20.08
13.560,0.0463,-0.0,5.0877,2035.1,-1.1512,4.9782,0,1988,37.14,-100.00,20.08
13.580,0.0463,-0.0,5.0877,2035.1,-1.1512,4.9782,0,2022,37.14,-91.43,20.07
13.600,0.0780,-0.0,3.7981,1519.2,-1.1839,5.1650,0,2059,37.14,-80.00,20.07
13.620,0.0780,-0.0,3.7981,1519.2,-1.1839,5.1650,19,2062,37.14,-65.71,20.08
13.640,0.0273,-0.0,2.0245,809.8,-1.3527,5.2152,41,1578,37.14,-57.14,20.08
13.660,0.0273,-0.0,2.0245,809.8,-1.3527,5.2152,53,1562,37.14,-45.71,20.08
13.680,-0.2010,-0.0,0.2833,0.0,-1.3527,5.2152,46,898,37.14,-42.86,20.08
13.700,-0.2010,-0.0,0.2833,0.0,-1.6760,5.2550,41,925,37.14,-37.14,20.08
13.720,-0.2010,-0.0,0.2833,0.0,-1.6760,5.2550,5,173,37.14,-34.29,20.08
13.740,-0.6905,345.3,-1.2907,-516.3,-2.1216,5.2712,-4,123,37.14,-34.29,20.08
13.760,-0.6905,345.3,-1.2907,-516.3,-2.1216,5.2712,-29,84,37.14,-34.29,20.08
13.780,-1.3470,673.5,-2.6364,-1054.6,-2.1216,5.2712,261,-326,40.00,-34.29,20.07
13.800,-1.3470,673.5,-2.6364,-1054.6,-2.6656,5.1915,259,-285,40.00,-37.14,20.08
13.820,-1.3470,673.5,-2.6364,-1054.6,-2.6656,5.1915,429,-878,42.86,-42.86,20.08
13.840,-2.0264,1013.2,-3.6357,-1454.3,-3.2529,5.0219,487,-884,45.71,-48.57,20.08
13.860,-2.0264,1013.2,-3.6357,-1454.3,-3.2529,5.0219,579,-959,51.43,-54.29,20.08
13.880,-2.4870,1243.5,-4.1059,-1642.4,-3.2529,5.0219,910,-1433,54.29,-60.00,20.08
13.900,-2.4870,1243.5,-4.1059,-1642.4,-3.8129,4.7942,878,-1349,60.00,-68.57,20.08
13.920,-2.4870,1243.5,-4.1059,-1642.4,-3.8129,4.7942,1131,-1544,65.71,-77.14,20.07
13.940,-2.6220,1311.0,-3.8179,-1527.2,-4.2583,4.5588,1168,-1586,71.43,-85.71,20.07
13.960,-2.6220,1311.0,-3.8179,-1527.2,-4.2583,4.5588,1190,-1608,82.86,-100.00,20.07
13.980,-2.4260,1213.0,-2.7410,-1096.4,-4.2583,4.5588,1277,-1505,85.71,-102.86,20.07
14.000,-2.4260,1213.0,-2.7410,-1096.4,-4.5813,4.3753,1269,-1534,94.29,-111.43,20.07
14.020,-2.4260,1213.0,-2.7410,-1096.4,-4.5813,4.3753,1216,-1145,100.00,-120.00,20.07
14.040,-1.9288,964.4,-1.3330,-533.2,-4.7559,4.2862,1221,-1133,105.71,-125.71,20.07
14.060,-1.9288,964.4,-1.3330,-533.2,-4.7559,4.2862,1218,-1114,117.14,-134.29,20.07
14.080,-1.2483,624.1,0.2230,0.0,-4.7393,4.2172,1004,-680,120.00,-137.14,20.07
14.100,-1.2483,624.1,0.2230,0.0,-4.7393,4.2172,994,-580,128.57,-142.86,20.07
14.120,-1.2483,624.1,0.2230,0.0,-4.7393,4.2172,692,-178,131.43,-142.86,20.07
14.140,-0.4894,-0.0,1.8449,737.9,-4.5096,4.1669,690,-149,134.29,-142.86,20.07
14.160,-0.4894,-0.0,1.8449,737.9,-4.5096,4.1669,648,-66,140.00,-142.86,20.07
14.180,0.2324,-0.0,3.4039,1361.6,-4.0249,4.1097,103,454,140.00,-142.86,20.08
14.200,0.2324,-0.0,3.4039,1361.6,-4.0249,4.1097,87,549,140.00,-137.14,20.07
14.220,0.2324,-0.0,3.4039,1361.6,-4.0249,4.1097,73,1171,140.00,-134.29,20.09
14.240,0.8751,-437.5,4.6772,1870.9,-3.3065,4.0469,20,1071,142.86,-128.57,20.07
14.260,0.8751,-437.5,4.6772,1870.9,-3.3065,4.0469,-3,1184,142.86,-117.14,20.07
14.280,1.5087,-754.3,4.4190,1767.6,-2.3996,3.9815,-361,1763,140.00,-111.43,20.07
14.300,1.5087,-754.3,4.4190,1767.6,-2.3996,3.9815,-343,1763,137.14,-100.00,20.08
14.320,1.5087,-754.3,4.4190,1767.6,-2.3996,3.9815,-665,1735,134.29,-91.43,20.07
14.340,2.3290,-1164.5,2.1211,848.5,-1.3942,3.9263,-637,1778,131.43,-82.86,20.07
14.360,2.3290,-1164.5,2.1211,848.5,-1.3942,3.9263,-649,1787,125.71,-65.71,20.07
14.380,3.1452,-1572.6,-0.3374,0.0,-1.3942,3.9263,-913,1136,122.86,-62.86,20.07
14.400,3.1452,-1572.6,-0.3374,0.0,-0.2906,3.8234,-895,1004,117.14,-57.14,20.07
14.420,3.1452,-1572.6,-0.3374,0.0,-0.2906,3.8234,-1269,199,108.57,-57.14,20.08
14.440,3.8215,-1910.7,-2.6603,-1064.1,0.6888,3.7532,-1360,123,102.86,-57.14,20.08
14.460,3.8215,-1910.7,-2.6603,-1064.1,0.6888,3.7532,-1438,80,91.43,-54.29,20.08
14.480,4.1926,-2096.3,-4.6514,-1860.6,1.6260,3.6790,-1836,-699,85.71,-57.14,20.07
14.500,4.1926,-2096.3,-4.6514,-1860.6,1.6260,3.6790,-1802,-788,71.43,-62.86,20.07
14.520,4.1926,-2096.3,-4.6514,-1860.6,1.6260,3.6790,-1998,-1613,62.86,-68.57,20.07
14.540,4.2817,-2140.8,-5.8595,-2343.8,2.3393,3.6570,-2009,-1580,51.43,-77.14,20.07
14.560,4.2817,-2140.8,-5.8595,-2343.8,2.3393,3.6570,-2030,-1686,37.14,-91.43,20.07
14.580,3.9882,-1994.1,-4.2021,-1680.8,2.8262,3.7299,-2088,-2313,28.57,-100.00,20.08
14.600,3.9882,-1994.1,-4.2021,-1680.8,2.8262,3.7299,-2121,-2311,11.43,-117.14,20.08
14.620,3.9882,-1994.1,-4.2021,-1680.8,2.8262,3.7299,-1965,-1755,5.71,-122.86,20.07
14.640,3.3980,-1699.0,-1.0862,-434.5,3.0070,3.9569,-2021,-1738,-5.71,-134.29,20.07
14.660,3.3980,-1699.0,-1.0862,-434.5,3.0070,3.9569,-1983,-1714,-22.86,-145.71,20.07
14.680,2.5474,-1273.7,2.1538,861.5,2.8933,4.1459,-1686,-614,-28.57,-148.57,20.08
14.700,2.5474,-1273.7,2.1538,861.5,2.8933,4.1459,-1735,-619,-40.00,-154.29,20.08
14.720,2.5474,-1273.7,2.1538,861.5,2.8933,4.1459,-1356,594,-45.71,-151.43,20.08
14.740,1.4558,-727.9,5.2218,2088.7,2.5493,4.4431,-1356,455,-54.29,-148.57,20.08
14.760,1.4558,-727.9,5.2218,2088.7,2.5493,4.4431,-1302,539,-65.71,-145.71,20.08
14.780,0.2089,-0.0,7.0300,2812.0,2.0750,4.6496,-817,1737,-65.71,-140.00,20.08
14.800,0.2089,-0.0,7.0300,2812.0,2.0750,4.6496,-854,1815,-74.29,-125.71,20.08
14.820,0.2089,-0.0,7.0300,2812.0,2.0750,4.6496,-293,2673,-74.29,-114.29,20.08
14.840,-0.9063,453.1,4.6141,1845.6,1.4401,4.8010,-160,2686,-77.14,-100.00,20.08
14.860,-0.9063,453.1,4.6141,1845.6,1.4401,4.8010,-93,2789,-77.14,-77.14,20.08
14.880,-1.7593,879.6,0.9356,374.2,0.7556,4.8304,190,2016,-77.14,-71.43,20.08
14.900,-1.7593,879.6,0.9356,374.2,0.7556,4.8304,245,1926,-74.29,-57.14,20.08
14.920,-1.7593,879.6,0.9356,374.2,0.7556,4.8304,683,647,-71.43,-54.29,20.09
14.940,-2.3861,1193.0,-2.6251,-1050.0,-0.0065,4.9616,690,662,-68.57,-51.43,20.08
14.960,-2.3861,1193.0,-2.6251,-1050.0,-0.0065,4.9616,765,549,-62.86,-45.71,20.07
14.980,-2.7177,1358.8,-5.5012,-2200.5,-0.7561,5.1526,1097,-403,-57.14,-45.71,20.10
15.000,-2.7177,1358.8,-5.5012,-2200.5,-0.7561,5.1526,1133,-615,-48.57,-51.43,20.08
15.020,-2.7177,1358.8,-5.5012,-2200.5,-0.7561,5.1526,1266,-1853,-45.71,-57.14,20.10
15.040,-2.7530,1376.5,-4.4745,-1789.8,-1.4637,5.3167,1282,-1997,-37.14,-68.57,20.07
15.060,-2.7530,1376.5,-4.4745,-1789.8,-1.4637,5.3167,1312,-2142,-25.71,-85.71,20.07
15.080,-2.6238,1311.9,-0.5446,-217.8,-2.0824,5.5900,1333,-1744,-22.86,-91.43,20.07
15.100,-2.6238,1311.9,-0.5446,-217.8,-2.0824,5.5900,1309,-1781,-11.43,-105.71,20.08
15.120,-2.6238,1311.9,-0.5446,-217.8,-2.0824,5.5900,1225,-887,-8.57,-108.57,20.09
15.140,-2.3437,1171.8,3.6342,1453.7,-2.2422,5.6135,1248,-494,0.00,-111.43,20.09
15.160,-2.3437,1171.8,3.6342,1453.7,-2.2422,5.6135,1270,-400,11.43,-114.29,20.09
15.180,-1.7905,895.2,7.1926,2877.0,-2.0577,5.5458,1155,650,14.29,-111.43,20.08
15.200,-1.7905,895.2,7.1926,2877.0,-2.0577,5.5458,1153,952,22.86,-105.71,20.08
15.220,-1.7905,895.2,7.1926,2877.0,-2.0577,5.5458,879,2281,25.71,-97.14,20.08
15.240,-0.7699,385.0,6.1136,2445.4,-1.5285,5.4447,868,2601,31.43,-82.86,20.07
15.260,-0.7699,385.0,6.1136,2445.4,-1.5285,5.4447,853,2829,40.00,-60.00,20.08
15.280,0.0558,-0.0,1.2100,484.0,-0.7758,5.4590,430,2522,40.00,-51.43,20.09
15.300,0.0558,-0.0,1.2100,484.0,-0.7758,5.4590,503,2459,45.71,-31.43,20.07
15.320,0.0558,-0.0,1.2100,484.0,-0.7758,5.4590,280,1401,45.71,-25.71,20.08
15.340,0.8511,-425.5,-4.0044,-1601.7,-0.0328,5.5864,213,829,45.71,-22.86,20.08
15.360,0.8511,-425.5,-4.0044,-1601.7,-0.0328,5.5864,225,875,48.57,-17.14,20.07
15.380,1.5905,-795.2,-7.3009,-2920.4,0.5067,5.4943,-155,-639,48.57,-20.00,20.08
15.400,1.5905,-795.2,-7.3009,-2920.4,0.5067,5.4943,-202,-1134,45.71,-28.57,20.07
15.420,1.5905,-795.2,-7.3009,-2920.4,0.5067,5.4943,-617,-2676,42.86,-37.14,20.08
15.440,2.2105,-1105.2,-4.9357,-1974.3,0.8163,5.3932,-633,-2726,40.00,-51.43,20.08
15.460,2.2105,-1105.2,-4.9357,-1974.3,0.8163,5.3932,-690,-2798,34.29,-74.29,20.08
15.480,2.4823,-1241.1,-0.1780,0.0,0.7423,5.3739,-1032,-2011,31.43,-80.00,20.08
15.500,2.4823,-1241.1,-0.1780,0.0,0.7423,5.3739,-1025,-1994,22.86,-97.14,20.08
15.520,2.4823,-1241.1,-0.1780,0.0,0.7423,5.3739,-1174,-805,20.00,-100.00,20.08
15.540,2.2086,-1104.3,4.6796,1871.8,0.3918,5.3556,-1200,-373,11.43,-100.00,20.08
15.560,2.2086,-1104.3,4.6796,1871.8,0.3918,5.3556,-1217,-364,2.86,-102.86,20.08
15.580,1.1720,-586.0,7.2322,2892.9,-0.0655,5.5199,-1147,1130,0.00,-100.00,20.08
15.600,1.1720,-586.0,7.2322,2892.9,-0.0655,5.5199,-1191,1514,-11.43,-88.57,20.07
15.620,1.1720,-586.0,7.2322,2892.9,-0.0655,5.5199,-737,2688,-14.29,-80.00,20.08
15.640,-0.4244,-0.0,4.2773,1710.9,-0.5972,5.4691,-746,2764,-17.14,-65.71,20.08
15.660,-0.4244,-0.0,4.2773,1710.9,-0.5972,5.4691,-750,2786,-22.86,-42.86,20.09
15.680,-2.0741,1037.0,-0.2684,0.0,-0.9964,5.3298,-234,1882,-22.86,-34.29,20.09
15.700,-2.0741,1037.0,-0.2684,0.0,-0.9964,5.3298,-276,1794,-25.71,-22.86,20.09
15.720,-2.0741,1037.0,-0.2684,0.0,-0.9964,5.3298,757,343,-22.86,-20.00,20.07
15.740,-3.2994,1649.7,-4.5925,-1837.0,-1.2108,5.2884,712,337,-20.00,-17.14,20.08
15.760,-3.2994,1649.7,-4.5925,-1837.0,-1.2108,5.2884,851,306,-14.29,-14.29,20.08
15.780,-3.5398,1769.9,-6.8133,-2725.3,-1.1977,5.1833,1557,-1081,-8.57,-20.00,20.08
15.800,-3.5398,1769.9,-6.8133,-2725.3,-1.1977,5.1833,1493,-1479,2.86,-31.43,20.08
15.820,-3.5398,1769.9,-6.8133,-2725.3,-1.1977,5.1833,1662,-2567,11.43,-40.00,20.08
15.840,-2.5676,1283.8,-3.8612,-1544.5,-0.9871,5.3466,1687,-2616,20.00,-54.29,20.08
15.860,-2.5676,1283.8,-3.8612,-1544.5,-0.9871,5.3466,1745,-2635,34.29,-74.29,20.07
15.880,-0.8247,412.3,0.7371,294.9,-0.7234,5.3932,1292,-1702,37.14,-80.00,20.08
15.900,-0.8247,412.3,0.7371,294.9,-0.7234,5.3932,1346,-1590,48.57,-94.29,20.09
15.920,-0.8247,412.3,0.7371,294.9,-0.7234,5.3932,549,-276,51.43,-94.29,20.08
15.940,1.1328,-566.4,5.0209,2008.4,-0.4346,5.3450,561,-224,54.29,-94.29,20.08
15.960,1.1328,-566.4,5.0209,2008.4,-0.4346,5.3450,737,-64,60.00,-97.14,20.07
15.980,2.7017,-1350.8,6.5985,2639.4,-0.1880,5.4016,-242,1366,60.00,-91.43,20.07
16.000,2.7017,-1350.8,6.5985,2639.4,-0.1880,5.4016,-222,1743,57.14,-80.00,20.08
16.020,2.7017,-1350.8,6.5985,2639.4,-0.1880,5.4016,-1109,2525,54.29,-68.57,20.08
16.040,3.2145,-1607.3,2.5879,1035.2,0.0331,5.2779,-1049,2531,48.57,-54.29,20.07
16.060,3.2145,-1607.3,2.5879,1035.2,0.0331,5.2779,-1183,2560,40.00,-37.14,20.08
16.080,2.8059,-1403.0,-2.2190,-887.6,0.1733,5.3504,-1437,1229,34.29,-31.43,20.08
16.100,2.8059,-1403.0,-2.2190,-887.6,0.1733,5.3504,-1520,1151,22.86,-22.86,20.08
16.120,2.8059,-1403.0,-2.2190,-887.6,0.1733,5.3504,-1374,-272,17.14,-22.86,20.08
16.140,1.7000,-850.0,-6.5377,-2615.1,0.1551,5.3385,-1441,-288,8.57,-22.86,20.09
16.160,1.7000,-850.0,-6.5377,-2615.1,0.1551,5.3385,-1452,-460,-2.86,-25.71,20.08
16.180,0.6138,-306.9,-6.3566,-2542.6,0.0849,5.2698,-939,-2228,-5.71,-34.29,20.08
16.200,0.6138,-306.9,-6.3566,-2542.6,0.0849,5.2698,-928,-2395,-14.29,-54.29,20.08
16.220,0.6138,-306.9,-6.3566,-2542.6,0.0849,5.2698,-431,-2459,-14.29,-62.86,20.08
16.240,-0.1165,-0.0,-1.8276,-731.0,-0.2268,5.3265,-441,-2486,-17.14,-77.14,20.08
16.260,-0.1165,-0.0,-1.8276,-731.0,-0.2268,5.3265,-439,-2508,-20.00,-97.14,20.08
16.280,-0.6778,338.9,3.3125,1325.0,-0.4745,5.1902,-231,-1188,-22.86,-100.00,20.08
16.300,-0.6778,338.9,3.3125,1325.0,-0.4745,5.1902,-251,-973,-22.86,-108.57,20.08
16.320,-0.6778,338.9,3.3125,1325.0,-0.4745,5.1902,55,337,-22.86,-108.57,20.07
16.340,-1.0680,534.0,7.3785,2951.4,-0.7426,5.4101,114,694,-22.86,-102.86,20.08
16.360,-1.0680,534.0,7.3785,2951.4,-0.7426,5.4101,248,991,-22.86,-97.14,20.07
16.380,-1.3191,659.5,6.3644,2545.7,-0.9533,5.4926,421,2599,-20.00,-85.71,20.08
16.400,-1.3191,659.5,6.3644,2545.7,-0.9533,5.4926,469,2785,-17.14,-65.71,20.07
16.420,-1.3191,659.5,6.3644,2545.7,-0.9533,5.4926,593,2490,-14.29,-57.14,20.07
16.440,-1.4099,705.0,1.5737,629.5,-0.9207,5.2554,639,2505,-11.43,-42.86,20.07
16.460,-1.4099,705.0,1.5737,629.5,-0.9207,5.2554,701,2530,-5.71,-22.86,20.08
16.480,-1.1301,565.0,-3.2008,-1280.3,-0.7546,5.2839,830,1116,-2.86,-17.14,20.07
16.500,-1.1301,565.0,-3.2008,-1280.3,-0.7546,5.2839,764,851,2.86,-11.43,20.07
16.520,-1.1301,565.0,-3.2008,-1280.3,-0.7546,5.2839,641,-537,5.71,-14.29,20.08
16.540,-0.6398,319.9,-7.0856,-2834.2,-0.4879,5.2084,638,-717,11.43,-17.14,20.07
16.560,-0.6398,319.9,-7.0856,-2834.2,-0.4879,5.2084,705,-980,14.29,-22.86,20.09
16.580,0.3315,-0.0,-5.7930,-2317.2,-0.2110,5.2875,485,-2677,17.14,-34.29,20.08
16.600,0.3315,-0.0,-5.7930,-2317.2,-0.2110,5.2875,450,-2730,20.00,-54.29,20.07
16.620,0.3315,-0.0,-5.7930,-2317.2,-0.2110,5.2875,102,-2230,20.00,-62.86,20.08
16.640,1.3044,-652.2,-1.1354,-454.1,0.0635,5.3732,111,-2292,22.86,-74.29,20.08
16.660,1.3044,-652.2,-1.1354,-454.1,0.0635,5.3732,17,-2293,22.86,-91.43,20.07
16.680,1.8580,-929.0,3.8287,1531.5,0.1243,5.2804,-539,-886,20.00,-97.14,20.08
16.700,1.8580,-929.0,3.8287,1531.5,0.1243,5.2804,-483,-866,17.14,-102.86,20.08
16.720,1.8580,-929.0,3.8287,1531.5,0.1243,5.2804,-787,763,14.29,-100.00,20.07
16.740,1.7582,-879.1,7.0938,2837.5,0.0571,5.4005,-815,931,8.57,-94.29,20.08
