t_s,imu1_roll_deg,imu1_pitch_deg,imu2_roll_deg,imu2_pitch_deg,imu1_roll_rate_dps,imu1_pitch_rate_dps,imu2_roll_rate_dps,imu2_pitch_rate_dps,i_roll_erpm,i_pitch_erpm,d_roll_erpm,d_pitch_erpm,ff_roll_erpm,ff_pitch_erpm,cmd_roll_erpm,cmd_pitch_erpm,motor_roll_erpm,motor_pitch_erpm,motor_roll_amps,motor_pitch_amps,dt_ms,gain_event
0.0000,0.6821,2.1352,-0.3347,0.3354,0.000,0.000,0.045,0.000,0.0,0.0,0.0,0.0,0.0,0.0,-409.2,640.6,0,0,0.000,0.000,0.01,
0.0050,0.7386,2.1346,-0.2319,0.1875,0.000,0.000,0.027,0.000,0.1,0.2,0.0,0.0,0.0,0.0,-443.2,640.5,0,0,0.000,0.000,36.33,
0.0100,0.7386,2.1346,-0.2319,0.1875,0.000,0.000,0.016,0.000,0.1,0.2,0.0,0.0,0.0,0.0,-443.3,640.6,-313,534,0.590,0.950,15.57,
0.0150,0.7386,2.1346,-0.2319,0.1875,0.000,0.000,0.010,0.000,0.1,0.2,0.0,0.0,0.0,0.0,-443.3,640.6,-291,519,0.600,0.550,5.07,
0.0200,0.7386,2.1346,-0.2319,0.1875,0.000,0.000,0.006,0.000,0.1,0.3,0.0,0.0,0.0,0.0,-443.3,640.7,-248,459,0.830,0.740,5.06,
0.0250,0.7333,2.1199,-0.2319,0.1875,0.000,0.000,0.003,0.000,0.1,0.3,0.0,0.0,0.0,0.0,-440.1,636.3,-242,422,1.040,1.020,5.07,
0.0300,0.7333,2.1199,-0.2319,0.1875,0.000,0.000,0.002,0.000,0.2,0.3,0.0,0.0,0.0,0.0,-440.1,636.3,-276,429,1.080,1.140,5.81,
0.0350,0.7333,2.1199,-0.2319,0.1875,-0.050,-0.504,0.001,0.000,0.2,0.3,-0.5,-5.0,0.0,0.0,-439.6,631.3,-286,454,1.110,1.110,5.08,
0.0400,0.7333,2.1199,-0.2319,0.1875,-0.093,-0.932,0.001,0.000,0.2,0.4,-0.9,-9.3,0.0,0.0,-439.2,627.0,-274,498,1.300,0.880,6.33,
0.0450,0.7333,2.1199,-0.2319,0.1875,-0.130,-1.295,0.000,0.000,0.2,0.4,-1.3,-13.0,0.0,0.0,-438.9,623.4,-284,497,1.410,0.740,7.88,
0.0500,0.7333,2.1199,-0.2319,0.1875,-0.160,-1.605,0.000,0.000,0.2,0.4,-1.6,-16.0,0.0,0.0,-438.6,620.3,-295,504,1.510,0.700,5.08,
0.0550,0.7333,2.1199,-0.2319,0.1875,-0.187,-1.868,0.000,0.000,0.2,0.4,-1.9,-18.7,0.0,0.0,-438.3,617.8,-333,554,1.430,0.420,7.56,
0.0600,0.7333,2.1199,-0.2319,0.1875,-0.209,-2.091,0.000,0.000,0.2,0.5,-2.1,-20.9,0.0,0.0,-438.1,615.5,-329,572,1.380,0.180,5.07,
0.0650,0.7333,2.1199,-0.2319,0.1875,-0.228,-2.281,0.000,0.000,0.3,0.5,-2.3,-22.8,0.0,0.0,-437.9,613.7,-327,560,1.450,0.150,5.68,
0.0700,0.6887,1.8332,-0.2319,0.1875,-0.244,-2.442,0.000,0.000,0.3,0.5,-2.4,-24.4,0.0,0.0,-411.0,526.0,-332,547,1.440,0.240,5.08,
0.0750,0.6887,1.8332,-0.2319,0.1875,-0.610,-3.687,0.000,0.000,0.3,0.5,-6.1,-36.9,0.0,0.0,-407.4,513.6,-361,579,1.380,0.240,6.33,
0.0800,0.6887,1.8332,-0.2319,0.1875,-0.922,-4.746,0.000,0.000,0.3,0.6,-9.2,-47.5,0.0,0.0,-404.3,503.0,-372,573,1.020,0.080,5.06,
0.0850,0.6887,1.8332,-0.2320,0.1874,-1.186,-5.645,0.000,0.000,0.3,0.6,-11.9,-56.5,0.0,0.0,-401.7,494.1,-357,523,0.950,0.200,5.08,
0.0900,0.6887,1.8332,-0.2320,0.1874,-1.411,-6.410,0.000,0.000,0.3,0.6,-14.1,-64.1,0.0,0.0,-399.4,486.5,-355,474,0.910,0.550,8.71,
0.0950,0.6887,1.8332,-0.2320,0.1874,-1.602,-7.060,0.000,0.000,0.3,0.6,-16.0,-70.6,0.0,0.0,-397.5,480.0,-377,508,0.740,0.580,9.62,
0.1000,0.6887,1.8332,-0.2320,0.1874,-1.765,-7.612,0.000,0.000,0.3,0.7,-17.6,-76.1,0.0,0.0,-395.9,474.5,-387,500,0.570,0.640,5.08,
0.1050,0.6887,1.8332,-0.2320,0.1874,-1.903,-8.082,0.000,0.000,0.4,0.7,-19.0,-80.8,0.0,0.0,-394.6,469.8,-386,506,0.500,0.680,5.08,
0.1100,0.5208,1.3351,-0.2320,0.1874,-2.020,-8.481,0.000,0.000,0.4,0.7,-20.2,-84.8,0.0,0.0,-292.6,316.4,-392,516,0.420,0.690,5.07,
0.1150,0.5208,1.3351,-0.2320,0.1874,-2.473,-8.166,0.000,0.000,0.4,0.7,-24.7,-81.7,0.0,0.0,-288.1,319.6,-403,520,0.310,0.690,6.67,
0.1200,0.5208,1.3351,-0.2320,0.1874,-2.857,-7.898,0.000,0.000,0.4,0.7,-28.6,-79.0,0.0,0.0,-284.3,322.3,-342,437,0.120,0.500,6.27,
0.1250,0.5208,1.3351,-0.2321,0.1873,-3.184,-7.670,0.000,0.000,0.4,0.7,-31.8,-76.7,0.0,0.0,-281.0,324.6,-304,363,0.360,0.710,5.07,
0.1300,0.5208,1.3351,-0.2321,0.1873,-3.462,-7.476,0.000,0.000,0.4,0.8,-34.6,-74.8,0.0,0.0,-278.3,326.5,-362,359,0.310,0.860,14.10,
0.1350,0.5208,1.3351,-0.2321,0.1873,-3.698,-7.312,0.000,0.000,0.4,0.8,-37.0,-73.1,0.0,0.0,-275.9,328.2,-367,374,0.220,0.590,5.08,
0.1400,0.5208,1.3351,-0.2321,0.1873,-3.899,-7.172,0.000,0.000,0.4,0.8,-39.0,-71.7,0.0,0.0,-273.9,329.6,-353,358,0.320,0.510,5.58,
0.1450,0.2412,1.1336,-0.2321,0.1873,-4.069,-7.053,0.000,0.000,0.4,0.8,-40.7,-70.5,0.0,0.0,40.3,270.4,-341,332,0.420,0.530,5.08,
0.1500,0.2412,1.1336,-0.2321,0.1873,-4.214,-6.952,0.000,0.000,0.4,0.8,-42.1,-69.5,0.0,0.0,41.7,271.4,-340,305,0.510,0.560,6.20,
0.1550,0.2412,1.1336,-0.2321,0.1873,-4.354,-5.758,0.000,0.000,0.4,0.8,-43.5,-57.6,0.0,0.0,43.1,283.3,-341,309,0.220,0.400,5.08,
0.1600,0.2412,1.1336,-0.2322,0.1871,-4.473,-4.743,0.000,0.000,0.4,0.9,-44.7,-47.4,0.0,0.0,44.3,293.5,-132,296,0.080,0.290,6.16,
0.1650,0.2412,1.1336,-0.2322,0.1871,-4.574,-3.880,0.000,0.000,0.4,0.9,-45.7,-38.8,0.0,0.0,45.3,302.2,-61,278,0.520,0.290,8.88,
0.1700,0.2412,1.1336,-0.2322,0.1871,-4.660,-3.147,0.000,0.000,0.4,0.9,-46.6,-31.5,0.0,0.0,46.2,309.5,-73,261,0.490,0.310,9.04,
0.1750,0.2412,1.1336,-0.2322,0.1871,-4.733,-2.524,0.000,0.000,0.4,0.9,-47.3,-25.2,0.0,0.0,46.9,315.7,-66,252,0.460,0.400,5.08,
0.1800,0.2412,1.1336,-0.2322,0.1871,-4.796,-1.994,0.000,0.000,0.4,0.9,-48.0,-19.9,0.0,0.0,47.5,321.1,-42,274,0.480,0.410,5.89,
0.1850,0.0115,1.1702,-0.2322,0.1871,-4.848,-1.544,0.000,0.000,0.4,0.9,-48.5,-15.4,0.0,0.0,48.1,336.6,-32,290,0.520,0.260,5.08,
0.1900,0.0115,1.1702,-0.2322,0.1871,-4.893,-1.162,0.000,0.000,0.4,0.9,-48.9,-11.6,0.0,0.0,48.5,340.4,-16,302,0.520,0.260,6.35,
0.1950,0.0115,1.1702,-0.2322,0.1871,-4.529,-1.323,0.000,0.000,0.4,1.0,-45.3,-13.2,0.0,0.0,44.9,338.8,-13,308,0.530,0.270,5.07,
0.2000,0.0115,1.1702,-0.2373,0.1431,-4.219,-1.460,0.000,0.000,0.4,1.0,-42.2,-14.6,0.0,0.0,41.8,337.4,-4,323,0.510,0.290,6.65,
0.2050,0.0115,1.1702,-0.2373,0.1431,-3.955,-1.577,0.000,0.000,0.4,1.0,-39.6,-15.8,0.0,0.0,39.1,336.3,0,298,0.510,0.500,13.39,
0.2100,0.0115,1.1702,-0.2373,0.1431,-3.731,-1.676,0.000,0.000,0.4,1.0,-37.3,-16.8,0.0,0.0,36.9,335.3,0,306,0.500,0.620,5.07,
0.2150,0.0115,1.1702,-0.2373,0.1431,-3.541,-1.760,0.000,0.000,0.4,1.0,-35.4,-17.6,0.0,0.0,35.0,334.5,1,324,0.500,0.580,5.07,
0.2200,0.0115,1.1702,-0.2373,0.1431,-3.379,-1.832,0.000,0.000,0.4,1.0,-33.8,-18.3,0.0,0.0,33.4,333.8,0,350,0.400,0.520,5.07,
0.2250,-0.0571,0.9721,-0.2373,0.1431,-3.241,-1.893,0.000,0.000,0.4,1.1,-32.4,-18.9,0.0,0.0,32.0,273.8,0,362,0.280,0.510,5.07,
0.2300,-0.0571,0.9721,-0.2373,0.1431,-2.604,-2.667,0.000,0.000,0.4,1.1,-26.0,-26.7,0.0,0.0,25.6,266.0,2,344,0.470,0.590,6.85,
0.2350,-0.0571,0.9721,-0.2373,0.1431,-2.062,-3.324,0.000,0.000,0.4,1.1,-20.6,-33.2,0.0,0.0,20.2,259.5,2,292,0.460,0.660,6.54,
0.2400,-0.0571,0.9721,-0.2323,0.1870,-1.602,-3.883,0.000,0.000,0.4,1.1,-16.0,-38.8,0.0,0.0,15.6,253.9,0,282,0.450,0.790,6.70,
0.2450,-0.0571,0.9721,-0.2323,0.1870,-1.211,-4.358,0.000,0.000,0.4,1.1,-12.1,-43.6,0.0,0.0,11.7,249.2,0,295,0.440,0.760,5.07,
0.2500,-0.0571,0.9721,-0.2323,0.1870,-0.878,-4.762,0.000,0.000,0.4,1.1,-8.8,-47.6,0.0,0.0,8.3,245.1,0,293,0.450,0.740,8.02,
0.2550,-0.0571,0.9721,-0.2323,0.1870,-0.595,-5.105,0.000,0.000,0.4,1.1,-6.0,-51.1,0.0,0.0,5.5,241.7,0,282,0.440,0.780,5.08,
0.2600,-0.0571,0.9721,-0.2323,0.1870,-0.355,-5.397,0.000,0.000,0.4,1.1,-3.5,-54.0,0.0,0.0,3.1,238.8,0,255,0.460,0.850,5.61,
0.2650,0.0280,0.6652,-0.2323,0.1870,-0.151,-5.645,0.000,0.000,0.4,1.1,-1.5,-56.4,0.0,0.0,1.1,-55.3,0,247,0.460,0.940,5.08,
0.2700,0.0280,0.6652,-0.2323,0.1870,0.023,-5.856,0.000,0.000,0.4,1.1,0.2,-58.6,0.0,0.0,-0.7,-57.4,-1,246,0.430,0.990,5.94,
0.2750,0.0280,0.6652,-0.2323,0.1870,0.456,-5.347,0.000,0.000,0.4,1.1,4.6,-53.5,0.0,0.0,-5.0,-52.3,0,211,0.470,0.060,5.08,
0.2800,0.0280,0.6652,-0.2324,0.1869,0.824,-4.914,0.000,0.000,0.4,1.1,8.2,-49.1,0.0,0.0,-8.7,-48.0,0,52,0.470,0.160,6.49,
0.2850,0.0280,0.6652,-0.2324,0.1869,1.137,-4.546,0.000,0.000,0.4,1.1,11.4,-45.5,0.0,0.0,-11.8,-44.3,0,21,0.490,0.780,14.25,
0.2900,0.0280,0.6652,-0.2324,0.1869,1.403,-4.233,0.000,0.000,0.4,1.1,14.0,-42.3,0.0,0.0,-14.5,-41.2,0,9,0.500,0.780,5.08,
0.2950,0.0280,0.6652,-0.2324,0.1869,1.629,-3.968,0.000,0.000,0.4,1.1,16.3,-39.7,0.0,0.0,-16.7,-38.5,14,1,0.550,0.780,5.07,
0.3000,0.1980,0.6568,-0.2324,0.1869,1.821,-3.742,0.000,0.000,0.4,1.1,18.2,-37.4,0.0,0.0,-18.6,-36.3,22,0,0.580,0.800,5.08,
0.3050,0.1980,0.6568,-0.2324,0.1869,1.984,-3.550,0.000,0.000,0.4,1.1,19.8,-35.5,0.0,0.0,-20.3,-34.4,26,-2,0.620,0.800,5.81,
0.3100,0.1980,0.6568,-0.2324,0.1869,2.257,-2.514,0.000,0.000,0.4,1.1,22.6,-25.1,0.0,0.0,-23.0,-24.0,28,-4,0.630,0.790,5.08,
0.3150,0.1980,0.6568,-0.2324,0.1869,2.489,-1.633,0.000,0.000,0.4,1.1,24.9,-16.3,0.0,0.0,-25.3,-15.2,33,-6,0.670,0.780,6.62,
0.3200,0.1980,0.6568,-0.2324,0.1868,2.687,-0.885,0.000,0.000,0.4,1.1,26.9,-8.8,0.0,0.0,-27.3,-7.7,36,-4,0.720,0.800,8.35,
0.3250,0.1980,0.6568,-0.2324,0.1868,2.854,-0.248,0.000,0.000,0.4,1.1,28.5,-2.5,0.0,0.0,-29.0,-1.3,34,-1,0.730,0.810,7.49,
0.3300,0.1980,0.6568,-0.2324,0.1868,2.997,0.292,0.000,0.000,0.4,1.1,30.0,2.9,0.0,0.0,-30.4,4.1,32,-2,0.740,0.840,5.07,
0.3350,0.1980,0.6568,-0.2324,0.1868,3.118,0.752,0.000,0.000,0.4,1.1,31.2,7.5,0.0,0.0,-31.6,8.7,28,-1,0.780,0.850,5.07,
0.3400,0.1980,0.6568,-0.2324,0.1868,3.221,1.143,0.000,0.000,0.4,1.1,32.2,11.4,0.0,0.0,-32.6,12.6,23,0,0.780,0.840,5.07,
0.3450,0.3518,0.7874,-0.2324,0.1868,3.309,1.475,0.000,0.000,0.4,1.1,33.1,14.8,0.0,0.0,-33.5,252.1,19,0,0.780,0.840,5.07,
0.3500,0.3518,0.7874,-0.2324,0.1868,2.947,1.153,0.000,0.000,0.4,1.2,29.5,11.5,0.0,0.0,-29.9,248.9,12,0,0.770,0.880,6.59,
0.3550,0.3518,0.7874,-0.2324,0.1868,2.639,0.879,0.000,0.000,0.4,1.2,26.4,8.8,0.0,0.0,-26.8,246.2,6,122,0.780,1.400,6.49,
0.3600,0.3518,0.7874,-0.2325,0.1867,2.377,0.647,0.000,0.000,0.4,1.2,23.8,6.5,0.0,0.0,-24.2,243.9,2,194,0.780,0.950,8.10,
0.3650,0.3518,0.7874,-0.2325,0.1867,2.155,0.449,0.000,0.000,0.4,1.2,21.6,4.5,0.0,0.0,-22.0,241.9,1,179,0.770,0.930,5.08,
0.3700,0.3518,0.7874,-0.2325,0.1867,1.966,0.281,0.000,0.000,0.4,1.2,19.7,2.8,0.0,0.0,-20.1,240.2,-3,186,0.770,0.970,9.04,
0.3750,0.3518,0.7874,-0.2325,0.1867,1.805,0.138,0.000,0.000,0.4,1.2,18.1,1.4,0.0,0.0,-18.5,238.8,-8,202,0.760,0.900,5.08,
0.3800,0.3518,0.7874,-0.2325,0.1867,1.669,0.017,0.000,0.000,0.4,1.2,16.7,0.2,0.0,0.0,-17.1,237.6,-13,208,0.740,0.830,5.19,
0.3850,0.3415,0.6947,-0.2325,0.1867,1.553,-0.087,0.000,0.000,0.4,1.2,15.5,-0.9,0.0,0.0,-16.0,0.4,-19,204,0.720,0.810,5.08,
0.3900,0.3415,0.6947,-0.2325,0.1867,0.900,-0.745,0.000,0.000,0.4,1.2,9.0,-7.4,0.0,0.0,-9.4,-6.2,-28,202,0.700,0.810,6.68,
0.3950,0.3415,0.6947,-0.2326,0.1866,0.346,-1.305,0.000,0.000,0.4,1.2,3.5,-13.0,0.0,0.0,-3.9,-11.8,-36,133,0.670,0.370,6.76,
0.4000,0.3415,0.6947,-0.2326,0.1866,-0.126,-1.780,0.000,0.000,0.4,1.2,-1.3,-17.8,0.0,0.0,0.8,-16.6,-43,28,0.630,0.530,7.12,
0.4050,0.3415,0.6947,-0.2326,0.1866,-0.527,-2.185,0.000,0.000,0.4,1.2,-5.3,-21.8,0.0,0.0,4.8,-20.6,-47,24,0.590,0.610,5.07,
0.4100,0.3415,0.6947,-0.2326,0.1866,-0.867,-2.528,0.000,0.000,0.4,1.2,-8.7,-25.3,0.0,0.0,8.2,-24.1,-53,18,0.570,0.570,8.01,
0.4150,0.3415,0.6947,-0.2326,0.1866,-1.157,-2.821,0.000,0.000,0.4,1.2,-11.6,-28.2,0.0,0.0,11.1,-27.0,-54,14,0.550,0.570,5.07,
0.4200,0.3415,0.6947,-0.2326,0.1866,-1.403,-3.069,0.000,0.000,0.4,1.2,-14.0,-30.7,0.0,0.0,13.6,-29.5,-49,6,0.530,0.560,5.07,
0.4250,0.2056,0.5310,-0.2326,0.1866,-1.612,-3.280,0.000,0.000,0.4,1.2,-16.1,-32.8,0.0,0.0,15.7,-31.6,-39,3,0.540,0.570,5.07,
0.4300,0.2056,0.5310,-0.2326,0.1866,-1.706,-2.721,0.000,0.000,0.4,1.2,-17.1,-27.2,0.0,0.0,16.6,-26.0,-25,1,0.560,0.550,6.30,
0.4350,0.2056,0.5310,-0.2326,0.1866,-1.786,-2.246,0.000,0.000,0.4,1.2,-17.9,-22.5,0.0,0.0,17.4,-21.2,-20,0,0.570,0.530,5.24,
0.4400,0.2056,0.5310,-0.2326,0.1866,-1.854,-1.842,0.000,0.000,0.4,1.2,-18.5,-18.4,0.0,0.0,18.1,-17.2,-17,0,0.570,0.540,5.07,
0.4450,0.2056,0.5310,-0.2326,0.1866,-1.911,-1.498,0.000,0.000,0.4,1.2,-19.1,-15.0,0.0,0.0,18.7,-13.8,-10,0,0.560,0.540,8.52,
0.4500,0.2056,0.5310,-0.2326,0.1866,-1.960,-1.206,0.000,0.000,0.4,1.2,-19.6,-12.1,0.0,0.0,19.2,-10.8,-6,-3,0.580,0.550,7.74,
0.4550,0.2056,0.5310,-0.2326,0.1866,-2.002,-0.958,0.000,0.000,0.4,1.2,-20.0,-9.6,0.0,0.0,19.6,-8.4,-4,-3,0.560,0.560,5.08,
0.4600,0.2056,0.5310,-0.2326,0.1866,-2.037,-0.747,0.000,0.000,0.4,1.2,-20.4,-7.5,0.0,0.0,19.9,-6.3,-1,-3,0.560,0.570,5.62,
0.4650,0.1171,0.6263,-0.2326,0.1866,-2.068,-0.568,0.000,0.000,0.4,1.2,-20.7,-5.7,0.0,0.0,20.2,-4.5,0,-3,0.540,0.570,5.08,
0.4700,0.1171,0.6263,-0.2326,0.1866,-2.093,-0.416,0.000,0.000,0.4,1.2,-20.9,-4.2,0.0,0.0,20.5,-2.9,0,-3,0.550,0.590,6.29,
0.4750,0.1171,0.6263,-0.2326,0.1866,-1.880,0.117,0.000,0.000,0.4,1.2,-18.8,1.2,0.0,0.0,18.4,2.4,0,-4,0.540,0.590,5.07,
0.4800,0.1171,0.6263,-0.2326,0.1866,-1.699,0.569,0.000,0.000,0.4,1.2,-17.0,5.7,0.0,0.0,16.6,6.9,1,-2,0.530,0.590,6.49,
0.4850,0.1171,0.6263,-0.2326,0.1866,-1.545,0.954,0.000,0.000,0.4,1.2,-15.4,9.5,0.0,0.0,15.0,10.8,1,0,0.530,0.590,9.58,
0.4900,0.1171,0.6263,-0.2326,0.1866,-1.414,1.281,0.000,0.000,0.4,1.2,-14.1,12.8,0.0,0.0,13.7,14.0,0,0,0.530,0.600,9.07,
0.4950,0.1171,0.6263,-0.2326,0.1866,-1.302,1.559,0.000,0.000,0.4,1.2,-13.0,15.6,0.0,0.0,12.6,16.8,1,0,0.520,0.610,5.08,
0.5000,0.1171,0.6263,-0.2326,0.1866,-1.208,1.795,0.000,0.000,0.4,1.2,-12.1,17.9,0.0,0.0,11.6,19.2,0,0,0.530,0.630,5.02,
0.5050,0.1274,0.7190,-0.2326,0.1866,-1.127,1.996,0.000,0.000,0.4,1.2,-11.3,20.0,0.0,0.0,10.8,236.9,0,0,0.530,0.650,5.15,
0.5100,0.1274,0.7190,-0.2326,0.1866,-0.723,1.377,0.000,0.000,0.4,1.2,-7.2,13.8,0.0,0.0,6.8,230.7,1,2,0.520,0.650,6.29,
0.5150,0.1274,0.7190,-0.2326,0.1866,-0.380,0.852,0.000,0.000,0.4,1.2,-3.8,8.5,0.0,0.0,3.4,225.5,0,60,0.530,1.180,5.23,
0.5200,0.1274,0.7190,-0.2326,0.1866,-0.088,0.405,0.000,0.000,0.4,1.2,-0.9,4.1,0.0,0.0,0.4,221.0,0,146,0.520,0.910,5.07,
0.5250,0.1274,0.7190,-0.2326,0.1866,0.160,0.025,0.000,0.000,0.4,1.3,1.6,0.3,0.0,0.0,-2.0,217.2,0,190,0.530,0.540,8.91,
0.5300,0.1274,0.7190,-0.2326,0.1866,0.371,-0.297,0.000,0.000,0.4,1.3,3.7,-3.0,0.0,0.0,-4.1,214.0,7,191,0.530,0.470,9.72,
0.5350,0.1274,0.7190,-0.2326,0.1866,0.551,-0.572,0.000,0.000,0.4,1.3,5.5,-5.7,0.0,0.0,-5.9,211.3,13,199,0.560,0.390,5.08,
0.5400,0.1274,0.7190,-0.2326,0.1866,0.703,-0.805,0.000,0.000,0.4,1.3,7.0,-8.0,0.0,0.0,-7.5,208.9,15,201,0.590,0.330,5.02,
0.5450,0.2479,0.5922,-0.2326,0.1866,0.833,-1.003,0.000,0.000,0.4,1.3,8.3,-10.0,0.0,0.0,-8.8,-8.7,15,198,0.600,0.300,5.08,
0.5500,0.2479,0.5922,-0.2326,0.1866,1.178,-1.356,0.000,0.000,0.4,1.3,11.8,-13.6,0.0,0.0,-12.2,-12.3,18,187,0.610,0.280,6.69,
0.5550,0.2479,0.5922,-0.2326,0.1866,1.471,-1.656,0.000,0.000,0.4,1.3,14.7,-16.6,0.0,0.0,-15.1,-15.3,26,85,0.640,0.030,6.42,
0.5600,0.2479,0.5922,-0.2327,0.1865,1.720,-1.911,0.000,0.000,0.4,1.3,17.2,-19.1,0.0,0.0,-17.6,-17.8,30,15,0.680,0.160,8.08,
0.5650,0.2479,0.5922,-0.2327,0.1865,1.932,-2.128,0.000,0.000,0.4,1.3,19.3,-21.3,0.0,0.0,-19.8,-20.0,27,20,0.700,0.170,5.08,
0.5700,0.2479,0.5922,-0.2327,0.1865,2.113,-2.313,0.000,0.000,0.4,1.3,21.1,-23.1,0.0,0.0,-21.6,-21.8,18,8,0.690,0.170,9.08,
0.5750,0.2479,0.5922,-0.2327,0.1865,2.266,-2.469,0.000,0.000,0.4,1.3,22.7,-24.7,0.0,0.0,-23.1,-23.4,17,4,0.700,0.170,5.07,
0.5800,0.2479,0.5922,-0.2327,0.1865,2.396,-2.602,0.000,0.000,0.4,1.3,24.0,-26.0,0.0,0.0,-24.4,-24.7,15,1,0.700,0.170,5.08,
0.5850,0.3674,0.4724,-0.2327,0.1865,2.506,-2.716,0.000,0.000,0.4,1.3,25.1,-27.2,0.0,0.0,-25.5,-25.9,13,0,0.720,0.150,5.07,
0.5900,0.3674,0.4724,-0.2327,0.1865,2.198,-2.308,0.000,0.000,0.4,1.3,22.0,-23.1,0.0,0.0,-22.4,-21.8,11,0,0.730,0.150,6.75,
0.5950,0.3674,0.4724,-0.2327,0.1865,1.935,-1.962,0.000,0.000,0.4,1.3,19.4,-19.6,0.0,0.0,-19.8,-18.3,5,-1,0.710,0.120,6.59,
0.6000,0.3674,0.4724,-0.2327,0.1865,1.712,-1.668,0.000,0.000,0.4,1.3,17.1,-16.7,0.0,0.0,-17.6,-15.4,2,0,0.720,0.130,7.48,
0.6050,0.3674,0.4724,-0.2327,0.1865,1.522,-1.418,0.000,0.000,0.4,1.3,15.2,-14.2,0.0,0.0,-15.7,-12.9,1,-1,0.710,0.140,5.08,
0.6100,0.3674,0.4724,-0.2327,0.1865,1.361,-1.205,0.000,0.000,0.4,1.3,13.6,-12.0,0.0,0.0,-14.0,-10.8,0,-2,0.710,0.140,9.08,
0.6150,0.3674,0.4724,-0.2327,0.1865,1.224,-1.024,0.000,0.000,0.4,1.3,12.2,-10.2,0.0,0.0,-12.7,-9.0,-1,-3,0.700,0.130,5.08,
0.6200,0.3674,0.4724,-0.2327,0.1865,1.108,-0.871,0.000,0.000,0.4,1.3,11.1,-8.7,0.0,0.0,-11.5,-7.4,-6,-2,0.700,0.140,5.07,
0.6250,0.3385,0.5394,-0.2327,0.1865,1.009,-0.740,0.000,0.000,0.4,1.3,10.1,-7.4,0.0,0.0,-10.5,-6.1,-10,-2,0.690,0.140,5.08,
0.6300,0.3385,0.5394,-0.2327,0.1865,0.538,-0.293,0.000,0.000,0.4,1.3,5.4,-2.9,0.0,0.0,-5.8,-1.6,-17,-2,0.680,0.140,6.79,
0.6350,0.3385,0.5394,-0.2327,0.1865,0.139,0.086,0.000,0.000,0.4,1.3,1.4,0.9,0.0,0.0,-1.8,2.2,-20,-2,0.660,0.160,6.35,
0.6400,0.3385,0.5394,-0.2328,0.1864,-0.201,0.409,0.000,0.000,0.4,1.3,-2.0,4.1,0.0,0.0,1.6,5.4,-20,-1,0.670,0.140,5.08,
0.6450,0.3385,0.5394,-0.2328,0.1864,-0.490,0.684,0.000,0.000,0.4,1.3,-4.9,6.8,0.0,0.0,4.5,8.1,-27,-1,0.630,0.150,12.96,
0.6500,0.3385,0.5394,-0.2328,0.1864,-0.735,0.917,0.000,0.000,0.4,1.3,-7.4,9.2,0.0,0.0,6.9,10.5,-32,-1,0.590,0.180,5.06,
0.6550,0.3385,0.5394,-0.2328,0.1864,-0.944,1.115,0.000,0.000,0.4,1.3,-9.4,11.1,0.0,0.0,9.0,12.4,-35,0,0.580,0.190,5.06,
0.6600,0.2160,0.6237,-0.2328,0.1864,-1.121,1.283,0.000,0.000,0.4,1.3,-11.2,12.8,0.0,0.0,10.8,14.1,-35,0,0.550,0.190,5.07,
0.6650,0.2160,0.6237,-0.2328,0.1864,-1.272,1.427,0.000,0.000,0.4,1.3,-12.7,14.3,0.0,0.0,12.3,15.6,-26,0,0.560,0.210,6.56,
0.6700,0.2160,0.6237,-0.2328,0.1864,-1.350,1.028,0.000,0.000,0.4,1.3,-13.5,10.3,0.0,0.0,13.1,11.6,-21,1,0.580,0.210,5.08,
0.6750,0.2160,0.6237,-0.2362,0.2357,-1.416,0.689,0.000,0.000,0.4,1.3,-14.2,6.9,0.0,0.0,13.7,8.2,-12,1,0.580,0.210,6.86,
0.6800,0.2160,0.6237,-0.2362,0.2357,-1.472,0.401,0.000,0.000,0.4,1.3,-14.7,4.0,0.0,0.0,14.3,5.3,-8,0,0.580,0.210,8.95,
0.6850,0.2160,0.6237,-0.2362,0.2357,-1.520,0.156,0.000,0.000,0.4,1.3,-15.2,1.6,0.0,0.0,14.8,2.9,-5,0,0.590,0.200,9.25,
0.6900,0.2160,0.6237,-0.2362,0.2357,-1.560,-0.052,0.000,0.000,0.4,1.3,-15.6,-0.5,0.0,0.0,15.2,0.8,-3,1,0.590,0.210,5.08,
0.6950,0.2160,0.6237,-0.2362,0.2357,-1.595,-0.229,0.000,0.000,0.4,1.3,-15.9,-2.3,0.0,0.0,15.5,-1.0,-1,1,0.580,0.200,5.61,
0.7000,0.1460,0.5592,-0.2362,0.2357,-1.624,-0.379,0.000,0.000,0.4,1.3,-16.2,-3.8,0.0,0.0,15.8,-2.5,0,2,0.590,0.200,5.08,
0.7050,0.1460,0.5592,-0.2362,0.2357,-1.347,-0.456,0.000,0.000,0.4,1.3,-13.5,-4.6,0.0,0.0,13.0,-3.3,0,0,0.570,0.180,6.29,
0.7100,0.1460,0.5592,-0.2362,0.2357,-1.111,-0.522,0.000,0.000,0.4,1.3,-11.1,-5.2,0.0,0.0,10.7,-3.9,0,0,0.570,0.190,5.06,
0.7150,0.1460,0.5592,-0.2362,0.2357,-0.911,-0.578,0.000,0.000,0.4,1.3,-9.1,-5.8,0.0,0.0,8.7,-4.5,0,0,0.560,0.170,5.06,
0.7200,0.1460,0.5592,-0.2362,0.2357,-0.741,-0.626,0.000,0.000,0.4,1.3,-7.4,-6.3,0.0,0.0,7.0,-5.0,0,0,0.560,0.170,7.98,
0.7250,0.1460,0.5592,-0.2362,0.2357,-0.596,-0.666,0.000,0.000,0.4,1.3,-6.0,-6.7,0.0,0.0,5.5,-5.4,0,0,0.570,0.170,8.56,
0.7300,0.1460,0.5592,-0.2362,0.2357,-0.473,-0.701,0.000,0.000,0.4,1.3,-4.7,-7.0,0.0,0.0,4.3,-5.7,0,0,0.550,0.190,5.08,
0.7350,0.1460,0.5592,-0.2362,0.2357,-0.369,-0.730,0.000,0.000,0.4,1.3,-3.7,-7.3,0.0,0.0,3.3,-6.0,0,0,0.570,0.170,5.60,
0.7400,0.1599,0.5609,-0.2362,0.2357,-0.280,-0.755,0.000,0.000,0.4,1.3,-2.8,-7.5,0.0,0.0,2.4,-6.3,0,0,0.570,0.150,5.07,
0.7450,0.1599,0.5609,-0.2362,0.2357,-0.204,-0.776,0.000,0.000,0.4,1.3,-2.0,-7.8,0.0,0.0,1.6,-6.5,0,0,0.560,0.170,6.48,
0.7500,0.1599,0.5609,-0.2362,0.2357,0.045,-0.441,0.000,0.000,0.4,1.3,0.4,-4.4,0.0,0.0,-0.9,-3.1,2,0,0.580,0.160,5.08,
0.7550,0.1599,0.5609,-0.2362,0.2356,0.256,-0.157,0.000,0.000,0.4,1.3,2.6,-1.6,0.0,0.0,-3.0,-0.3,10,0,0.590,0.160,6.17,
0.7600,0.1599,0.5609,-0.2362,0.2356,0.436,0.085,0.000,0.000,0.4,1.3,4.4,0.8,0.0,0.0,-4.8,2.1,12,0,0.620,0.180,8.85,
0.7650,0.1599,0.5609,-0.2362,0.2356,0.589,0.290,0.000,0.000,0.4,1.3,5.9,2.9,0.0,0.0,-6.3,4.2,14,-1,0.630,0.170,9.20,
0.7700,0.1599,0.5609,-0.2362,0.2356,0.719,0.465,0.000,0.000,0.4,1.3,7.2,4.7,0.0,0.0,-7.6,5.9,16,-1,0.640,0.180,5.08,
0.7750,0.1599,0.5609,-0.2362,0.2356,0.829,0.614,0.000,0.000,0.4,1.3,8.3,6.1,0.0,0.0,-8.7,7.4,19,0,0.650,0.190,5.61,
0.7800,0.2507,0.6277,-0.2362,0.2356,0.923,0.740,0.000,0.000,0.4,1.3,9.2,7.4,0.0,0.0,-9.7,8.7,21,0,0.650,0.180,5.08,
0.7850,0.2507,0.6277,-0.2362,0.2356,1.053,0.562,0.000,0.000,0.4,1.3,10.5,5.6,0.0,0.0,-11.0,6.9,21,0,0.680,0.190,6.65,
0.7900,0.2507,0.6277,-0.2362,0.2356,1.164,0.410,0.000,0.000,0.4,1.3,11.6,4.1,0.0,0.0,-12.1,5.4,18,0,0.680,0.190,5.60,
0.7950,0.2507,0.6277,-0.2363,0.2356,1.258,0.282,0.000,0.000,0.4,1.3,12.6,2.8,0.0,0.0,-13.0,4.1,16,0,0.680,0.210,5.08,
0.8000,0.2507,0.6277,-0.2363,0.2356,1.338,0.172,0.000,0.000,0.4,1.3,13.4,1.7,0.0,0.0,-13.8,3.0,11,0,0.680,0.200,7.89,
0.8050,0.2507,0.6277,-0.2363,0.2356,1.406,0.079,0.000,0.000,0.4,1.3,14.1,0.8,0.0,0.0,-14.5,2.1,9,0,0.690,0.190,7.64,
0.8100,0.2507,0.6277,-0.2363,0.2356,1.463,0.000,0.000,0.000,0.4,1.3,14.6,0.0,0.0,0.0,-15.1,1.3,8,0,0.700,0.190,5.08,
0.8150,0.2507,0.6277,-0.2363,0.2356,1.512,-0.067,0.000,0.000,0.4,1.3,15.1,-0.7,0.0,0.0,-15.6,0.6,4,1,0.690,0.200,5.60,
0.8200,0.3066,0.5709,-0.2363,0.2356,1.554,-0.124,0.000,0.000,0.4,1.3,15.5,-1.2,0.0,0.0,-16.0,0.0,2,0,0.690,0.190,5.08,
0.8250,0.3066,0.5709,-0.2363,0.2356,1.590,-0.173,0.000,0.000,0.4,1.3,15.9,-1.7,0.0,0.0,-16.3,-0.4,0,1,0.690,0.180,6.42,
0.8300,0.3066,0.5709,-0.2363,0.2356,1.301,-0.348,0.000,0.000,0.4,1.3,13.0,-3.5,0.0,0.0,-13.4,-2.2,0,1,0.690,0.160,5.08,
0.8350,0.3066,0.5709,-0.2363,0.2356,1.055,-0.497,0.000,0.000,0.4,1.3,10.6,-5.0,0.0,0.0,-11.0,-3.7,-2,1,0.700,0.190,6.17,
0.8400,0.3066,0.5709,-0.2363,0.2356,0.847,-0.624,0.000,0.000,0.4,1.3,8.5,-6.2,0.0,0.0,-8.9,-5.0,-6,1,0.700,0.180,9.60,
0.8450,0.3066,0.5709,-0.2363,0.2356,0.669,-0.732,0.000,0.000,0.4,1.3,6.7,-7.3,0.0,0.0,-7.1,-6.0,-12,0,0.680,0.170,9.19,
0.8500,0.3066,0.5709,-0.2363,0.2356,0.519,-0.824,0.000,0.000,0.4,1.3,5.2,-8.2,0.0,0.0,-5.6,-6.9,-13,0,0.670,0.170,5.08,
0.8550,0.3066,0.5709,-0.2363,0.2356,0.390,-0.902,0.000,0.000,0.4,1.3,3.9,-9.0,0.0,0.0,-4.3,-7.7,-14,0,0.660,0.160,5.62,
0.8600,0.2535,0.5436,-0.2363,0.2356,0.281,-0.968,0.000,0.000,0.4,1.3,2.8,-9.7,0.0,0.0,-3.2,-8.4,-14,0,0.650,0.160,5.07,
0.8650,0.2535,0.5436,-0.2363,0.2356,-0.029,-0.604,0.000,0.000,0.4,1.3,-0.3,-6.0,0.0,0.0,-0.1,-4.8,-17,0,0.660,0.150,6.68,
0.8700,0.2535,0.5436,-0.2363,0.2356,-0.293,-0.295,0.000,0.000,0.4,1.3,-2.9,-3.0,0.0,0.0,2.5,-1.7,-21,0,0.630,0.160,6.54,
0.8750,0.2535,0.5436,-0.2364,0.2355,-0.518,-0.033,0.000,0.000,0.4,1.3,-5.2,-0.3,0.0,0.0,4.7,1.0,-23,0,0.610,0.170,8.08,
0.8800,0.2535,0.5436,-0.2364,0.2355,-0.709,0.190,0.000,0.000,0.4,1.3,-7.1,1.9,0.0,0.0,6.7,3.2,-23,0,0.600,0.170,5.08,
0.8850,0.2535,0.5436,-0.2364,0.2355,-0.871,0.380,0.000,0.000,0.4,1.3,-8.7,3.8,0.0,0.0,8.3,5.1,-20,-1,0.590,0.170,9.00,
0.8900,0.2535,0.5436,-0.2364,0.2355,-1.009,0.541,0.000,0.000,0.4,1.3,-10.1,5.4,0.0,0.0,9.7,6.7,-18,0,0.590,0.190,5.08,
0.8950,0.2535,0.5436,-0.2364,0.2355,-1.126,0.678,0.000,0.000,0.4,1.3,-11.3,6.8,0.0,0.0,10.8,8.1,-16,0,0.580,0.180,5.08,
0.9000,0.1743,0.6189,-0.2364,0.2355,-1.226,0.795,0.000,0.000,0.4,1.3,-12.3,7.9,0.0,0.0,11.8,9.2,-14,0,0.590,0.190,5.08,
0.9050,0.1743,0.6189,-0.2364,0.2355,-1.143,0.776,0.000,0.000,0.4,1.3,-11.4,7.8,0.0,0.0,11.0,9.1,-9,0,0.590,0.200,6.82,
0.9100,0.1743,0.6189,-0.2364,0.2355,-1.072,0.760,0.000,0.000,0.4,1.3,-10.7,7.6,0.0,0.0,10.3,8.9,-6,0,0.580,0.200,6.54,
0.9150,0.1743,0.6189,-0.2364,0.2355,-1.012,0.747,0.000,0.000,0.4,1.3,-10.1,7.5,0.0,0.0,9.7,8.8,-4,0,0.590,0.220,6.74,
0.9200,0.1743,0.6189,-0.2364,0.2355,-0.961,0.736,0.000,0.000,0.4,1.3,-9.6,7.4,0.0,0.0,9.2,8.6,-3,0,0.600,0.220,5.07,
0.9250,0.1743,0.6189,-0.2364,0.2355,-0.917,0.726,0.000,0.000,0.4,1.3,-9.2,7.3,0.0,0.0,8.7,8.5,-2,0,0.580,0.210,7.96,
0.9300,0.1743,0.6189,-0.2364,0.2355,-0.881,0.718,0.000,0.000,0.4,1.3,-8.8,7.2,0.0,0.0,8.4,8.5,-1,0,0.570,0.220,5.07,
0.9350,0.1743,0.6189,-0.2364,0.2355,-0.849,0.711,0.000,0.000,0.4,1.3,-8.5,7.1,0.0,0.0,8.1,8.4,0,0,0.580,0.230,5.58,
0.9400,0.1629,0.5964,-0.2364,0.2355,-0.823,0.705,0.000,0.000,0.4,1.3,-8.2,7.1,0.0,0.0,7.8,8.3,0,0,0.580,0.230,5.08,
0.9450,0.1629,0.5964,-0.2364,0.2355,-0.548,0.364,0.000,0.000,0.4,1.3,-5.5,3.6,0.0,0.0,5.0,4.9,0,1,0.590,0.220,6.28,
0.9500,0.1629,0.5964,-0.2364,0.2355,-0.315,0.075,0.000,0.000,0.4,1.3,-3.1,0.7,0.0,0.0,2.7,2.0,1,2,0.580,0.220,5.06,
0.9550,0.1629,0.5964,-0.2788,0.2336,-0.116,-0.172,0.000,0.000,0.4,1.3,-1.2,-1.7,0.0,0.0,0.7,-0.4,3,1,0.600,0.210,5.06,
0.9600,0.1629,0.5964,-0.2788,0.2336,0.052,-0.381,0.000,0.000,0.4,1.3,0.5,-3.8,0.0,0.0,-1.0,-2.5,5,0,0.610,0.210,8.67,
0.9650,0.1629,0.5964,-0.2788,0.2336,0.195,-0.559,0.000,0.000,0.4,1.3,2.0,-5.6,0.0,0.0,-2.4,-4.3,7,0,0.610,0.210,8.41,
0.9700,0.1629,0.5964,-0.2788,0.2336,0.317,-0.710,0.000,0.000,0.4,1.3,3.2,-7.1,0.0,0.0,-3.6,-5.8,9,0,0.620,0.210,5.08,
0.9750,0.1629,0.5964,-0.2788,0.2336,0.421,-0.838,0.000,0.000,0.4,1.3,4.2,-8.4,0.0,0.0,-4.6,-7.1,11,0,0.630,0.210,5.64,
0.9800,0.2257,0.5404,-0.2788,0.2336,0.509,-0.948,0.000,0.000,0.4,1.3,5.1,-9.5,0.0,0.0,-5.5,-8.2,13,0,0.660,0.190,5.07,
0.9850,0.2257,0.5404,-0.2788,0.2336,0.583,-1.041,0.000,0.000,0.4,1.3,5.8,-10.4,0.0,0.0,-6.3,-9.1,14,0,0.650,0.190,6.28,
0.9900,0.2257,0.5404,-0.2788,0.2336,0.681,-0.817,0.000,0.000,0.4,1.3,6.8,-8.2,0.0,0.0,-7.2,-6.9,13,0,0.670,0.160,5.08,
0.9950,0.2257,0.5404,-0.2788,0.2336,0.763,-0.628,0.000,0.000,0.4,1.3,7.6,-6.3,0.0,0.0,-8.1,-5.0,12,0,0.670,0.180,6.37,
1.0000,0.2257,0.5404,-0.2788,0.2336,0.833,-0.466,0.000,0.000,0.4,1.3,8.3,-4.7,0.0,0.0,-8.8,-3.4,13,0,0.680,0.170,8.45,
1.0050,0.2257,0.5404,-0.2788,0.2336,0.893,-0.329,0.000,0.000,0.4,1.3,8.9,-3.3,0.0,0.0,-9.4,-2.0,12,0,0.700,0.160,8.26,
1.0100,0.2257,0.5404,-0.2788,0.2336,0.944,-0.213,0.000,0.000,0.4,1.3,9.4,-2.1,0.0,0.0,-9.9,-0.8,11,0,0.690,0.160,5.07,
1.0150,0.2257,0.5404,-0.2788,0.2336,0.987,-0.114,0.000,0.000,0.4,1.3,9.9,-1.1,0.0,0.0,-10.3,0.2,7,0,0.700,0.190,5.59,
1.0200,0.2719,0.5669,-0.2788,0.2336,1.023,-0.029,0.000,0.000,0.4,1.3,10.2,-0.3,0.0,0.0,-10.7,1.0,5,0,0.700,0.200,5.07,
1.0250,0.2719,0.5669,-0.2788,0.2336,1.055,0.042,0.000,0.000,0.4,1.3,10.5,0.4,0.0,0.0,-11.0,1.7,1,0,0.690,0.180,6.79,
1.0300,0.2719,0.5669,-0.2788,0.2336,0.930,0.120,0.000,0.000,0.4,1.3,9.3,1.2,0.0,0.0,-9.7,2.5,0,0,0.680,0.190,5.07,
1.0350,0.2719,0.5669,-0.2789,0.2336,0.824,0.186,0.000,0.000,0.4,1.3,8.2,1.9,0.0,0.0,-8.7,3.1,0,0,0.690,0.190,6.61,
1.0400,0.2719,0.5669,-0.2789,0.2336,0.734,0.242,0.000,0.000,0.4,1.3,7.3,2.4,0.0,0.0,-7.8,3.7,-1,0,0.690,0.190,13.95,
1.0450,0.2719,0.5669,-0.2789,0.2336,0.657,0.289,0.000,0.000,0.4,1.3,6.6,2.9,0.0,0.0,-7.0,4.2,-3,0,0.680,0.190,5.07,
1.0500,0.2719,0.5669,-0.2789,0.2336,0.592,0.330,0.000,0.000,0.4,1.3,5.9,3.3,0.0,0.0,-6.4,4.6,-5,0,0.680,0.210,5.07,
1.0550,0.2588,0.5583,-0.2789,0.2336,0.537,0.364,0.000,0.000,0.4,1.3,5.4,3.6,0.0,0.0,-5.8,4.9,-6,0,0.670,0.210,5.07,
1.0600,0.2588,0.5583,-0.2789,0.2336,0.490,0.394,0.000,0.000,0.4,1.3,4.9,3.9,0.0,0.0,-5.3,5.2,-8,0,0.670,0.200,5.33,
1.0650,0.2588,0.5583,-0.2789,0.2336,0.215,0.234,0.000,0.000,0.4,1.3,2.2,2.3,0.0,0.0,-2.6,3.6,-9,0,0.650,0.210,5.07,
1.0700,0.2588,0.5583,-0.2789,0.2336,-0.019,0.098,0.000,0.000,0.4,1.3,-0.2,1.0,0.0,0.0,-0.2,2.3,-13,0,0.650,0.220,5.94,
1.0750,0.2588,0.5583,-0.2364,0.2355,-0.217,-0.017,0.000,0.000,0.4,1.3,-2.2,-0.2,0.0,0.0,1.7,1.1,-14,0,0.640,0.210,5.07,
1.0800,0.2588,0.5583,-0.2364,0.2355,-0.386,-0.115,0.000,0.000,0.4,1.3,-3.9,-1.2,0.0,0.0,3.4,0.1,-14,0,0.630,0.200,13.35,
1.0850,0.2588,0.5583,-0.2364,0.2355,-0.530,-0.199,0.000,0.000,0.4,1.3,-5.3,-2.0,0.0,0.0,4.9,-0.7,-14,0,0.610,0.200,5.07,
1.0900,0.2588,0.5583,-0.2364,0.2355,-0.652,-0.270,0.000,0.000,0.4,1.3,-6.5,-2.7,0.0,0.0,6.1,-1.4,-14,0,0.620,0.220,5.07,
1.0950,0.2588,0.5583,-0.2364,0.2355,-0.755,-0.330,0.000,0.000,0.4,1.3,-7.6,-3.3,0.0,0.0,7.1,-2.0,-13,0,0.610,0.200,5.07,
1.1000,0.1987,0.5302,-0.2364,0.2355,-0.843,-0.381,0.000,0.000,0.4,1.3,-8.4,-3.8,0.0,0.0,8.0,-2.5,-11,0,0.610,0.190,5.78,
1.1050,0.1987,0.5302,-0.2364,0.2355,-0.834,-0.257,0.000,0.000,0.4,1.3,-8.3,-2.6,0.0,0.0,7.9,-1.3,-11,0,0.630,0.200,5.07,
1.1100,0.1987,0.5302,-0.2364,0.2355,-0.827,-0.151,0.000,0.000,0.4,1.3,-8.3,-1.5,0.0,0.0,7.8,-0.2,-8,0,0.600,0.210,6.60,
1.1150,0.1987,0.5302,-0.2364,0.2355,-0.820,-0.061,0.000,0.000,0.4,1.3,-8.2,-0.6,0.0,0.0,7.8,0.7,-6,0,0.610,0.210,7.68,
1.1200,0.1987,0.5302,-0.2364,0.2355,-0.815,0.015,0.000,0.000,0.4,1.3,-8.1,0.1,0.0,0.0,7.7,1.4,-6,0,0.610,0.210,5.07,
1.1250,0.1987,0.5302,-0.2364,0.2355,-0.810,0.080,0.000,0.000,0.4,1.3,-8.1,0.8,0.0,0.0,7.7,2.1,-3,0,0.610,0.210,9.03,
1.1300,0.1987,0.5302,-0.2364,0.2355,-0.806,0.135,0.000,0.000,0.4,1.3,-8.1,1.4,0.0,0.0,7.6,2.6,-1,0,0.610,0.200,5.07,
1.1350,0.1987,0.5302,-0.2364,0.2355,-0.803,0.182,0.000,0.000,0.4,1.3,-8.0,1.8,0.0,0.0,7.6,3.1,0,0,0.610,0.210,5.03,
1.1400,0.1816,0.5564,-0.2364,0.2355,-0.800,0.222,0.000,0.000,0.4,1.3,-8.0,2.2,0.0,0.0,7.6,3.5,0,0,0.620,0.200,5.07,
1.1450,0.1816,0.5564,-0.2364,0.2355,-0.579,0.239,0.000,0.000,0.4,1.3,-5.8,2.4,0.0,0.0,5.4,3.7,3,0,0.620,0.220,6.76,
1.1500,0.1816,0.5564,-0.2364,0.2355,-0.391,0.253,0.000,0.000,0.4,1.3,-3.9,2.5,0.0,0.0,3.5,3.8,5,0,0.630,0.210,6.31,
1.1550,0.1816,0.5564,-0.2364,0.2354,-0.232,0.266,0.000,0.000,0.4,1.3,-2.3,2.7,0.0,0.0,1.9,3.9,5,0,0.630,0.210,5.07,
1.1600,0.1816,0.5564,-0.2364,0.2354,-0.097,0.276,0.000,0.000,0.4,1.3,-1.0,2.8,0.0,0.0,0.5,4.1,6,0,0.640,0.220,12.17,
1.1650,0.1816,0.5564,-0.2364,0.2354,0.019,0.285,0.000,0.000,0.4,1.3,0.2,2.9,0.0,0.0,-0.6,4.1,8,0,0.630,0.190,5.07,
1.1700,0.1816,0.5564,-0.2364,0.2354,0.117,0.293,0.000,0.000,0.4,1.3,1.2,2.9,0.0,0.0,-1.6,4.2,8,0,0.650,0.210,5.07,
1.1750,0.1816,0.5564,-0.2364,0.2354,0.200,0.299,0.000,0.000,0.4,1.3,2.0,3.0,0.0,0.0,-2.4,4.3,8,0,0.640,0.220,5.07,
1.1800,0.2249,0.5473,-0.2364,0.2354,0.271,0.305,0.000,0.000,0.4,1.3,2.7,3.0,0.0,0.0,-3.1,4.3,8,0,0.660,0.240,5.80,
1.1850,0.2249,0.5473,-0.2364,0.2354,0.398,0.125,0.000,0.000,0.4,1.3,4.0,1.2,0.0,0.0,-4.4,2.5,8,0,0.660,0.220,5.07,
1.1900,0.2249,0.5473,-0.2364,0.2354,0.506,-0.028,0.000,0.000,0.4,1.3,5.1,-0.3,0.0,0.0,-5.5,1.0,8,0,0.650,0.220,5.24,
1.1950,0.2249,0.5473,-0.2364,0.2354,0.598,-0.158,0.000,0.000,0.4,1.3,6.0,-1.6,0.0,0.0,-6.4,-0.3,8,1,0.650,0.220,5.07,
1.2000,0.2249,0.5473,-0.2364,0.2354,0.676,-0.269,0.000,0.000,0.4,1.3,6.8,-2.7,0.0,0.0,-7.2,-1.4,8,0,0.690,0.230,8.89,
1.2050,0.2249,0.5473,-0.2364,0.2354,0.743,-0.363,0.000,0.000,0.4,1.3,7.4,-3.6,0.0,0.0,-7.9,-2.3,5,0,0.680,0.210,8.06,
1.2100,0.2249,0.5473,-0.2364,0.2354,0.799,-0.443,0.000,0.000,0.4,1.3,8.0,-4.4,0.0,0.0,-8.4,-3.1,5,0,0.680,0.180,5.07,
1.2150,0.2249,0.5473,-0.2364,0.2354,0.847,-0.511,0.000,0.000,0.4,1.3,8.5,-5.1,0.0,0.0,-8.9,-3.8,3,0,0.680,0.210,5.62,
1.2200,0.2575,0.5089,-0.2364,0.2354,0.888,-0.568,0.000,0.000,0.4,1.3,8.9,-5.7,0.0,0.0,-9.3,-4.4,2,0,0.680,0.190,5.07,
1.2250,0.2575,0.5089,-0.2364,0.2354,0.755,-0.466,0.000,0.000,0.4,1.3,7.5,-4.7,0.0,0.0,-8.0,-3.4,1,0,0.680,0.210,6.26,
1.2300,0.2575,0.5089,-0.2364,0.2354,0.641,-0.380,0.000,0.000,0.4,1.3,6.4,-3.8,0.0,0.0,-6.8,-2.5,0,0,0.680,0.220,5.06,
1.2350,0.2575,0.5089,-0.2365,0.2354,0.545,-0.306,0.000,0.000,0.4,1.3,5.5,-3.1,0.0,0.0,-5.9,-1.8,0,0,0.690,0.210,5.06,
1.2400,0.2575,0.5089,-0.2365,0.2354,0.463,-0.243,0.000,0.000,0.4,1.3,4.6,-2.4,0.0,0.0,-5.1,-1.1,0,0,0.690,0.200,8.63,
1.2450,0.2575,0.5089,-0.2365,0.2354,0.394,-0.190,0.000,0.000,0.4,1.3,3.9,-1.9,0.0,0.0,-4.4,-0.6,0,0,0.670,0.200,8.45,
1.2500,0.2575,0.5089,-0.2365,0.2354,0.335,-0.145,0.000,0.000,0.4,1.3,3.3,-1.4,0.0,0.0,-3.8,-0.2,-1,0,0.680,0.210,5.07,
1.2550,0.2575,0.5089,-0.2365,0.2354,0.285,-0.106,0.000,0.000,0.4,1.3,2.8,-1.1,0.0,0.0,-3.3,0.2,-2,0,0.670,0.210,5.60,
1.2600,0.2412,0.5281,-0.2365,0.2354,0.242,-0.073,0.000,0.000,0.4,1.3,2.4,-0.7,0.0,0.0,-2.9,0.6,-4,0,0.670,0.210,5.07,
1.2650,0.2412,0.5281,-0.2365,0.2354,0.206,-0.046,0.000,0.000,0.4,1.3,2.1,-0.5,0.0,0.0,-2.5,0.8,-5,0,0.670,0.210,6.31,
1.2700,0.2412,0.5281,-0.2365,0.2354,0.057,0.045,0.000,0.000,0.4,1.3,0.6,0.5,0.0,0.0,-1.0,1.7,-6,0,0.650,0.200,5.07,
1.2750,0.2412,0.5281,-0.2365,0.2354,-0.069,0.122,0.000,0.000,0.4,1.3,-0.7,1.2,0.0,0.0,0.3,2.5,-7,0,0.650,0.200,6.50,
1.2800,0.2412,0.5281,-0.2365,0.2354,-0.176,0.188,0.000,0.000,0.4,1.3,-1.8,1.9,0.0,0.0,1.3,3.2,-8,0,0.650,0.210,9.06,
1.2850,0.2412,0.5281,-0.2365,0.2354,-0.267,0.244,0.000,0.000,0.4,1.3,-2.7,2.4,0.0,0.0,2.2,3.7,-8,0,0.630,0.200,8.07,
1.2900,0.2412,0.5281,-0.2365,0.2354,-0.345,0.291,0.000,0.000,0.4,1.3,-3.4,2.9,0.0,0.0,3.0,4.2,-9,0,0.620,0.220,5.07,
1.2950,0.2412,0.5281,-0.2365,0.2354,-0.410,0.331,0.000,0.000,0.4,1.3,-4.1,3.3,0.0,0.0,3.7,4.6,-7,0,0.620,0.210,5.60,
1.3000,0.1979,0.5371,-0.2365,0.2354,-0.466,0.366,0.000,0.000,0.4,1.3,-4.7,3.7,0.0,0.0,4.2,4.9,-8,0,0.630,0.220,5.07,
1.3050,0.1979,0.5371,-0.2365,0.2354,-0.463,0.244,0.000,0.000,0.4,1.3,-4.6,2.4,0.0,0.0,4.2,3.7,-5,0,0.640,0.220,6.29,
1.3100,0.1979,0.5371,-0.2365,0.2354,-0.461,0.140,0.000,0.000,0.4,1.3,-4.6,1.4,0.0,0.0,4.2,2.7,-5,0,0.610,0.240,5.06,
1.3150,0.1979,0.5371,-0.2366,0.2353,-0.459,0.052,0.000,0.000,0.4,1.3,-4.6,0.5,0.0,0.0,4.2,1.8,-4,0,0.610,0.250,5.07,
1.3200,0.1979,0.5371,-0.2366,0.2353,-0.457,-0.023,0.000,0.000,0.4,1.3,-4.6,-0.2,0.0,0.0,4.1,1.1,-2,0,0.610,0.220,8.86,
1.3250,0.1979,0.5371,-0.2366,0.2353,-0.456,-0.087,0.000,0.000,0.4,1.3,-4.6,-0.9,0.0,0.0,4.1,0.4,-1,0,0.630,0.220,9.92,
1.3300,0.1979,0.5371,-0.2366,0.2353,-0.455,-0.141,0.000,0.000,0.4,1.3,-4.5,-1.4,0.0,0.0,4.1,-0.1,0,0,0.630,0.230,5.08,
1.3350,0.1979,0.5371,-0.2366,0.2353,-0.454,-0.187,0.000,0.000,0.4,1.3,-4.5,-1.9,0.0,0.0,4.1,-0.6,0,0,0.630,0.230,5.07,
1.3400,0.1865,0.5147,-0.2366,0.2353,-0.453,-0.226,0.000,0.000,0.4,1.3,-4.5,-2.3,0.0,0.0,4.1,-1.0,0,0,0.640,0.200,5.07,
1.3450,0.1865,0.5147,-0.2366,0.2353,-0.284,-0.209,0.000,0.000,0.4,1.3,-2.8,-2.1,0.0,0.0,2.4,-0.8,2,0,0.630,0.220,6.30,
1.3500,0.1865,0.5147,-0.2366,0.2353,-0.141,-0.194,0.000,0.000,0.4,1.3,-1.4,-1.9,0.0,0.0,1.0,-0.7,2,0,0.630,0.220,5.06,
1.3550,0.1865,0.5147,-0.2367,0.2352,-0.019,-0.182,0.000,0.000,0.4,1.3,-0.2,-1.8,0.0,0.0,-0.2,-0.5,3,0,0.640,0.230,5.07,
1.3600,0.1865,0.5147,-0.2367,0.2352,0.085,-0.171,0.000,0.000,0.4,1.3,0.8,-1.7,0.0,0.0,-1.3,-0.4,4,0,0.640,0.220,8.98,
1.3650,0.1865,0.5147,-0.2367,0.2352,0.173,-0.163,0.000,0.000,0.4,1.3,1.7,-1.6,0.0,0.0,-2.2,-0.3,6,0,0.660,0.230,9.02,
1.3700,0.1865,0.5147,-0.2367,0.2352,0.247,-0.155,0.000,0.000,0.4,1.3,2.5,-1.5,0.0,0.0,-2.9,-0.3,5,0,0.660,0.220,5.07,
1.3750,0.1865,0.5147,-0.2367,0.2352,0.311,-0.148,0.000,0.000,0.4,1.3,3.1,-1.5,0.0,0.0,-3.5,-0.2,5,0,0.670,0.230,5.59,
1.3800,0.2282,0.5195,-0.2367,0.2352,0.365,-0.143,0.000,0.000,0.4,1.3,3.7,-1.4,0.0,0.0,-4.1,-0.1,5,0,0.680,0.230,5.07,
1.3850,0.2282,0.5195,-0.2367,0.2352,0.411,-0.088,0.000,0.000,0.4,1.3,4.1,-0.9,0.0,0.0,-4.5,0.4,5,0,0.670,0.230,6.58,
1.3900,0.2282,0.5195,-0.2367,0.2352,0.450,-0.041,0.000,0.000,0.4,1.3,4.5,-0.4,0.0,0.0,-4.9,0.9,5,0,0.670,0.230,6.60,
1.3950,0.2282,0.5195,-0.2368,0.2351,0.483,-0.001,0.000,0.000,0.4,1.3,4.8,-0.0,0.0,0.0,-5.3,1.3,6,0,0.670,0.210,5.07,
1.4000,0.2282,0.5195,-0.2368,0.2351,0.512,0.032,0.000,0.000,0.4,1.3,5.1,0.3,0.0,0.0,-5.5,1.6,2,0,0.680,0.220,13.96,
1.4050,0.2282,0.5195,-0.2368,0.2351,0.536,0.061,0.000,0.000,0.4,1.3,5.4,0.6,0.0,0.0,-5.8,1.9,3,0,0.670,0.220,5.08,
1.4100,0.2282,0.5195,-0.2368,0.2351,0.556,0.085,0.000,0.000,0.4,1.3,5.6,0.9,0.0,0.0,-6.0,2.1,1,0,0.680,0.220,5.60,
1.4150,0.2498,0.5150,-0.2368,0.2351,0.573,0.106,0.000,0.000,0.4,1.3,5.7,1.1,0.0,0.0,-6.2,2.4,1,0,0.690,0.220,5.07,
1.4200,0.2498,0.5150,-0.2368,0.2351,0.588,0.124,0.000,0.000,0.4,1.3,5.9,1.2,0.0,0.0,-6.3,2.5,0,0,0.680,0.230,6.93,
1.4250,0.2498,0.5150,-0.2368,0.2351,0.483,0.038,0.000,0.000,0.4,1.3,4.8,0.4,0.0,0.0,-5.3,1.7,0,0,0.690,0.230,5.07,
1.4300,0.2498,0.5150,-0.2369,0.2350,0.394,-0.035,0.000,0.000,0.4,1.3,3.9,-0.3,0.0,0.0,-4.4,0.9,0,0,0.690,0.240,6.24,
1.4350,0.2498,0.5150,-0.2369,0.2350,0.318,-0.097,0.000,0.000,0.4,1.3,3.2,-1.0,0.0,0.0,-3.6,0.3,0,0,0.690,0.230,9.54,
1.4400,0.2498,0.5150,-0.2369,0.2350,0.253,-0.149,0.000,0.000,0.4,1.3,2.5,-1.5,0.0,0.0,-3.0,-0.2,0,0,0.680,0.230,9.17,
1.4450,0.2498,0.5150,-0.2369,0.2350,0.199,-0.194,0.000,0.000,0.4,1.3,2.0,-1.9,0.0,0.0,-2.4,-0.7,-2,0,0.690,0.230,5.07,
1.4500,0.2498,0.5150,-0.2369,0.2350,0.152,-0.232,0.000,0.000,0.4,1.3,1.5,-2.3,0.0,0.0,-2.0,-1.0,-4,0,0.680,0.220,5.07,
1.4550,0.2376,0.4995,-0.2369,0.2350,0.112,-0.264,0.000,0.000,0.4,1.3,1.1,-2.6,0.0,0.0,-1.6,-1.4,-3,0,0.670,0.210,5.07,
1.4600,0.2376,0.4995,-0.2369,0.2350,-0.022,-0.208,0.000,0.000,0.4,1.3,-0.2,-2.1,0.0,0.0,-0.2,-0.8,-4,0,0.680,0.220,6.76,
1.4650,0.2376,0.4995,-0.2369,0.2350,-0.136,-0.160,0.000,0.000,0.4,1.3,-1.4,-1.6,0.0,0.0,0.9,-0.3,-5,0,0.670,0.210,7.27,
1.4700,0.2376,0.4995,-0.2370,0.2349,-0.233,-0.119,0.000,0.000,0.4,1.3,-2.3,-1.2,0.0,0.0,1.9,0.1,-5,0,0.670,0.220,5.07,
1.4750,0.2376,0.4995,-0.2370,0.2349,-0.316,-0.085,0.000,0.000,0.4,1.3,-3.2,-0.8,0.0,0.0,2.7,0.4,-5,0,0.670,0.230,12.90,
1.4800,0.2376,0.4995,-0.2370,0.2349,-0.386,-0.055,0.000,0.000,0.4,1.3,-3.9,-0.6,0.0,0.0,3.4,0.7,-6,0,0.650,0.220,5.07,
1.4850,0.2376,0.4995,-0.2370,0.2349,-0.445,-0.030,0.000,0.000,0.4,1.3,-4.5,-0.3,0.0,0.0,4.0,1.0,-5,0,0.660,0.230,5.07,
1.4900,0.2012,0.5093,-0.2370,0.2349,-0.496,-0.009,0.000,0.000,0.4,1.3,-5.0,-0.1,0.0,0.0,4.5,1.2,-4,0,0.650,0.240,5.07,
1.4950,0.2012,0.5093,-0.2370,0.2349,-0.539,0.009,0.000,0.000,0.4,1.3,-5.4,0.1,0.0,0.0,5.0,1.4,-3,0,0.660,0.220,6.95,
1.5000,0.2012,0.5093,-0.2370,0.2349,-0.492,0.075,0.000,0.000,0.4,1.3,-4.9,0.8,0.0,0.0,4.5,2.0,-2,0,0.650,0.230,5.07,
1.5050,0.2012,0.5093,-0.2371,0.2348,-0.452,0.131,0.000,0.000,0.4,1.3,-4.5,1.3,0.0,0.0,4.1,2.6,-1,0,0.650,0.220,6.49,
1.5100,0.2012,0.5093,-0.2371,0.2348,-0.418,0.178,0.000,0.000,0.4,1.3,-4.2,1.8,0.0,0.0,3.7,3.1,-1,0,0.660,0.240,9.58,
1.5150,0.2012,0.5093,-0.2371,0.2348,-0.388,0.219,0.000,0.000,0.4,1.3,-3.9,2.2,0.0,0.0,3.5,3.5,0,0,0.650,0.240,9.24,
1.5200,0.2012,0.5093,-0.2371,0.2348,-0.364,0.253,0.000,0.000,0.4,1.3,-3.6,2.5,0.0,0.0,3.2,3.8,0,0,0.650,0.240,5.08,
1.5250,0.2012,0.5093,-0.2371,0.2348,-0.343,0.282,0.000,0.000,0.4,1.3,-3.4,2.8,0.0,0.0,3.0,4.1,0,0,0.640,0.240,5.64,
1.5300,0.2004,0.5163,-0.2371,0.2348,-0.325,0.307,0.000,0.000,0.4,1.3,-3.2,3.1,0.0,0.0,2.8,4.4,0,0,0.660,0.240,5.07,
1.5350,0.2004,0.5163,-0.2371,0.2348,-0.192,0.177,0.000,0.000,0.4,1.3,-1.9,1.8,0.0,0.0,1.5,3.1,2,0,0.640,0.230,6.72,
1.5400,0.2004,0.5163,-0.2371,0.2348,-0.079,0.067,0.000,0.000,0.4,1.3,-0.8,0.7,0.0,0.0,0.4,2.0,2,0,0.670,0.250,7.17,
1.5450,0.2004,0.5163,-0.2371,0.2348,0.016,-0.027,0.000,0.000,0.4,1.3,0.2,-0.3,0.0,0.0,-0.6,1.0,2,0,0.660,0.240,7.99,
1.5500,0.2004,0.5163,-0.2371,0.2348,0.098,-0.107,0.000,0.000,0.4,1.3,1.0,-1.1,0.0,0.0,-1.4,0.2,3,0,0.660,0.260,5.08,
1.5550,0.2004,0.5163,-0.2371,0.2348,0.167,-0.175,0.000,0.000,0.4,1.3,1.7,-1.7,0.0,0.0,-2.1,-0.5,3,0,0.670,0.240,7.68,
1.5600,0.2004,0.5163,-0.2371,0.2348,0.226,-0.233,0.000,0.000,0.4,1.3,2.3,-2.3,0.0,0.0,-2.7,-1.0,4,0,0.660,0.230,5.06,
1.5650,0.2004,0.5163,-0.2371,0.2348,0.276,-0.282,0.000,0.000,0.4,1.3,2.8,-2.8,0.0,0.0,-3.2,-1.5,3,0,0.680,0.240,5.07,
1.5700,0.2314,0.4917,-0.2371,0.2348,0.319,-0.323,0.000,0.000,0.4,1.3,3.2,-3.2,0.0,0.0,-3.6,-1.9,3,0,0.680,0.240,5.07,
1.5750,0.2314,0.4917,-0.2371,0.2348,0.338,-0.308,0.000,0.000,0.4,1.3,3.4,-3.1,0.0,0.0,-3.8,-1.8,4,0,0.680,0.240,6.59,
1.5800,0.2314,0.4917,-0.2371,0.2348,0.354,-0.296,0.000,0.000,0.4,1.3,3.5,-3.0,0.0,0.0,-4.0,-1.7,2,0,0.690,0.230,6.03,
1.5850,0.2314,0.4917,-0.2796,0.2326,0.368,-0.285,0.000,0.000,0.4,1.3,3.7,-2.8,0.0,0.0,-4.1,-1.6,2,0,0.670,0.240,5.08,
1.5900,0.2314,0.4917,-0.2796,0.2326,0.380,-0.276,0.000,0.000,0.4,1.3,3.8,-2.8,0.0,0.0,-4.2,-1.5,2,0,0.680,0.230,8.21,
1.5950,0.2314,0.4917,-0.2796,0.2326,0.390,-0.268,0.000,0.000,0.4,1.3,3.9,-2.7,0.0,0.0,-4.3,-1.4,1,0,0.670,0.240,8.03,
1.6000,0.2314,0.4917,-0.2796,0.2326,0.399,-0.261,0.000,0.000,0.4,1.3,4.0,-2.6,0.0,0.0,-4.4,-1.3,0,0,0.700,0.230,5.08,
1.6050,0.2314,0.4917,-0.2796,0.2326,0.406,-0.256,0.000,0.000,0.4,1.3,4.1,-2.6,0.0,0.0,-4.5,-1.3,1,0,0.680,0.240,5.64,
1.6100,0.2531,0.4872,-0.2796,0.2326,0.412,-0.251,0.000,0.000,0.4,1.3,4.1,-2.5,0.0,0.0,-4.6,-1.2,0,0,0.690,0.220,5.08,
1.6150,0.2531,0.4872,-0.2796,0.2326,0.334,-0.180,0.000,0.000,0.4,1.3,3.3,-1.8,0.0,0.0,-3.8,-0.5,0,0,0.690,0.240,6.34,
1.6200,0.2531,0.4872,-0.2796,0.2326,0.267,-0.119,0.000,0.000,0.4,1.3,2.7,-1.2,0.0,0.0,-3.1,0.1,0,0,0.690,0.230,5.06,
1.6250,0.2531,0.4872,-0.2797,0.2326,0.210,-0.068,0.000,0.000,0.4,1.3,2.1,-0.7,0.0,0.0,-2.5,0.6,0,0,0.690,0.260,5.07,
1.6300,0.2531,0.4872,-0.2797,0.2326,0.162,-0.024,0.000,0.000,0.4,1.3,1.6,-0.2,0.0,0.0,-2.1,1.0,0,0,0.680,0.240,8.73,
1.6350,0.2531,0.4872,-0.2797,0.2326,0.121,0.013,0.000,0.000,0.4,1.3,1.2,0.1,0.0,0.0,-1.6,1.4,-1,0,0.700,0.230,8.42,
1.6400,0.2531,0.4872,-0.2797,0.2326,0.086,0.045,0.000,0.000,0.4,1.3,0.9,0.4,0.0,0.0,-1.3,1.7,-2,0,0.690,0.240,5.08,
1.6450,0.2531,0.4872,-0.2797,0.2326,0.056,0.072,0.000,0.000,0.4,1.3,0.6,0.7,0.0,0.0,-1.0,2.0,-2,0,0.680,0.250,5.58,
1.6500,0.2384,0.4925,-0.2797,0.2326,0.031,0.094,0.000,0.000,0.4,1.3,0.3,0.9,0.0,0.0,-0.7,2.2,-2,0,0.670,0.230,5.07,
1.6550,0.2384,0.4925,-0.2797,0.2326,0.010,0.114,0.000,0.000,0.4,1.3,0.1,1.1,0.0,0.0,-0.5,2.4,-3,0,0.680,0.250,6.29,
1.6600,0.2384,0.4925,-0.2797,0.2326,-0.059,0.080,0.000,0.000,0.4,1.3,-0.6,0.8,0.0,0.0,0.2,2.1,-3,0,0.680,0.220,5.08,
1.6650,0.2384,0.4925,-0.2797,0.2325,-0.117,0.051,0.000,0.000,0.4,1.3,-1.2,0.5,0.0,0.0,0.7,1.8,-3,0,0.670,0.240,6.48,
1.6700,0.2384,0.4925,-0.2797,0.2325,-0.167,0.027,0.000,0.000,0.4,1.3,-1.7,0.3,0.0,0.0,1.2,1.6,-4,0,0.670,0.240,10.09,
1.6750,0.2384,0.4925,-0.2797,0.2325,-0.209,0.006,0.000,0.000,0.4,1.3,-2.1,0.1,0.0,0.0,1.7,1.3,-4,0,0.670,0.240,9.04,
1.6800,0.2384,0.4925,-0.2797,0.2325,-0.245,-0.012,0.000,0.000,0.4,1.3,-2.4,-0.1,0.0,0.0,2.0,1.2,-4,0,0.670,0.240,5.07,
1.6850,0.2384,0.4925,-0.2797,0.2325,-0.275,-0.027,0.000,0.000,0.4,1.3,-2.8,-0.3,0.0,0.0,2.3,1.0,-3,0,0.680,0.240,5.07,
1.6900,0.2183,0.4831,-0.2797,0.2325,-0.301,-0.040,0.000,0.000,0.4,1.3,-3.0,-0.4,0.0,0.0,2.6,0.9,-1,0,0.670,0.230,5.17,
1.6950,0.2183,0.4831,-0.2797,0.2325,-0.306,-0.050,0.000,0.000,0.4,1.3,-3.1,-0.5,0.0,0.0,2.6,0.8,-2,0,0.660,0.240,5.08,
1.7000,0.2183,0.4831,-0.2797,0.2325,-0.311,-0.060,0.000,0.000,0.4,1.3,-3.1,-0.6,0.0,0.0,2.7,0.7,0,0,0.670,0.230,5.92,
1.7050,0.2183,0.4831,-0.2305,0.2360,-0.314,-0.067,0.000,0.000,0.4,1.3,-3.1,-0.7,0.0,0.0,2.7,0.6,0,0,0.660,0.240,5.08,
1.7100,0.2183,0.4831,-0.2305,0.2360,-0.318,-0.074,0.000,0.000,0.4,1.3,-3.2,-0.7,0.0,0.0,2.7,0.5,0,0,0.670,0.250,13.25,
1.7150,0.2183,0.4831,-0.2305,0.2360,-0.320,-0.080,0.000,0.000,0.4,1.3,-3.2,-0.8,0.0,0.0,2.8,0.5,0,0,0.670,0.250,5.07,
1.7200,0.2183,0.4831,-0.2305,0.2360,-0.323,-0.085,0.000,0.000,0.4,1.3,-3.2,-0.8,0.0,0.0,2.8,0.4,0,0,0.660,0.250,5.07,
1.7250,0.2183,0.4831,-0.2305,0.2360,-0.325,-0.089,0.000,0.000,0.4,1.3,-3.2,-0.9,0.0,0.0,2.8,0.4,0,0,0.660,0.250,5.07,
1.7300,0.2183,0.4831,-0.2305,0.2360,-0.326,-0.092,0.000,0.000,0.4,1.3,-3.3,-0.9,0.0,0.0,2.8,0.4,1,0,0.670,0.230,5.07,
1.7350,0.2183,0.4831,-0.2305,0.2360,-0.210,-0.078,0.000,0.000,0.4,1.3,-2.1,-0.8,0.0,0.0,1.7,0.5,2,0,0.660,0.230,6.74,
1.7400,0.2183,0.4831,-0.2305,0.2360,-0.112,-0.067,0.000,0.000,0.4,1.3,-1.1,-0.7,0.0,0.0,0.7,0.6,2,0,0.660,0.240,6.53,
1.7450,0.2183,0.4831,-0.2305,0.2360,-0.028,-0.057,0.000,0.000,0.4,1.3,-0.3,-0.6,0.0,0.0,-0.2,0.7,3,0,0.670,0.240,5.08,
1.7500,0.2183,0.4831,-0.2305,0.2360,0.044,-0.048,0.000,0.000,0.4,1.3,0.4,-0.5,0.0,0.0,-0.9,0.8,3,0,0.680,0.260,12.89,
1.7550,0.2183,0.4831,-0.2305,0.2360,0.104,-0.041,0.000,0.000,0.4,1.3,1.0,-0.4,0.0,0.0,-1.5,0.9,2,0,0.670,0.250,5.07,
1.7600,0.2183,0.4831,-0.2305,0.2360,0.156,-0.035,0.000,0.000,0.4,1.3,1.6,-0.3,0.0,0.0,-2.0,0.9,3,0,0.680,0.240,5.07,
1.7650,0.2400,0.4786,-0.2305,0.2360,0.200,-0.030,0.000,0.000,0.4,1.3,2.0,-0.3,0.0,0.0,-2.4,1.0,3,0,0.660,0.220,5.07,
1.7700,0.2400,0.4786,-0.2305,0.2360,0.237,-0.025,0.000,0.000,0.4,1.3,2.4,-0.3,0.0,0.0,-2.8,1.0,3,0,0.680,0.240,6.85,
1.7750,0.2400,0.4786,-0.2305,0.2360,0.252,-0.038,0.000,0.000,0.4,1.3,2.5,-0.4,0.0,0.0,-2.9,0.9,2,0,0.700,0.260,5.08,
1.7800,0.2400,0.4786,-0.2306,0.2360,0.264,-0.049,0.000,0.000,0.4,1.3,2.6,-0.5,0.0,0.0,-3.1,0.8,1,0,0.680,0.270,6.18,
1.7850,0.2400,0.4786,-0.2306,0.2360,0.275,-0.059,0.000,0.000,0.4,1.3,2.7,-0.6,0.0,0.0,-3.2,0.7,1,0,0.680,0.250,7.72,
1.7900,0.2400,0.4786,-0.2306,0.2360,0.284,-0.067,0.000,0.000,0.4,1.3,2.8,-0.7,0.0,0.0,-3.3,0.6,1,0,0.690,0.230,5.08,
1.7950,0.2400,0.4786,-0.2306,0.2360,0.292,-0.073,0.000,0.000,0.4,1.3,2.9,-0.7,0.0,0.0,-3.4,0.6,0,0,0.680,0.260,8.71,
1.8000,0.2400,0.4786,-0.2306,0.2360,0.298,-0.079,0.000,0.000,0.4,1.3,3.0,-0.8,0.0,0.0,-3.4,0.5,0,0,0.690,0.250,5.07,
1.8050,0.2486,0.4655,-0.2306,0.2360,0.304,-0.084,0.000,0.000,0.4,1.3,3.0,-0.8,0.0,0.0,-3.5,0.4,0,0,0.670,0.240,5.07,
1.8100,0.2486,0.4655,-0.2306,0.2360,0.309,-0.088,0.000,0.000,0.4,1.3,3.1,-0.9,0.0,0.0,-3.5,0.4,0,0,0.680,0.240,5.80,
1.8150,0.2486,0.4655,-0.2306,0.2360,0.212,-0.075,0.000,0.000,0.4,1.3,2.1,-0.8,0.0,0.0,-2.6,0.5,0,0,0.700,0.240,5.07,
1.8200,0.2486,0.4655,-0.2306,0.2360,0.130,-0.064,0.000,0.000,0.4,1.3,1.3,-0.6,0.0,0.0,-1.7,0.7,0,0,0.690,0.230,6.34,
1.8250,0.2486,0.4655,-0.2306,0.2360,0.060,-0.054,0.000,0.000,0.4,1.3,0.6,-0.5,0.0,0.0,-1.0,0.7,0,0,0.670,0.250,5.07,
1.8300,0.2486,0.4655,-0.2306,0.2360,0.001,-0.046,0.000,0.000,0.4,1.3,0.0,-0.5,0.0,0.0,-0.4,0.8,-1,0,0.670,0.250,12.88,
1.8350,0.2486,0.4655,-0.2306,0.2360,-0.050,-0.039,0.000,0.000,0.4,1.3,-0.5,-0.4,0.0,0.0,0.1,0.9,-2,0,0.680,0.250,5.06,
1.8400,0.2486,0.4655,-0.2306,0.2360,-0.093,-0.033,0.000,0.000,0.4,1.3,-0.9,-0.3,0.0,0.0,0.5,1.0,-2,0,0.680,0.250,5.07,
1.8450,0.2347,0.4639,-0.2306,0.2360,-0.129,-0.028,0.000,0.000,0.4,1.3,-1.3,-0.3,0.0,0.0,0.9,1.0,-2,0,0.670,0.250,5.07,
1.8500,0.2347,0.4639,-0.2306,0.2360,-0.160,-0.024,0.000,0.000,0.4,1.3,-1.6,-0.2,0.0,0.0,1.2,1.0,-2,0,0.670,0.240,6.06,
1.8550,0.2347,0.4639,-0.2306,0.2360,-0.203,-0.004,0.000,0.000,0.4,1.3,-2.0,-0.0,0.0,0.0,1.6,1.3,-3,0,0.660,0.250,5.07,
1.8600,0.2347,0.4639,-0.2306,0.2360,-0.240,0.014,0.000,0.000,0.4,1.3,-2.4,0.1,0.0,0.0,2.0,1.4,-3,0,0.670,0.260,6.60,
1.8650,0.2347,0.4639,-0.2306,0.2360,-0.271,0.028,0.000,0.000,0.4,1.3,-2.7,0.3,0.0,0.0,2.3,1.6,-2,0,0.660,0.250,8.20,
1.8700,0.2347,0.4639,-0.2306,0.2360,-0.298,0.041,0.000,0.000,0.4,1.3,-3.0,0.4,0.0,0.0,2.5,1.7,-2,0,0.650,0.240,5.07,
1.8750,0.2347,0.4639,-0.2306,0.2360,-0.320,0.052,0.000,0.000,0.4,1.3,-3.2,0.5,0.0,0.0,2.8,1.8,-1,0,0.680,0.250,8.47,
1.8800,0.2347,0.4639,-0.2306,0.2360,-0.339,0.061,0.000,0.000,0.4,1.3,-3.4,0.6,0.0,0.0,3.0,1.9,-2,0,0.650,0.240,5.06,
1.8850,0.2200,0.4692,-0.2306,0.2360,-0.355,0.068,0.000,0.000,0.4,1.3,-3.6,0.7,0.0,0.0,3.1,2.0,0,0,0.650,0.250,5.07,
1.8900,0.2200,0.4692,-0.2306,0.2360,-0.369,0.075,0.000,0.000,0.4,1.3,-3.7,0.7,0.0,0.0,3.3,2.0,0,0,0.670,0.250,5.72,
1.8950,0.2200,0.4692,-0.2306,0.2360,-0.297,0.047,0.000,0.000,0.4,1.3,-3.0,0.5,0.0,0.0,2.5,1.8,-1,0,0.670,0.260,5.07,
1.9000,0.2200,0.4692,-0.2306,0.2360,-0.236,0.023,0.000,0.000,0.4,1.3,-2.4,0.2,0.0,0.0,1.9,1.5,0,0,0.680,0.260,6.53,
1.9050,0.2200,0.4692,-0.2306,0.2360,-0.184,0.003,0.000,0.000,0.4,1.3,-1.8,0.0,0.0,0.0,1.4,1.3,0,0,0.660,0.250,7.39,
1.9100,0.2200,0.4692,-0.2306,0.2360,-0.139,-0.014,0.000,0.000,0.4,1.3,-1.4,-0.1,0.0,0.0,1.0,1.1,0,1,0.670,0.250,5.07,
1.9150,0.2200,0.4692,-0.2306,0.2360,-0.102,-0.029,0.000,0.000,0.4,1.3,-1.0,-0.3,0.0,0.0,0.6,1.0,0,0,0.670,0.260,9.01,
1.9200,0.2200,0.4692,-0.2306,0.2360,-0.070,-0.041,0.000,0.000,0.4,1.3,-0.7,-0.4,0.0,0.0,0.3,0.9,0,0,0.670,0.230,5.07,
1.9250,0.2200,0.4692,-0.2306,0.2360,-0.042,-0.052,0.000,0.000,0.4,1.3,-0.4,-0.5,0.0,0.0,-0.0,0.8,0,0,0.680,0.260,5.01,
1.9300,0.2277,0.4631,-0.2306,0.2360,-0.019,-0.061,0.000,0.000,0.4,1.3,-0.2,-0.6,0.0,0.0,-0.2,0.7,1,0,0.670,0.240,5.07,
1.9350,0.2277,0.4631,-0.2306,0.2360,0.034,-0.069,0.000,0.000,0.4,1.3,0.3,-0.7,0.0,0.0,-0.8,0.6,1,0,0.680,0.250,6.63,
1.9400,0.2277,0.4631,-0.2306,0.2360,0.079,-0.075,0.000,0.000,0.4,1.3,0.8,-0.8,0.0,0.0,-1.2,0.5,2,0,0.680,0.230,7.35,
1.9450,0.2277,0.4631,-0.2305,0.2360,0.118,-0.081,0.000,0.000,0.4,1.3,1.2,-0.8,0.0,0.0,-1.6,0.5,2,0,0.710,0.240,5.07,
1.9500,0.2277,0.4631,-0.2305,0.2360,0.150,-0.085,0.000,0.000,0.4,1.3,1.5,-0.9,0.0,0.0,-1.9,0.4,1,0,0.680,0.260,12.90,
1.9550,0.2277,0.4631,-0.2305,0.2360,0.178,-0.089,0.000,0.000,0.4,1.3,1.8,-0.9,0.0,0.0,-2.2,0.4,2,0,0.680,0.260,5.07,
1.9600,0.2277,0.4631,-0.2305,0.2360,0.202,-0.093,0.000,0.000,0.4,1.3,2.0,-0.9,0.0,0.0,-2.5,0.4,2,0,0.690,0.250,5.64,
1.9650,0.2416,0.4647,-0.2305,0.2360,0.222,-0.096,0.000,0.000,0.4,1.3,2.2,-1.0,0.0,0.0,-2.7,0.3,1,0,0.700,0.250,5.07,
1.9700,0.2416,0.4647,-0.2305,0.2360,0.239,-0.098,0.000,0.000,0.4,1.3,2.4,-1.0,0.0,0.0,-2.8,0.3,0,0,0.700,0.260,7.17,
1.9750,0.2416,0.4647,-0.2305,0.2360,0.220,-0.083,0.000,0.000,0.4,1.3,2.2,-0.8,0.0,0.0,-2.6,0.5,0,0,0.690,0.230,5.07,
1.9800,0.2416,0.4647,-0.2305,0.2360,0.204,-0.071,0.000,0.000,0.4,1.3,2.0,-0.7,0.0,0.0,-2.5,0.6,0,0,0.690,0.260,6.69,
1.9850,0.2416,0.4647,-0.2305,0.2360,0.190,-0.060,0.000,0.000,0.4,1.3,1.9,-0.6,0.0,0.0,-2.3,0.7,0,0,0.700,0.250,8.93,
1.9900,0.2416,0.4647,-0.2305,0.2360,0.178,-0.051,0.000,0.000,0.4,1.3,1.8,-0.5,0.0,0.0,-2.2,0.8,0,0,0.690,0.240,7.95,
1.9950,0.2416,0.4647,-0.2305,0.2360,0.168,-0.044,0.000,0.000,0.4,1.3,1.7,-0.4,0.0,0.0,-2.1,0.9,0,0,0.700,0.230,5.07,
2.0000,0.2416,0.4647,-0.2305,0.2360,0.160,-0.037,0.000,0.000,0.4,1.3,1.6,-0.4,0.0,0.0,-2.0,0.9,0,0,0.700,0.250,5.57,
2.0050,0.2416,0.4647,-0.2305,0.2360,0.153,-0.031,0.000,0.000,0.4,1.3,1.5,-0.3,0.0,0.0,-2.0,1.0,0,0,0.690,0.260,5.25,
2.0100,0.2416,0.4647,-0.2305,0.2360,0.096,-0.027,0.000,0.000,0.4,1.3,1.0,-0.3,0.0,0.0,-1.4,1.0,0,0,0.690,0.250,6.69,
2.0150,0.2416,0.4647,-0.2305,0.2360,0.048,-0.023,0.000,0.000,0.4,1.3,0.5,-0.2,0.0,0.0,-0.9,1.1,0,0,0.680,0.250,6.61,
2.0200,0.2416,0.4647,-0.2305,0.2360,0.007,-0.019,0.000,0.000,0.4,1.3,0.1,-0.2,0.0,0.0,-0.5,1.1,0,0,0.690,0.250,5.07,
2.0250,0.2416,0.4647,-0.2305,0.2360,-0.027,-0.016,0.000,0.000,0.4,1.3,-0.3,-0.2,0.0,0.0,-0.2,1.1,-1,0,0.690,0.250,14.17,
2.0300,0.2416,0.4647,-0.2305,0.2360,-0.057,-0.014,0.000,0.000,0.4,1.3,-0.6,-0.1,0.0,0.0,0.1,1.1,-1,0,0.680,0.260,5.09,
2.0350,0.2416,0.4647,-0.2305,0.2360,-0.082,-0.012,0.000,0.000,0.4,1.3,-0.8,-0.1,0.0,0.0,0.4,1.2,-1,0,0.680,0.260,5.60,
2.0400,0.2208,0.4623,-0.2305,0.2360,-0.103,-0.010,0.000,0.000,0.4,1.3,-1.0,-0.1,0.0,0.0,0.6,1.2,-2,0,0.680,0.230,5.07,
2.0450,0.2208,0.4623,-0.2305,0.2360,-0.121,-0.009,0.000,0.000,0.4,1.3,-1.2,-0.1,0.0,0.0,0.8,1.2,-1,0,0.670,0.250,6.44,
2.0500,0.2208,0.4623,-0.2305,0.2360,-0.137,-0.007,0.000,0.000,0.4,1.3,-1.4,-0.1,0.0,0.0,0.9,1.2,-2,0,0.700,0.240,5.08,
2.0550,0.2208,0.4623,-0.2305,0.2360,-0.150,-0.006,0.000,0.000,0.4,1.3,-1.5,-0.1,0.0,0.0,1.1,1.2,-2,0,0.680,0.260,6.47,
2.0600,0.2208,0.4623,-0.2305,0.2360,-0.161,-0.005,0.000,0.000,0.4,1.3,-1.6,-0.1,0.0,0.0,1.2,1.2,-2,0,0.670,0.260,9.59,
2.0650,0.2208,0.4623,-0.2305,0.2360,-0.170,-0.004,0.000,0.000,0.4,1.3,-1.7,-0.0,0.0,0.0,1.3,1.2,0,0,0.670,0.260,9.43,
2.0700,0.2208,0.4623,-0.2305,0.2360,-0.178,-0.004,0.000,0.000,0.4,1.3,-1.8,-0.0,0.0,0.0,1.3,1.3,0,0,0.680,0.270,5.07,
2.0750,0.2208,0.4623,-0.2305,0.2360,-0.185,-0.003,0.000,0.000,0.4,1.3,-1.9,-0.0,0.0,0.0,1.4,1.3,0,0,0.680,0.250,5.01,
2.0800,0.2130,0.4684,-0.2305,0.2360,-0.191,-0.003,0.000,0.000,0.4,1.3,-1.9,-0.0,0.0,0.0,1.5,1.3,0,0,0.670,0.260,5.07,
2.0850,0.2130,0.4684,-0.2305,0.2360,-0.146,0.014,0.000,0.000,0.4,1.3,-1.5,0.1,0.0,0.0,1.0,1.4,0,0,0.670,0.250,6.75,
2.0900,0.2130,0.4684,-0.2305,0.2360,-0.107,0.029,0.000,0.000,0.4,1.3,-1.1,0.3,0.0,0.0,0.6,1.6,0,0,0.670,0.250,6.91,
2.0950,0.2130,0.4684,-0.2305,0.2361,-0.074,0.041,0.000,0.000,0.4,1.3,-0.7,0.4,0.0,0.0,0.3,1.7,0,0,0.660,0.260,5.07,
2.1000,0.2130,0.4684,-0.2305,0.2361,-0.046,0.052,0.000,0.000,0.4,1.3,-0.5,0.5,0.0,0.0,0.0,1.8,0,0,0.680,0.260,12.19,
2.1050,0.2130,0.4684,-0.2305,0.2361,-0.022,0.061,0.000,0.000,0.4,1.3,-0.2,0.6,0.0,0.0,-0.2,1.9,0,0,0.680,0.260,5.07,
2.1100,0.2130,0.4684,-0.2305,0.2361,-0.002,0.069,0.000,0.000,0.4,1.3,-0.0,0.7,0.0,0.0,-0.4,2.0,0,0,0.680,0.260,5.06,
2.1150,0.2277,0.4631,-0.2305,0.2361,0.015,0.075,0.000,0.000,0.4,1.3,0.1,0.8,0.0,0.0,-0.6,2.0,0,0,0.680,0.260,5.06,
2.1200,0.2277,0.4631,-0.2305,0.2361,0.029,0.081,0.000,0.000,0.4,1.3,0.3,0.8,0.0,0.0,-0.7,2.1,1,0,0.680,0.270,5.07,
2.1250,0.2277,0.4631,-0.2305,0.2361,0.075,0.052,0.000,0.000,0.4,1.3,0.8,0.5,0.0,0.0,-1.2,1.8,0,0,0.690,0.280,5.07,
2.1300,0.2277,0.4631,-0.2305,0.2361,0.114,0.027,0.000,0.000,0.4,1.3,1.1,0.3,0.0,0.0,-1.6,1.6,1,1,0.670,0.260,7.05,
2.1350,0.2277,0.4631,-0.2305,0.2360,0.148,0.006,0.000,0.000,0.4,1.3,1.5,0.1,0.0,0.0,-1.9,1.4,2,0,0.670,0.260,5.07,
2.1400,0.2277,0.4631,-0.2305,0.2360,0.176,-0.011,0.000,0.000,0.4,1.3,1.8,-0.1,0.0,0.0,-2.2,1.2,1,0,0.700,0.280,12.41,
2.1450,0.2277,0.4631,-0.2305,0.2360,0.200,-0.026,0.000,0.000,0.4,1.3,2.0,-0.3,0.0,0.0,-2.4,1.0,0,0,0.690,0.270,5.06,
2.1500,0.2277,0.4631,-0.2305,0.2360,0.220,-0.039,0.000,0.000,0.4,1.3,2.2,-0.4,0.0,0.0,-2.6,0.9,1,0,0.690,0.270,5.07,
2.1550,0.2277,0.4631,-0.2305,0.2360,0.238,-0.050,0.000,0.000,0.4,1.3,2.4,-0.5,0.0,0.0,-2.8,0.8,0,0,0.690,0.260,5.07,
2.1600,0.2416,0.4647,-0.2305,0.2360,0.252,-0.059,0.000,0.000,0.4,1.3,2.5,-0.6,0.0,0.0,-3.0,0.7,0,0,0.690,0.250,5.72,
2.1650,0.2416,0.4647,-0.2305,0.2360,0.214,-0.051,0.000,0.000,0.4,1.3,2.1,-0.5,0.0,0.0,-2.6,0.8,0,0,0.680,0.260,5.07,
2.1700,0.2416,0.4647,-0.2305,0.2360,0.182,-0.043,0.000,0.000,0.4,1.3,1.8,-0.4,0.0,0.0,-2.3,0.9,0,0,0.700,0.270,6.26,
2.1750,0.2416,0.4647,-0.2305,0.2360,0.155,-0.036,0.000,0.000,0.4,1.3,1.5,-0.4,0.0,0.0,-2.0,0.9,0,0,0.700,0.280,5.07,
2.1800,0.2416,0.4647,-0.2305,0.2360,0.132,-0.031,0.000,0.000,0.4,1.3,1.3,-0.3,0.0,0.0,-1.8,1.0,0,0,0.690,0.270,14.11,
2.1850,0.2416,0.4647,-0.2305,0.2360,0.112,-0.026,0.000,0.000,0.4,1.3,1.1,-0.3,0.0,0.0,-1.6,1.0,0,0,0.700,0.280,5.07,
2.1900,0.2416,0.4647,-0.2305,0.2360,0.095,-0.022,0.000,0.000,0.4,1.3,1.0,-0.2,0.0,0.0,-1.4,1.1,0,0,0.690,0.250,5.71,
2.1950,0.2424,0.4578,-0.2305,0.2360,0.081,-0.019,0.000,0.000,0.4,1.3,0.8,-0.2,0.0,0.0,-1.2,1.1,0,0,0.700,0.250,5.07,
2.2000,0.2424,0.4578,-0.2305,0.2360,0.069,-0.016,0.000,0.000,0.4,1.3,0.7,-0.2,0.0,0.0,-1.1,1.1,0,0,0.690,0.270,6.80,
2.2050,0.2424,0.4578,-0.2305,0.2360,0.025,-0.014,0.000,0.000,0.4,1.3,0.2,-0.1,0.0,0.0,-0.7,1.2,0,0,0.700,0.280,5.07,
2.2100,0.2424,0.4578,-0.2305,0.2360,-0.012,-0.012,0.000,0.000,0.4,1.3,-0.1,-0.1,0.0,0.0,-0.3,1.2,0,0,0.700,0.280,6.19,
2.2150,0.2424,0.4578,-0.2305,0.2360,-0.044,-0.010,0.000,0.000,0.4,1.3,-0.4,-0.1,0.0,0.0,0.0,1.2,0,0,0.680,0.280,8.86,
2.2200,0.2424,0.4578,-0.2305,0.2360,-0.071,-0.008,0.000,0.000,0.4,1.3,-0.7,-0.1,0.0,0.0,0.3,1.2,-1,0,0.690,0.290,9.14,
2.2250,0.2424,0.4578,-0.2305,0.2360,-0.094,-0.007,0.000,0.000,0.4,1.3,-0.9,-0.1,0.0,0.0,0.5,1.2,0,0,0.690,0.240,5.04,
2.2300,0.2424,0.4578,-0.2305,0.2360,-0.113,-0.006,0.000,0.000,0.4,1.3,-1.1,-0.1,0.0,0.0,0.7,1.2,-1,1,0.680,0.260,5.58,
2.2350,0.2347,0.4639,-0.2305,0.2360,-0.130,-0.005,0.000,0.000,0.4,1.3,-1.3,-0.1,0.0,0.0,0.9,1.2,0,0,0.680,0.260,5.07,
2.2400,0.2347,0.4639,-0.2305,0.2360,-0.161,-0.021,0.000,0.000,0.4,1.3,-1.6,-0.2,0.0,0.0,1.2,1.1,-1,0,0.690,0.260,6.28,
2.2450,0.2347,0.4639,-0.2305,0.2360,-0.187,-0.035,0.000,0.000,0.4,1.3,-1.9,-0.3,0.0,0.0,1.4,0.9,0,0,0.680,0.260,5.06,
2.2500,0.2347,0.4639,-0.2305,0.2360,-0.209,-0.046,0.000,0.000,0.4,1.3,-2.1,-0.5,0.0,0.0,1.7,0.8,-1,0,0.680,0.250,5.06,
2.2550,0.2347,0.4639,-0.2305,0.2360,-0.228,-0.056,0.000,0.000,0.4,1.3,-2.3,-0.6,0.0,0.0,1.9,0.7,0,0,0.680,0.260,7.98,
2.2600,0.2347,0.4639,-0.2305,0.2360,-0.244,-0.065,0.000,0.000,0.4,1.3,-2.4,-0.6,0.0,0.0,2.0,0.6,0,0,0.680,0.270,7.93,
2.2650,0.2347,0.4639,-0.2305,0.2360,-0.258,-0.072,0.000,0.000,0.4,1.3,-2.6,-0.7,0.0,0.0,2.1,0.6,0,0,0.670,0.270,5.07,
2.2700,0.2347,0.4639,-0.2305,0.2360,-0.270,-0.078,0.000,0.000,0.4,1.3,-2.7,-0.8,0.0,0.0,2.3,0.5,0,0,0.680,0.250,5.72,
2.2750,0.2277,0.4631,-0.2305,0.2360,-0.280,-0.083,0.000,0.000,0.4,1.3,-2.8,-0.8,0.0,0.0,2.4,0.5,0,0,0.690,0.250,5.07,
2.2800,0.2277,0.4631,-0.2305,0.2360,-0.288,-0.087,0.000,0.000,0.4,1.3,-2.9,-0.9,0.0,0.0,2.4,0.4,0,0,0.690,0.270,6.66,
2.2850,0.2277,0.4631,-0.2305,0.2360,-0.195,-0.074,0.000,0.000,0.4,1.3,-1.9,-0.7,0.0,0.0,1.5,0.5,0,0,0.690,0.250,5.07,
2.2900,0.2277,0.4631,-0.2306,0.2360,-0.115,-0.063,0.000,0.000,0.4,1.3,-1.1,-0.6,0.0,0.0,0.7,0.7,0,0,0.670,0.260,6.45,
2.2950,0.2277,0.4631,-0.2306,0.2360,-0.047,-0.054,0.000,0.000,0.4,1.3,-0.5,-0.5,0.0,0.0,0.0,0.8,0,0,0.670,0.260,8.90,
2.3000,0.2277,0.4631,-0.2306,0.2360,0.010,-0.046,0.000,0.000,0.4,1.3,0.1,-0.5,0.0,0.0,-0.5,0.8,0,0,0.680,0.270,9.17,
2.3050,0.2277,0.4631,-0.2306,0.2360,0.059,-0.039,0.000,0.000,0.4,1.3,0.6,-0.4,0.0,0.0,-1.0,0.9,1,0,0.700,0.260,5.07,
2.3100,0.2277,0.4631,-0.2306,0.2360,0.100,-0.033,0.000,0.000,0.4,1.3,1.0,-0.3,0.0,0.0,-1.4,1.0,0,0,0.700,0.280,5.59,
2.3150,0.2424,0.4578,-0.2306,0.2360,0.136,-0.028,0.000,0.000,0.4,1.3,1.4,-0.3,0.0,0.0,-1.8,1.0,0,0,0.690,0.290,5.07,
2.3200,0.2424,0.4578,-0.2306,0.2360,0.132,-0.024,0.000,0.000,0.4,1.3,1.3,-0.2,0.0,0.0,-1.8,1.1,1,0,0.690,0.260,6.64,
2.3250,0.2424,0.4578,-0.2306,0.2360,0.129,-0.020,0.000,0.000,0.4,1.3,1.3,-0.2,0.0,0.0,-1.7,1.1,0,0,0.680,0.260,6.27,
2.3300,0.2424,0.4578,-0.2306,0.2360,0.127,-0.017,0.000,0.000,0.4,1.3,1.3,-0.2,0.0,0.0,-1.7,1.1,1,0,0.700,0.260,5.07,
2.3350,0.2424,0.4578,-0.2306,0.2360,0.124,-0.015,0.000,0.000,0.4,1.3,1.2,-0.1,0.0,0.0,-1.7,1.1,0,0,0.690,0.270,12.36,
2.3400,0.2424,0.4578,-0.2306,0.2360,0.122,-0.012,0.000,0.000,0.4,1.3,1.2,-0.1,0.0,0.0,-1.7,1.2,0,0,0.690,0.260,5.06,
2.3450,0.2424,0.4578,-0.2306,0.2360,0.121,-0.011,0.000,0.000,0.4,1.3,1.2,-0.1,0.0,0.0,-1.6,1.2,1,1,0.700,0.270,5.07,
2.3500,0.2424,0.4578,-0.2306,0.2360,0.120,-0.009,0.000,0.000,0.4,1.3,1.2,-0.1,0.0,0.0,-1.6,1.2,0,0,0.690,0.270,5.02,
2.3550,0.2424,0.4578,-0.2306,0.2360,0.118,-0.008,0.000,0.000,0.4,1.3,1.2,-0.1,0.0,0.0,-1.6,1.2,0,0,0.700,0.250,5.07,
2.3600,0.2424,0.4578,-0.2306,0.2360,0.117,-0.006,0.000,0.000,0.4,1.3,1.2,-0.1,0.0,0.0,-1.6,1.2,0,0,0.690,0.280,6.81,
2.3650,0.2424,0.4578,-0.2306,0.2360,0.117,-0.006,0.000,0.000,0.4,1.3,1.2,-0.1,0.0,0.0,-1.6,1.2,0,0,0.680,0.270,6.64,
2.3700,0.2424,0.4578,-0.2306,0.2360,0.116,-0.005,0.000,0.000,0.4,1.3,1.2,-0.0,0.0,0.0,-1.6,1.2,0,0,0.700,0.280,5.07,
2.3750,0.2424,0.4578,-0.2306,0.2360,0.115,-0.004,0.000,0.000,0.4,1.3,1.2,-0.0,0.0,0.0,-1.6,1.2,0,0,0.680,0.280,13.94,
2.3800,0.2424,0.4578,-0.2306,0.2360,0.115,-0.003,0.000,0.000,0.4,1.3,1.1,-0.0,0.0,0.0,-1.6,1.3,0,0,0.700,0.270,5.07,
2.3850,0.2424,0.4578,-0.2306,0.2360,0.114,-0.003,0.000,0.000,0.4,1.3,1.1,-0.0,0.0,0.0,-1.6,1.3,0,0,0.680,0.280,5.59,
2.3900,0.2432,0.4508,-0.2306,0.2360,0.114,-0.002,0.000,0.000,0.4,1.3,1.1,-0.0,0.0,0.0,-1.6,1.3,0,0,0.680,0.270,5.07,
2.3950,0.2432,0.4508,-0.2306,0.2360,0.114,-0.002,0.000,0.000,0.4,1.3,1.1,-0.0,0.0,0.0,-1.6,1.3,-1,0,0.700,0.270,6.64,
2.4000,0.2432,0.4508,-0.2306,0.2360,0.080,-0.002,0.000,0.000,0.4,1.3,0.8,-0.0,0.0,0.0,-1.2,1.3,0,0,0.680,0.260,5.07,
2.4050,0.2432,0.4508,-0.2306,0.2360,0.051,-0.001,0.000,0.000,0.4,1.3,0.5,-0.0,0.0,0.0,-0.9,1.3,0,1,0.700,0.280,6.53,
2.4100,0.2432,0.4508,-0.2306,0.2360,0.027,-0.001,0.000,0.000,0.4,1.3,0.3,-0.0,0.0,0.0,-0.7,1.3,-1,0,0.700,0.280,9.20,
2.4150,0.2432,0.4508,-0.2306,0.2360,0.006,-0.001,0.000,0.000,0.4,1.3,0.1,-0.0,0.0,0.0,-0.5,1.3,0,0,0.700,0.270,7.90,
2.4200,0.2432,0.4508,-0.2306,0.2360,-0.012,-0.001,0.000,0.000,0.4,1.3,-0.1,-0.0,0.0,0.0,-0.3,1.3,0,0,0.710,0.270,5.07,
2.4250,0.2432,0.4508,-0.2306,0.2360,-0.027,-0.001,0.000,0.000,0.4,1.3,-0.3,-0.0,0.0,0.0,-0.2,1.3,0,0,0.700,0.270,5.55,
2.4300,0.2294,0.4492,-0.2306,0.2360,-0.040,-0.001,0.000,0.000,0.4,1.3,-0.4,-0.0,0.0,0.0,-0.0,1.3,0,0,0.690,0.260,5.07,
2.4350,0.2294,0.4492,-0.2306,0.2360,-0.017,-0.001,0.000,0.000,0.4,1.3,-0.2,-0.0,0.0,0.0,-0.3,1.3,0,0,0.690,0.280,6.74,
2.4400,0.2294,0.4492,-0.2306,0.2360,0.002,-0.000,0.000,0.000,0.4,1.3,0.0,-0.0,0.0,0.0,-0.5,1.3,0,0,0.700,0.280,5.22,
2.4450,0.2294,0.4492,-0.2305,0.2360,0.019,-0.000,0.000,0.000,0.4,1.3,0.2,-0.0,0.0,0.0,-0.6,1.3,0,0,0.690,0.270,5.07,
2.4500,0.2294,0.4492,-0.2305,0.2360,0.033,-0.000,0.000,0.000,0.4,1.3,0.3,-0.0,0.0,0.0,-0.8,1.3,0,0,0.690,0.290,9.70,
2.4550,0.2294,0.4492,-0.2305,0.2360,0.045,-0.000,0.000,0.000,0.4,1.3,0.4,-0.0,0.0,0.0,-0.9,1.3,0,1,0.700,0.260,9.62,
2.4600,0.2294,0.4492,-0.2305,0.2360,0.055,-0.000,0.000,0.000,0.4,1.3,0.5,-0.0,0.0,0.0,-1.0,1.3,0,0,0.690,0.270,5.07,
2.4650,0.2294,0.4492,-0.2305,0.2360,0.063,-0.000,0.000,0.000,0.4,1.3,0.6,-0.0,0.0,0.0,-1.1,1.3,0,0,0.690,0.270,5.07,
2.4700,0.2293,0.4492,-0.2305,0.2360,0.071,-0.000,0.000,0.000,0.4,1.3,0.7,-0.0,0.0,0.0,-1.1,1.3,0,0,0.680,0.290,5.74,
2.4750,0.2293,0.4492,-0.2305,0.2360,0.043,-0.000,0.000,0.000,0.4,1.3,0.4,-0.0,0.0,0.0,-0.9,1.3,0,0,0.700,0.270,5.07,
2.4800,0.2293,0.4492,-0.2305,0.2360,0.020,-0.000,0.000,0.000,0.4,1.3,0.2,-0.0,0.0,0.0,-0.6,1.3,0,0,0.700,0.280,5.91,
2.4850,0.2293,0.4492,-0.2305,0.2360,0.000,-0.000,0.000,0.000,0.4,1.3,0.0,-0.0,0.0,0.0,-0.4,1.3,0,0,0.690,0.280,5.07,
2.4900,0.2293,0.4492,-0.2305,0.2360,-0.017,-0.000,0.000,0.000,0.4,1.3,-0.2,-0.0,0.0,0.0,-0.3,1.3,0,0,0.700,0.270,8.99,
2.4950,0.2293,0.4492,-0.2305,0.2360,-0.031,-0.000,0.000,0.000,0.4,1.3,-0.3,-0.0,0.0,0.0,-0.1,1.3,0,0,0.690,0.290,8.60,
2.5000,0.2293,0.4492,-0.2305,0.2360,-0.043,-0.000,0.000,0.000,0.4,1.3,-0.4,-0.0,0.0,0.0,-0.0,1.3,0,0,0.690,0.270,5.07,
2.5050,0.2293,0.4492,-0.2305,0.2360,-0.053,-0.000,0.000,0.000,0.4,1.3,-0.5,-0.0,0.0,0.0,0.1,1.3,0,0,0.690,0.290,5.39,
2.5100,0.2363,0.4500,-0.2305,0.2360,-0.062,-0.000,0.000,0.000,0.4,1.3,-0.6,-0.0,0.0,0.0,0.2,1.3,0,0,0.680,0.260,5.07,
2.5150,0.2363,0.4500,-0.2305,0.2360,-0.053,-0.000,0.000,0.000,0.4,1.3,-0.5,-0.0,0.0,0.0,0.1,1.3,1,0,0.700,0.270,6.74,
2.5200,0.2363,0.4500,-0.2305,0.2360,-0.045,-0.000,0.000,0.000,0.4,1.3,-0.4,-0.0,0.0,0.0,0.0,1.3,0,1,0.700,0.270,6.36,
2.5250,0.2363,0.4500,-0.2305,0.2360,-0.038,-0.000,0.000,0.000,0.4,1.3,-0.4,-0.0,0.0,0.0,-0.1,1.3,0,0,0.680,0.280,5.07,
2.5300,0.2363,0.4500,-0.2305,0.2360,-0.032,-0.000,0.000,0.000,0.4,1.3,-0.3,-0.0,0.0,0.0,-0.1,1.3,0,0,0.690,0.280,13.23,
2.5350,0.2363,0.4500,-0.2305,0.2360,-0.028,-0.000,0.000,0.000,0.4,1.3,-0.3,-0.0,0.0,0.0,-0.2,1.3,0,0,0.700,0.270,5.07,
2.5400,0.2363,0.4500,-0.2305,0.2360,-0.023,-0.000,0.000,0.000,0.4,1.3,-0.2,-0.0,0.0,0.0,-0.2,1.3,0,1,0.690,0.280,5.78,
2.5450,0.2363,0.4500,-0.2305,0.2360,-0.020,-0.000,0.000,0.000,0.4,1.3,-0.2,-0.0,0.0,0.0,-0.2,1.3,0,0,0.700,0.270,5.07,
2.5500,0.2363,0.4500,-0.2305,0.2360,-0.017,-0.000,0.000,0.000,0.4,1.3,-0.2,-0.0,0.0,0.0,-0.3,1.3,0,0,0.700,0.280,6.75,
2.5550,0.2363,0.4500,-0.2305,0.2360,-0.014,-0.000,0.000,0.000,0.4,1.3,-0.1,-0.0,0.0,0.0,-0.3,1.3,0,0,0.700,0.290,5.07,
2.5600,0.2363,0.4500,-0.2305,0.2360,-0.012,-0.000,0.000,0.000,0.4,1.3,-0.1,-0.0,0.0,0.0,-0.3,1.3,0,1,0.690,0.270,6.57,
2.5650,0.2363,0.4500,-0.2305,0.2360,-0.010,-0.000,0.000,0.000,0.4,1.3,-0.1,-0.0,0.0,0.0,-0.3,1.3,0,0,0.690,0.280,9.58,
2.5700,0.2363,0.4500,-0.2305,0.2360,-0.009,-0.000,0.000,0.000,0.4,1.3,-0.1,-0.0,0.0,0.0,-0.3,1.3,0,0,0.700,0.270,9.19,
2.5750,0.2363,0.4500,-0.2305,0.2360,-0.008,-0.000,0.000,0.000,0.4,1.3,-0.1,-0.0,0.0,0.0,-0.4,1.3,0,0,0.700,0.290,5.07,
2.5800,0.2363,0.4500,-0.2305,0.2360,-0.006,-0.000,0.000,0.000,0.4,1.3,-0.1,-0.0,0.0,0.0,-0.4,1.3,0,0,0.690,0.280,5.65,
2.5850,0.2293,0.4492,-0.2305,0.2360,-0.005,-0.000,0.000,0.000,0.4,1.3,-0.1,-0.0,0.0,0.0,-0.4,1.3,0,0,0.690,0.280,5.07,
2.5900,0.2293,0.4492,-0.2305,0.2360,-0.038,-0.000,0.000,0.000,0.4,1.3,-0.4,-0.0,0.0,0.0,-0.1,1.3,0,0,0.690,0.270,6.70,
2.5950,0.2293,0.4492,-0.2305,0.2360,-0.066,-0.000,0.000,0.000,0.4,1.3,-0.7,-0.0,0.0,0.0,0.2,1.3,0,0,0.690,0.290,6.51,
2.6000,0.2293,0.4492,-0.2305,0.2361,-0.090,-0.000,0.000,0.000,0.4,1.3,-0.9,-0.0,0.0,0.0,0.5,1.3,0,1,0.680,0.280,5.07,
2.6050,0.2293,0.4492,-0.2305,0.2361,-0.110,-0.000,0.000,0.000,0.4,1.3,-1.1,-0.0,0.0,0.0,0.7,1.3,-1,0,0.690,0.290,14.23,
2.6100,0.2293,0.4492,-0.2305,0.2361,-0.127,-0.000,0.000,0.000,0.4,1.3,-1.3,-0.0,0.0,0.0,0.8,1.3,0,0,0.690,0.280,5.08,
2.6150,0.2293,0.4492,-0.2305,0.2361,-0.141,-0.000,0.000,0.000,0.4,1.3,-1.4,-0.0,0.0,0.0,1.0,1.3,0,1,0.690,0.280,5.60,
2.6200,0.2293,0.4492,-0.2305,0.2361,-0.154,-0.000,0.000,0.000,0.4,1.3,-1.5,-0.0,0.0,0.0,1.1,1.3,0,0,0.690,0.290,5.07,
2.6250,0.2293,0.4492,-0.2305,0.2361,-0.097,0.017,0.000,0.000,0.4,1.3,-1.0,0.2,0.0,0.0,0.5,1.5,0,0,0.690,0.290,7.01,
2.6300,0.2293,0.4492,-0.2305,0.2361,-0.049,0.031,0.000,0.000,0.4,1.3,-0.5,0.3,0.0,0.0,0.1,1.6,0,0,0.700,0.270,5.60,
2.6350,0.2293,0.4492,-0.2305,0.2361,-0.008,0.043,0.000,0.000,0.4,1.3,-0.1,0.4,0.0,0.0,-0.4,1.7,0,0,0.680,0.270,5.08,
2.6400,0.2293,0.4492,-0.2305,0.2361,0.027,0.053,0.000,0.000,0.4,1.3,0.3,0.5,0.0,0.0,-0.7,1.8,0,0,0.690,0.300,9.57,
2.6450,0.2293,0.4492,-0.2305,0.2361,0.056,0.062,0.000,0.000,0.4,1.3,0.6,0.6,0.0,0.0,-1.0,1.9,0,0,0.700,0.290,9.58,
2.6500,0.2293,0.4492,-0.2305,0.2361,0.081,0.070,0.000,0.000,0.4,1.3,0.8,0.7,0.0,0.0,-1.2,2.0,0,1,0.700,0.290,5.08,
2.6550,0.2293,0.4492,-0.2305,0.2361,0.103,0.076,0.000,0.000,0.4,1.3,1.0,0.8,0.0,0.0,-1.5,2.0,0,0,0.700,0.280,5.01,
2.6600,0.2355,0.4570,-0.2305,0.2361,0.121,0.081,0.000,0.000,0.4,1.3,1.2,0.8,0.0,0.0,-1.6,2.1,0,0,0.700,0.280,5.07,
2.6650,0.2355,0.4570,-0.2305,0.2361,0.136,0.052,0.000,0.000,0.4,1.3,1.4,0.5,0.0,0.0,-1.8,1.8,0,0,0.700,0.310,5.97,
2.6700,0.2355,0.4570,-0.2305,0.2361,0.149,0.028,0.000,0.000,0.4,1.3,1.5,0.3,0.0,0.0,-1.9,1.6,0,1,0.700,0.290,6.29,
2.6750,0.2355,0.4570,-0.2305,0.2360,0.161,0.007,0.000,0.000,0.4,1.3,1.6,0.1,0.0,0.0,-2.0,1.4,0,0,0.700,0.260,5.08,
2.6800,0.2355,0.4570,-0.2305,0.2360,0.170,-0.011,0.000,0.000,0.4,1.3,1.7,-0.1,0.0,0.0,-2.1,1.2,0,1,0.700,0.280,13.89,
2.6850,0.2355,0.4570,-0.2305,0.2360,0.178,-0.026,0.000,0.000,0.4,1.3,1.8,-0.3,0.0,0.0,-2.2,1.0,0,0,0.700,0.260,5.08,
2.6900,0.2355,0.4570,-0.2305,0.2360,0.185,-0.039,0.000,0.000,0.4,1.3,1.9,-0.4,0.0,0.0,-2.3,0.9,0,0,0.700,0.280,5.62,
2.6950,0.2424,0.4578,-0.2305,0.2360,0.191,-0.050,0.000,0.000,0.4,1.3,1.9,-0.5,0.0,0.0,-2.3,0.8,0,0,0.690,0.280,5.08,
2.7000,0.2424,0.4578,-0.2305,0.2360,0.196,-0.059,0.000,0.000,0.4,1.3,2.0,-0.6,0.0,0.0,-2.4,0.7,0,0,0.700,0.270,6.23,
2.7050,0.2424,0.4578,-0.2305,0.2360,0.166,-0.034,0.000,0.000,0.4,1.3,1.7,-0.3,0.0,0.0,-2.1,1.0,0,0,0.710,0.260,5.08,
2.7100,0.2424,0.4578,-0.2305,0.2360,0.141,-0.012,0.000,0.000,0.4,1.3,1.4,-0.1,0.0,0.0,-1.8,1.2,0,0,0.700,0.270,6.18,
2.7150,0.2424,0.4578,-0.2305,0.2360,0.120,0.007,0.000,0.000,0.4,1.3,1.2,0.1,0.0,0.0,-1.6,1.4,0,0,0.700,0.280,8.77,
2.7200,0.2424,0.4578,-0.2305,0.2360,0.102,0.023,0.000,0.000,0.4,1.3,1.0,0.2,0.0,0.0,-1.5,1.5,0,0,0.690,0.280,5.08,
2.7250,0.2424,0.4578,-0.2305,0.2360,0.087,0.036,0.000,0.000,0.4,1.3,0.9,0.4,0.0,0.0,-1.3,1.6,0,1,0.700,0.260,7.38,
2.7300,0.2424,0.4578,-0.2305,0.2360,0.074,0.047,0.000,0.000,0.4,1.3,0.7,0.5,0.0,0.0,-1.2,1.8,0,0,0.710,0.290,5.07,
2.7350,0.2424,0.4578,-0.2305,0.2360,0.063,0.057,0.000,0.000,0.4,1.3,0.6,0.6,0.0,0.0,-1.1,1.9,0,0,0.700,0.270,5.07,
2.7400,0.2424,0.4578,-0.2305,0.2360,0.053,0.065,0.000,0.000,0.4,1.3,0.5,0.7,0.0,0.0,-1.0,1.9,0,0,0.710,0.280,5.76,
2.7450,0.2424,0.4578,-0.2305,0.2360,0.029,0.072,0.000,0.000,0.4,1.3,0.3,0.7,0.0,0.0,-0.7,2.0,0,1,0.700,0.280,5.08,
2.7500,0.2424,0.4578,-0.2305,0.2360,0.007,0.078,0.000,0.000,0.4,1.3,0.1,0.8,0.0,0.0,-0.5,2.1,0,0,0.690,0.290,6.47,
2.7550,0.2424,0.4578,-0.2305,0.2361,-0.010,0.083,0.000,0.000,0.4,1.3,-0.1,0.8,0.0,0.0,-0.3,2.1,0,0,0.710,0.280,5.08,
2.7600,0.2424,0.4578,-0.2305,0.2361,-0.026,0.088,0.000,0.000,0.4,1.3,-0.3,0.9,0.0,0.0,-0.2,2.2,0,0,0.690,0.290,14.10,
2.7650,0.2424,0.4578,-0.2305,0.2361,-0.039,0.091,0.000,0.000,0.4,1.3,-0.4,0.9,0.0,0.0,-0.0,2.2,0,1,0.700,0.290,5.08,
2.7700,0.2424,0.4578,-0.2305,0.2361,-0.050,0.094,0.000,0.000,0.4,1.3,-0.5,0.9,0.0,0.0,0.1,2.2,0,0,0.710,0.280,5.61,
2.7750,0.2346,0.4639,-0.2305,0.2361,-0.059,0.097,0.000,0.000,0.4,1.3,-0.6,1.0,0.0,0.0,0.2,2.3,0,0,0.700,0.270,5.08,
2.7800,0.2346,0.4639,-0.2305,0.2361,-0.067,0.099,0.000,0.000,0.4,1.3,-0.7,1.0,0.0,0.0,0.2,2.3,0,1,0.710,0.280,5.93,
2.7850,0.2346,0.4639,-0.2305,0.2361,-0.074,0.084,0.000,0.000,0.4,1.3,-0.7,0.8,0.0,0.0,0.3,2.1,0,0,0.700,0.300,5.08,
2.7900,0.2346,0.4639,-0.2305,0.2360,-0.079,0.072,0.000,0.000,0.4,1.3,-0.8,0.7,0.0,0.0,0.4,2.0,0,1,0.710,0.280,6.15,
2.7950,0.2346,0.4639,-0.2305,0.2360,-0.084,0.061,0.000,0.000,0.4,1.3,-0.8,0.6,0.0,0.0,0.4,1.9,0,0,0.710,0.300,8.78,
2.8000,0.2346,0.4639,-0.2305,0.2360,-0.088,0.052,0.000,0.000,0.4,1.3,-0.9,0.5,0.0,0.0,0.5,1.8,0,0,0.690,0.280,6.87,
2.8050,0.2346,0.4639,-0.2305,0.2360,-0.092,0.044,0.000,0.000,0.4,1.3,-0.9,0.4,0.0,0.0,0.5,1.7,0,0,0.700,0.290,5.08,
2.8100,0.2346,0.4639,-0.2305,0.2360,-0.095,0.037,0.000,0.000,0.4,1.3,-0.9,0.4,0.0,0.0,0.5,1.7,0,1,0.700,0.280,5.08,
2.8150,0.2346,0.4639,-0.2305,0.2360,-0.097,0.032,0.000,0.000,0.4,1.3,-1.0,0.3,0.0,0.0,0.5,1.6,0,0,0.680,0.300,5.07,
2.8200,0.2346,0.4639,-0.2305,0.2360,-0.100,0.027,0.000,0.000,0.4,1.3,-1.0,0.3,0.0,0.0,0.6,1.6,0,0,0.690,0.300,5.74,
2.8250,0.2346,0.4639,-0.2305,0.2360,-0.034,0.023,0.000,0.000,0.4,1.3,-0.3,0.2,0.0,0.0,-0.1,1.5,0,0,0.690,0.290,5.07,
2.8300,0.2346,0.4639,-0.2305,0.2360,0.021,0.020,0.000,0.000,0.4,1.3,0.2,0.2,0.0,0.0,-0.6,1.5,0,0,0.700,0.290,6.61,
2.8350,0.2346,0.4639,-0.2305,0.2360,0.068,0.017,0.000,0.000,0.4,1.3,0.7,0.2,0.0,0.0,-1.1,1.5,0,0,0.690,0.290,5.08,
2.8400,0.2346,0.4639,-0.2305,0.2360,0.108,0.014,0.000,0.000,0.4,1.3,1.1,0.1,0.0,0.0,-1.5,1.4,0,1,0.700,0.290,14.01,
2.8450,0.2346,0.4639,-0.2305,0.2360,0.143,0.012,0.000,0.000,0.4,1.3,1.4,0.1,0.0,0.0,-1.9,1.4,0,0,0.710,0.280,5.08,
2.8500,0.2346,0.4639,-0.2305,0.2360,0.172,0.010,0.000,0.000,0.4,1.3,1.7,0.1,0.0,0.0,-2.1,1.4,0,0,0.690,0.300,5.55,
2.8550,0.2346,0.4639,-0.2305,0.2360,0.196,0.009,0.000,0.000,0.4,1.3,2.0,0.1,0.0,0.0,-2.4,1.4,0,0,0.720,0.290,5.07,
2.8600,0.2346,0.4639,-0.2305,0.2360,0.217,0.007,0.000,0.000,0.4,1.3,2.2,0.1,0.0,0.0,-2.6,1.4,0,0,0.710,0.290,6.33,
2.8650,0.2346,0.4639,-0.2305,0.2360,0.185,-0.011,0.000,0.000,0.4,1.3,1.8,-0.1,0.0,0.0,-2.3,1.2,0,0,0.720,0.280,5.08,
2.8700,0.2346,0.4639,-0.2305,0.2360,0.157,-0.026,0.000,0.000,0.4,1.3,1.6,-0.3,0.0,0.0,-2.0,1.0,0,0,0.700,0.280,6.62,
2.8750,0.2346,0.4639,-0.2305,0.2360,0.133,-0.039,0.000,0.000,0.4,1.3,1.3,-0.4,0.0,0.0,-1.8,0.9,0,0,0.700,0.290,9.36,
2.8800,0.2346,0.4639,-0.2305,0.2360,0.113,-0.050,0.000,0.000,0.4,1.3,1.1,-0.5,0.0,0.0,-1.6,0.8,0,0,0.710,0.300,9.60,
2.8850,0.2346,0.4639,-0.2305,0.2360,0.096,-0.059,0.000,0.000,0.4,1.3,1.0,-0.6,0.0,0.0,-1.4,0.7,0,1,0.710,0.290,5.07,
2.8900,0.2346,0.4639,-0.2305,0.2360,0.082,-0.067,0.000,0.000,0.4,1.3,0.8,-0.7,0.0,0.0,-1.3,0.6,0,0,0.710,0.280,5.08,
2.8950,0.2416,0.4647,-0.2305,0.2360,0.070,-0.074,0.000,0.000,0.4,1.3,0.7,-0.7,0.0,0.0,-1.1,0.6,0,0,0.700,0.300,5.74,
2.9000,0.2416,0.4647,-0.2305,0.2360,0.059,-0.063,0.000,0.000,0.4,1.3,0.6,-0.6,0.0,0.0,-1.0,0.7,0,0,0.710,0.300,5.08,
2.9050,0.2416,0.4647,-0.2305,0.2360,0.050,-0.053,0.000,0.000,0.4,1.3,0.5,-0.5,0.0,0.0,-0.9,0.8,0,0,0.720,0.290,6.29,
2.9100,0.2416,0.4647,-0.2305,0.2360,0.043,-0.045,0.000,0.000,0.4,1.3,0.4,-0.5,0.0,0.0,-0.9,0.8,0,0,0.710,0.290,5.08,
2.9150,0.2416,0.4647,-0.2305,0.2360,0.036,-0.038,0.000,0.000,0.4,1.3,0.4,-0.4,0.0,0.0,-0.8,0.9,0,0,0.720,0.290,13.25,
2.9200,0.2416,0.4647,-0.2305,0.2360,0.031,-0.033,0.000,0.000,0.4,1.3,0.3,-0.3,0.0,0.0,-0.7,1.0,0,0,0.710,0.280,5.07,
2.9250,0.2416,0.4647,-0.2305,0.2360,0.026,-0.028,0.000,0.000,0.4,1.3,0.3,-0.3,0.0,0.0,-0.7,1.0,0,0,0.720,0.290,5.07,
2.9300,0.2338,0.4709,-0.2305,0.2360,0.022,-0.024,0.000,0.000,0.4,1.3,0.2,-0.2,0.0,0.0,-0.7,1.1,0,0,0.720,0.280,5.08,
2.9350,0.2338,0.4709,-0.2305,0.2360,0.019,-0.020,0.000,0.000,0.4,1.3,0.2,-0.2,0.0,0.0,-0.6,1.1,0,0,0.710,0.290,5.71,
2.9400,0.2338,0.4709,-0.2305,0.2360,-0.001,-0.017,0.000,0.000,0.4,1.3,-0.0,-0.2,0.0,0.0,-0.4,1.1,0,1,0.700,0.280,5.08,
2.9450,0.2338,0.4709,-0.2305,0.2360,-0.017,-0.015,0.000,0.000,0.4,1.3,-0.2,-0.1,0.0,0.0,-0.3,1.1,0,0,0.710,0.290,6.46,
2.9500,0.2338,0.4709,-0.2304,0.2361,-0.032,-0.012,0.000,0.000,0.4,1.3,-0.3,-0.1,0.0,0.0,-0.1,1.2,0,0,0.710,0.280,5.08,
2.9550,0.2338,0.4709,-0.2304,0.2361,-0.044,-0.010,0.000,0.000,0.4,1.3,-0.4,-0.1,0.0,0.0,0.0,1.2,0,0,0.710,0.290,13.19,
2.9600,0.2338,0.4709,-0.2304,0.2361,-0.054,-0.009,0.000,0.000,0.4,1.3,-0.5,-0.1,0.0,0.0,0.1,1.2,0,1,0.710,0.280,5.07,
2.9650,0.2338,0.4709,-0.2304,0.2361,-0.063,-0.008,0.000,0.000,0.4,1.3,-0.6,-0.1,0.0,0.0,0.2,1.2,0,0,0.710,0.280,5.55,
2.9700,0.2338,0.4709,-0.2304,0.2361,-0.070,-0.006,0.000,0.000,0.4,1.3,-0.7,-0.1,0.0,0.0,0.3,1.2,0,0,0.710,0.330,5.08,
2.9750,0.2338,0.4709,-0.2304,0.2361,-0.076,-0.005,0.000,0.000,0.4,1.3,-0.8,-0.1,0.0,0.0,0.3,1.2,-1,0,0.700,0.300,6.42,
2.9800,0.2338,0.4709,-0.2304,0.2361,-0.048,0.012,0.000,0.000,0.4,1.3,-0.5,0.1,0.0,0.0,0.0,1.4,0,0,0.690,0.280,5.08,
2.9850,0.2338,0.4709,-0.2303,0.2362,-0.024,0.027,0.000,0.000,0.4,1.3,-0.2,0.3,0.0,0.0,-0.2,1.6,0,1,0.710,0.300,6.84,
2.9900,0.2338,0.4709,-0.2303,0.2362,-0.004,0.040,0.000,0.000,0.4,1.3,-0.0,0.4,0.0,0.0,-0.4,1.7,0,0,0.710,0.280,7.73,
2.9950,0.2338,0.4709,-0.2303,0.2362,0.014,0.051,0.000,0.000,0.4,1.3,0.1,0.5,0.0,0.0,-0.6,1.8,0,0,0.730,0.290,5.08,
3.0000,0.2338,0.4709,-0.2303,0.2362,0.028,0.060,0.000,0.000,0.4,1.3,0.3,0.6,0.0,0.0,-0.7,1.9,0,0,0.720,0.290,8.46,
3.0050,0.2338,0.4709,-0.2303,0.2362,0.041,0.068,0.000,0.000,0.4,1.3,0.4,0.7,0.0,0.0,-0.8,2.0,0,1,0.710,0.280,5.96,
3.0100,0.2338,0.4709,-0.2303,0.2362,0.052,0.074,0.000,0.000,0.4,1.3,0.5,0.7,0.0,0.0,-0.9,2.0,0,0,0.720,0.290,5.07,
3.0150,0.2338,0.4709,-0.2303,0.2362,0.061,0.080,0.000,0.000,0.4,1.3,0.6,0.8,0.0,0.0,-1.0,2.1,0,0,0.710,0.300,6.96,
3.0200,0.2338,0.4709,-0.2303,0.2362,0.085,0.068,0.000,0.000,0.4,1.3,0.9,0.7,0.0,0.0,-1.3,2.0,0,0,0.750,0.290,5.08,
3.0250,0.2338,0.4709,-0.2371,0.2348,0.106,0.058,0.000,0.000,0.4,1.3,1.1,0.6,0.0,0.0,-1.5,1.9,0,0,0.720,0.280,6.63,
3.0300,0.2338,0.4709,-0.2371,0.2348,0.124,0.049,0.000,0.000,0.4,1.3,1.2,0.5,0.0,0.0,-1.7,1.8,0,0,0.720,0.300,9.72,
3.0350,0.2338,0.4709,-0.2371,0.2348,0.139,0.042,0.000,0.000,0.4,1.3,1.4,0.4,0.0,0.0,-1.8,1.7,0,0,0.720,0.300,8.97,
3.0400,0.2338,0.4709,-0.2371,0.2348,0.151,0.035,0.000,0.000,0.4,1.3,1.5,0.4,0.0,0.0,-1.9,1.6,0,1,0.720,0.290,5.07,
3.0450,0.2338,0.4709,-0.2371,0.2348,0.162,0.030,0.000,0.000,0.4,1.3,1.6,0.3,0.0,0.0,-2.1,1.6,0,0,0.720,0.290,5.08,
3.0500,0.2407,0.4717,-0.2371,0.2348,0.172,0.026,0.000,0.000,0.4,1.3,1.7,0.3,0.0,0.0,-2.1,1.5,0,0,0.730,0.290,5.08,
3.0550,0.2407,0.4717,-0.2371,0.2348,0.179,0.039,0.000,0.000,0.4,1.3,1.8,0.4,0.0,0.0,-2.2,1.7,0,0,0.740,0.290,6.76,
3.0600,0.2407,0.4717,-0.2371,0.2348,0.186,0.050,0.000,0.000,0.4,1.3,1.9,0.5,0.0,0.0,-2.3,1.8,0,1,0.720,0.300,7.09,
3.0650,0.2407,0.4717,-0.2371,0.2348,0.192,0.059,0.000,0.000,0.4,1.3,1.9,0.6,0.0,0.0,-2.4,1.9,0,0,0.700,0.270,5.08,
3.0700,0.2407,0.4717,-0.2371,0.2348,0.197,0.067,0.000,0.000,0.4,1.3,2.0,0.7,0.0,0.0,-2.4,2.0,0,0,0.720,0.290,12.87,
3.0750,0.2407,0.4717,-0.2371,0.2348,0.201,0.074,0.000,0.000,0.4,1.3,2.0,0.7,0.0,0.0,-2.4,2.0,0,0,0.730,0.280,5.07,
3.0800,0.2407,0.4717,-0.2371,0.2348,0.204,0.079,0.000,0.000,0.4,1.3,2.0,0.8,0.0,0.0,-2.5,2.1,0,0,0.730,0.290,5.64,
3.0850,0.2407,0.4717,-0.2371,0.2348,0.207,0.084,0.000,0.000,0.4,1.3,2.1,0.8,0.0,0.0,-2.5,2.1,0,1,0.730,0.290,5.07,
3.0900,0.2407,0.4717,-0.2371,0.2348,0.210,0.088,0.000,0.000,0.4,1.3,2.1,0.9,0.0,0.0,-2.5,2.2,0,0,0.730,0.310,6.19,
3.0950,0.2407,0.4717,-0.2371,0.2348,0.128,0.075,0.000,0.000,0.4,1.3,1.3,0.8,0.0,0.0,-1.7,2.0,0,1,0.730,0.290,5.08,
3.1000,0.2407,0.4717,-0.2371,0.2348,0.058,0.064,0.000,0.000,0.4,1.3,0.6,0.6,0.0,0.0,-1.0,1.9,0,2,0.730,0.290,6.18,
3.1050,0.2407,0.4717,-0.2371,0.2348,-0.001,0.054,0.000,0.000,0.4,1.3,-0.0,0.5,0.0,0.0,-0.4,1.8,0,0,0.740,0.300,8.21,
3.1100,0.2407,0.4717,-0.2371,0.2348,-0.051,0.046,0.000,0.000,0.4,1.3,-0.5,0.5,0.0,0.0,0.1,1.7,0,0,0.750,0.300,5.08,
3.1150,0.2407,0.4717,-0.2371,0.2348,-0.094,0.039,0.000,0.000,0.4,1.3,-0.9,0.4,0.0,0.0,0.5,1.7,0,0,0.730,0.290,7.98,
3.1200,0.2407,0.4717,-0.2371,0.2348,-0.130,0.033,0.000,0.000,0.4,1.3,-1.3,0.3,0.0,0.0,0.9,1.6,0,0,0.730,0.320,5.73,
3.1250,0.2260,0.4770,-0.2371,0.2348,-0.161,0.028,0.000,0.000,0.4,1.3,-1.6,0.3,0.0,0.0,1.2,1.6,0,0,0.720,0.270,5.08,
3.1300,0.2260,0.4770,-0.2371,0.2348,-0.187,0.024,0.000,0.000,0.4,1.3,-1.9,0.2,0.0,0.0,1.4,1.5,0,1,0.740,0.290,6.92,
3.1350,0.2260,0.4770,-0.2371,0.2348,-0.159,0.020,0.000,0.000,0.4,1.3,-1.6,0.2,0.0,0.0,1.2,1.5,0,0,0.740,0.300,5.07,
3.1400,0.2260,0.4770,-0.2303,0.2362,-0.135,0.017,0.000,0.000,0.4,1.3,-1.4,0.2,0.0,0.0,0.9,1.5,0,0,0.730,0.310,6.68,
3.1450,0.2260,0.4770,-0.2303,0.2362,-0.115,0.015,0.000,0.000,0.4,1.3,-1.1,0.1,0.0,0.0,0.7,1.4,0,0,0.730,0.300,9.56,
3.1500,0.2260,0.4770,-0.2303,0.2362,-0.098,0.013,0.000,0.000,0.4,1.3,-1.0,0.1,0.0,0.0,0.5,1.4,0,0,0.720,0.300,9.23,
3.1550,0.2260,0.4770,-0.2303,0.2362,-0.083,0.011,0.000,0.000,0.4,1.3,-0.8,0.1,0.0,0.0,0.4,1.4,0,0,0.730,0.280,5.07,
3.1600,0.2260,0.4770,-0.2303,0.2362,-0.071,0.009,0.000,0.000,0.4,1.3,-0.7,0.1,0.0,0.0,0.3,1.4,0,0,0.720,0.300,5.57,
3.1650,0.2268,0.4701,-0.2303,0.2362,-0.060,0.008,0.000,0.000,0.4,1.3,-0.6,0.1,0.0,0.0,0.2,1.4,0,0,0.720,0.300,5.07,
3.1700,0.2268,0.4701,-0.2303,0.2362,-0.068,0.007,0.000,0.000,0.4,1.3,-0.7,0.1,0.0,0.0,0.2,1.4,0,0,0.730,0.290,5.91,
3.1750,0.2268,0.4701,-0.2303,0.2362,-0.074,0.006,0.000,0.000,0.4,1.3,-0.7,0.1,0.0,0.0,0.3,1.3,0,0,0.720,0.310,6.35,
3.1800,0.2268,0.4701,-0.2303,0.2362,-0.080,0.005,0.000,0.000,0.4,1.3,-0.8,0.0,0.0,0.0,0.4,1.3,0,0,0.730,0.310,5.07,
3.1850,0.2268,0.4701,-0.2303,0.2362,-0.085,0.004,0.000,0.000,0.4,1.3,-0.8,0.0,0.0,0.0,0.4,1.3,0,0,0.730,0.300,9.08,
3.1900,0.2268,0.4701,-0.2303,0.2362,-0.089,0.003,0.000,0.000,0.4,1.3,-0.9,0.0,0.0,0.0,0.5,1.3,0,0,0.720,0.300,8.48,
3.1950,0.2268,0.4701,-0.2303,0.2362,-0.092,0.003,0.000,0.000,0.4,1.3,-0.9,0.0,0.0,0.0,0.5,1.3,0,0,0.720,0.310,5.07,
3.2000,0.2268,0.4701,-0.2303,0.2362,-0.095,0.002,0.000,0.000,0.4,1.3,-1.0,0.0,0.0,0.0,0.5,1.3,0,1,0.710,0.320,5.07,
3.2050,0.2268,0.4701,-0.2303,0.2362,-0.098,0.002,0.000,0.000,0.4,1.3,-1.0,0.0,0.0,0.0,0.5,1.3,0,0,0.720,0.300,5.07,
3.2100,0.2268,0.4701,-0.2303,0.2362,-0.050,0.002,0.000,0.000,0.4,1.3,-0.5,0.0,0.0,0.0,0.1,1.3,0,0,0.720,0.290,5.93,
3.2150,0.2268,0.4701,-0.2303,0.2362,-0.009,0.002,0.000,0.000,0.4,1.3,-0.1,0.0,0.0,0.0,-0.3,1.3,0,1,0.720,0.300,6.61,
3.2200,0.2268,0.4701,-0.2304,0.2362,0.026,0.001,0.000,0.000,0.4,1.3,0.3,0.0,0.0,0.0,-0.7,1.3,0,1,0.720,0.300,5.07,
3.2250,0.2268,0.4701,-0.2304,0.2362,0.056,0.001,0.000,0.000,0.4,1.3,0.6,0.0,0.0,0.0,-1.0,1.3,0,0,0.720,0.300,13.21,
3.2300,0.2268,0.4701,-0.2304,0.2362,0.081,0.001,0.000,0.000,0.4,1.3,0.8,0.0,0.0,0.0,-1.2,1.3,0,1,0.730,0.300,5.06,
3.2350,0.2268,0.4701,-0.2304,0.2362,0.103,0.001,0.000,0.000,0.4,1.3,1.0,0.0,0.0,0.0,-1.5,1.3,0,0,0.710,0.290,5.07,
3.2400,0.2338,0.4709,-0.2304,0.2362,0.121,0.001,0.000,0.000,0.4,1.3,1.2,0.0,0.0,0.0,-1.6,1.3,0,0,0.720,0.310,5.07,
3.2450,0.2338,0.4709,-0.2304,0.2362,0.136,0.001,0.000,0.000,0.4,1.3,1.4,0.0,0.0,0.0,-1.8,1.3,0,0,0.740,0.310,7.13,
3.2500,0.2338,0.4709,-0.2304,0.2362,0.116,-0.016,0.000,0.000,0.4,1.3,1.2,-0.2,0.0,0.0,-1.6,1.1,0,0,0.720,0.320,5.07,
3.2550,0.2338,0.4709,-0.2304,0.2362,0.098,-0.031,0.000,0.000,0.4,1.3,1.0,-0.3,0.0,0.0,-1.4,1.0,0,0,0.730,0.300,6.39,
3.2600,0.2338,0.4709,-0.2304,0.2361,0.084,-0.043,0.000,0.000,0.4,1.3,0.8,-0.4,0.0,0.0,-1.3,0.9,0,0,0.730,0.300,8.41,
3.2650,0.2338,0.4709,-0.2304,0.2361,0.071,-0.053,0.000,0.000,0.4,1.3,0.7,-0.5,0.0,0.0,-1.1,0.8,0,1,0.730,0.290,5.07,
3.2700,0.2338,0.4709,-0.2304,0.2361,0.060,-0.062,0.000,0.000,0.4,1.3,0.6,-0.6,0.0,0.0,-1.0,0.7,0,0,0.730,0.290,8.23,
3.2750,0.2338,0.4709,-0.2304,0.2361,0.051,-0.069,0.000,0.000,0.4,1.3,0.5,-0.7,0.0,0.0,-0.9,0.6,0,0,0.720,0.290,5.07,
3.2800,0.2268,0.4701,-0.2304,0.2361,0.044,-0.076,0.000,0.000,0.4,1.3,0.4,-0.8,0.0,0.0,-0.9,0.5,0,0,0.720,0.290,5.07,
3.2850,0.2268,0.4701,-0.2304,0.2361,0.037,-0.081,0.000,0.000,0.4,1.3,0.4,-0.8,0.0,0.0,-0.8,0.5,0,0,0.740,0.300,7.33,
3.2900,0.2268,0.4701,-0.2304,0.2361,0.015,-0.052,0.000,0.000,0.4,1.3,0.1,-0.5,0.0,0.0,-0.6,0.8,-1,0,0.720,0.300,6.35,
3.2950,0.2268,0.4701,-0.2304,0.2361,-0.004,-0.028,0.000,0.000,0.4,1.3,-0.0,-0.3,0.0,0.0,-0.4,1.0,0,0,0.730,0.300,5.83,
3.3000,0.2268,0.4701,-0.2304,0.2361,-0.020,-0.007,0.000,0.000,0.4,1.3,-0.2,-0.1,0.0,0.0,-0.2,1.2,0,0,0.730,0.310,10.56,
3.3050,0.2268,0.4701,-0.2304,0.2361,-0.034,0.011,0.000,0.000,0.4,1.3,-0.3,0.1,0.0,0.0,-0.1,1.4,0,1,0.720,0.300,8.34,
3.3100,0.2268,0.4701,-0.2304,0.2361,-0.046,0.026,0.000,0.000,0.4,1.3,-0.5,0.3,0.0,0.0,0.0,1.6,0,1,0.750,0.300,5.07,
3.3150,0.2268,0.4701,-0.2304,0.2361,-0.056,0.039,0.000,0.000,0.4,1.3,-0.6,0.4,0.0,0.0,0.1,1.7,0,0,0.730,0.280,5.60,
3.3200,0.2207,0.4623,-0.2304,0.2361,-0.064,0.050,0.000,0.000,0.4,1.3,-0.6,0.5,0.0,0.0,0.2,1.8,0,0,0.740,0.310,5.73,
3.3250,0.2207,0.4623,-0.2304,0.2361,-0.055,0.042,0.000,0.000,0.4,1.3,-0.5,0.4,0.0,0.0,0.1,1.7,0,0,0.740,0.290,5.07,
3.3300,0.2207,0.4623,-0.2304,0.2361,-0.046,0.036,0.000,0.000,0.4,1.3,-0.5,0.4,0.0,0.0,0.0,1.6,0,1,0.730,0.300,6.68,
3.3350,0.2207,0.4623,-0.2304,0.2361,-0.039,0.031,0.000,0.000,0.4,1.3,-0.4,0.3,0.0,0.0,-0.0,1.6,0,1,0.740,0.270,5.08,
3.3400,0.2207,0.4623,-0.2304,0.2361,-0.033,0.026,0.000,0.000,0.4,1.3,-0.3,0.3,0.0,0.0,-0.1,1.5,0,0,0.740,0.310,13.01,
3.3450,0.2207,0.4623,-0.2304,0.2361,-0.028,0.022,0.000,0.000,0.4,1.3,-0.3,0.2,0.0,0.0,-0.1,1.5,0,0,0.740,0.280,5.07,
3.3500,0.2207,0.4623,-0.2304,0.2361,-0.024,0.019,0.000,0.000,0.4,1.3,-0.2,0.2,0.0,0.0,-0.2,1.5,0,0,0.730,0.310,5.07,
3.3550,0.2276,0.4631,-0.2304,0.2361,-0.021,0.016,0.000,0.000,0.4,1.3,-0.2,0.2,0.0,0.0,-0.2,1.4,0,1,0.730,0.310,5.06,
3.3600,0.2276,0.4631,-0.2304,0.2361,-0.017,0.014,0.000,0.000,0.4,1.3,-0.2,0.1,0.0,0.0,-0.3,1.4,0,0,0.730,0.300,7.09,
3.3650,0.2276,0.4631,-0.2304,0.2361,0.019,-0.022,0.000,0.000,0.4,1.3,0.2,-0.2,0.0,0.0,-0.6,1.1,0,0,0.710,0.310,5.07,
3.3700,0.2276,0.4631,-0.2304,0.2361,0.049,-0.052,0.000,0.000,0.4,1.3,0.5,-0.5,0.0,0.0,-0.9,0.8,0,0,0.730,0.310,6.41,
3.3750,0.2276,0.4631,-0.2304,0.2361,0.076,-0.078,0.000,0.000,0.4,1.3,0.8,-0.8,0.0,0.0,-1.2,0.5,0,0,0.740,0.300,7.40,
3.3800,0.2276,0.4631,-0.2304,0.2361,0.098,-0.100,0.000,0.000,0.4,1.3,1.0,-1.0,0.0,0.0,-1.4,0.3,0,0,0.740,0.300,5.06,
3.3850,0.2276,0.4631,-0.2304,0.2361,0.117,-0.118,0.000,0.000,0.4,1.3,1.2,-1.2,0.0,0.0,-1.6,0.1,0,0,0.720,0.310,8.87,
3.3900,0.2276,0.4631,-0.2304,0.2361,0.133,-0.134,0.000,0.000,0.4,1.3,1.3,-1.3,0.0,0.0,-1.8,-0.1,0,0,0.730,0.310,5.06,
3.3950,0.2354,0.4570,-0.2304,0.2361,0.146,-0.148,0.000,0.000,0.4,1.3,1.5,-1.5,0.0,0.0,-1.9,-0.2,0,0,0.720,0.310,5.08,
3.4000,0.2354,0.4570,-0.2304,0.2361,0.158,-0.159,0.000,0.000,0.4,1.3,1.6,-1.6,0.0,0.0,-2.0,-0.3,0,0,0.730,0.310,8.27,
3.4050,0.2354,0.4570,-0.2304,0.2361,0.118,-0.135,0.000,0.000,0.4,1.3,1.2,-1.4,0.0,0.0,-1.6,-0.1,0,1,0.720,0.290,5.08,
3.4100,0.2354,0.4570,-0.2304,0.2361,0.083,-0.115,0.000,0.000,0.4,1.3,0.8,-1.1,0.0,0.0,-1.3,0.1,0,0,0.730,0.290,6.91,
3.4150,0.2354,0.4570,-0.2304,0.2361,0.054,-0.098,0.000,0.000,0.4,1.3,0.5,-1.0,0.0,0.0,-1.0,0.3,0,0,0.740,0.310,8.77,
3.4200,0.2354,0.4570,-0.2304,0.2361,0.029,-0.083,0.000,0.000,0.4,1.3,0.3,-0.8,0.0,0.0,-0.7,0.5,0,0,0.740,0.300,8.97,
3.4250,0.2354,0.4570,-0.2304,0.2361,0.008,-0.071,0.000,0.000,0.4,1.3,0.1,-0.7,0.0,0.0,-0.5,0.6,0,0,0.710,0.290,5.08,
3.4300,0.2354,0.4570,-0.2304,0.2361,-0.010,-0.060,0.000,0.000,0.4,1.3,-0.1,-0.6,0.0,0.0,-0.3,0.7,0,0,0.730,0.300,5.60,
3.4350,0.2362,0.4501,-0.2304,0.2361,-0.025,-0.051,0.000,0.000,0.4,1.3,-0.3,-0.5,0.0,0.0,-0.2,0.8,0,0,0.730,0.280,5.07,
3.4400,0.2362,0.4501,-0.2304,0.2361,-0.022,-0.043,0.000,0.000,0.4,1.3,-0.2,-0.4,0.0,0.0,-0.2,0.9,0,0,0.730,0.310,6.93,
3.4450,0.2362,0.4501,-0.2304,0.2361,-0.018,-0.037,0.000,0.000,0.4,1.3,-0.2,-0.4,0.0,0.0,-0.3,0.9,0,0,0.740,0.300,7.34,
3.4500,0.2362,0.4501,-0.2304,0.2361,-0.016,-0.031,0.000,0.000,0.4,1.3,-0.2,-0.3,0.0,0.0,-0.3,1.0,0,0,0.720,0.300,8.23,
3.4550,0.2362,0.4501,-0.2304,0.2361,-0.013,-0.027,0.000,0.000,0.4,1.3,-0.1,-0.3,0.0,0.0,-0.3,1.0,0,0,0.740,0.300,5.08,
3.4600,0.2362,0.4501,-0.2304,0.2361,-0.011,-0.023,0.000,0.000,0.4,1.3,-0.1,-0.2,0.0,0.0,-0.3,1.1,0,0,0.730,0.310,9.04,
3.4650,0.2362,0.4501,-0.2304,0.2361,-0.010,-0.019,0.000,0.000,0.4,1.3,-0.1,-0.2,0.0,0.0,-0.3,1.1,0,0,0.740,0.300,5.99,
3.4700,0.2353,0.4570,-0.2304,0.2361,-0.008,-0.016,0.000,0.000,0.4,1.3,-0.1,-0.2,0.0,0.0,-0.4,1.1,0,1,0.730,0.310,5.07,
3.4750,0.2353,0.4570,-0.2304,0.2361,-0.007,-0.014,0.000,0.000,0.4,1.3,-0.1,-0.1,0.0,0.0,-0.4,1.1,0,0,0.730,0.300,6.72,
3.4800,0.2353,0.4570,-0.2304,0.2361,-0.023,-0.012,0.000,0.000,0.4,1.3,-0.2,-0.1,0.0,0.0,-0.2,1.2,0,0,0.730,0.320,5.07,
3.4850,0.2353,0.4570,-0.2303,0.2362,-0.036,-0.010,0.000,0.000,0.4,1.3,-0.4,-0.1,0.0,0.0,-0.1,1.2,0,1,0.730,0.310,6.44,
3.4900,0.2353,0.4570,-0.2303,0.2362,-0.047,-0.009,0.000,0.000,0.4,1.3,-0.5,-0.1,0.0,0.0,0.0,1.2,0,0,0.720,0.290,9.24,
3.4950,0.2353,0.4570,-0.2303,0.2362,-0.057,-0.007,0.000,0.000,0.4,1.3,-0.6,-0.1,0.0,0.0,0.1,1.2,0,0,0.730,0.300,9.57,
3.5000,0.2353,0.4570,-0.2303,0.2362,-0.065,-0.006,0.000,0.000,0.4,1.3,-0.7,-0.1,0.0,0.0,0.2,1.2,0,0,0.730,0.300,5.08,
3.5050,0.2362,0.4501,-0.2303,0.2362,-0.072,-0.005,0.000,0.000,0.4,1.3,-0.7,-0.1,0.0,0.0,0.3,1.2,0,0,0.720,0.300,6.39,
3.5100,0.2362,0.4501,-0.2303,0.2362,-0.078,-0.004,0.000,0.000,0.4,1.3,-0.8,-0.0,0.0,0.0,0.3,1.2,0,0,0.730,0.300,5.55,
3.5150,0.2362,0.4501,-0.2303,0.2362,-0.033,-0.021,0.000,0.000,0.4,1.3,-0.3,-0.2,0.0,0.0,-0.1,1.1,0,0,0.730,0.300,5.21,
3.5200,0.2362,0.4501,-0.2303,0.2362,0.006,-0.034,0.000,0.000,0.4,1.3,0.1,-0.3,0.0,0.0,-0.5,0.9,0,0,0.720,0.310,6.48,
3.5250,0.2362,0.4501,-0.2303,0.2362,0.038,-0.046,0.000,0.000,0.4,1.3,0.4,-0.5,0.0,0.0,-0.8,0.8,0,1,0.730,0.310,5.07,
3.5300,0.2362,0.4501,-0.2303,0.2362,0.066,-0.056,0.000,0.000,0.4,1.3,0.7,-0.6,0.0,0.0,-1.1,0.7,0,0,0.720,0.310,13.70,
3.5350,0.2362,0.4501,-0.2303,0.2362,0.090,-0.064,0.000,0.000,0.4,1.3,0.9,-0.6,0.0,0.0,-1.3,0.6,0,0,0.740,0.290,5.07,
3.5400,0.2362,0.4501,-0.2303,0.2362,0.110,-0.071,0.000,0.000,0.4,1.3,1.1,-0.7,0.0,0.0,-1.5,0.6,0,0,0.730,0.320,6.00,
3.5450,0.2370,0.4431,-0.2303,0.2362,0.127,-0.077,0.000,0.000,0.4,1.3,1.3,-0.8,0.0,0.0,-1.7,0.5,0,0,0.720,0.310,5.08,
3.5500,0.2370,0.4431,-0.2303,0.2362,0.125,-0.083,0.000,0.000,0.4,1.3,1.2,-0.8,0.0,0.0,-1.7,0.5,0,0,0.730,0.310,7.39,
3.5550,0.2370,0.4431,-0.2303,0.2362,0.123,-0.087,0.000,0.000,0.4,1.3,1.2,-0.9,0.0,0.0,-1.7,0.4,0,0,0.730,0.300,6.70,
3.5600,0.2370,0.4431,-0.2370,0.2348,0.121,-0.091,0.000,0.000,0.4,1.3,1.2,-0.9,0.0,0.0,-1.6,0.4,0,0,0.740,0.300,5.07,
3.5650,0.2370,0.4431,-0.2370,0.2348,0.120,-0.094,0.000,0.000,0.4,1.3,1.2,-0.9,0.0,0.0,-1.6,0.3,0,0,0.720,0.310,9.42,
3.5700,0.2370,0.4431,-0.2370,0.2348,0.119,-0.097,0.000,0.000,0.4,1.3,1.2,-1.0,0.0,0.0,-1.6,0.3,0,0,0.730,0.310,9.11,
3.5750,0.2370,0.4431,-0.2370,0.2348,0.118,-0.099,0.000,0.000,0.4,1.3,1.2,-1.0,0.0,0.0,-1.6,0.3,0,0,0.720,0.310,5.07,
3.5800,0.2439,0.4439,-0.2370,0.2348,0.117,-0.101,0.000,0.000,0.4,1.3,1.2,-1.0,0.0,0.0,-1.6,0.3,0,0,0.740,0.310,5.07,
3.5850,0.2439,0.4439,-0.2370,0.2348,0.116,-0.103,0.000,0.000,0.4,1.3,1.2,-1.0,0.0,0.0,-1.6,0.3,0,1,0.730,0.330,7.03,
3.5900,0.2439,0.4439,-0.2370,0.2348,0.082,-0.104,0.000,0.000,0.4,1.3,0.8,-1.0,0.0,0.0,-1.3,0.2,0,0,0.740,0.300,5.08,
3.5950,0.2439,0.4439,-0.2370,0.2348,0.053,-0.105,0.000,0.000,0.4,1.3,0.5,-1.1,0.0,0.0,-1.0,0.2,0,0,0.750,0.300,6.81,
3.6000,0.2439,0.4439,-0.2370,0.2349,0.028,-0.106,0.000,0.000,0.4,1.3,0.3,-1.1,0.0,0.0,-0.7,0.2,0,0,0.740,0.300,8.12,
3.6050,0.2439,0.4439,-0.2370,0.2349,0.007,-0.107,0.000,0.000,0.4,1.3,0.1,-1.1,0.0,0.0,-0.5,0.2,0,0,0.720,0.310,5.08,
3.6100,0.2439,0.4439,-0.2370,0.2349,-0.011,-0.108,0.000,0.000,0.4,1.3,-0.1,-1.1,0.0,0.0,-0.3,0.2,0,0,0.720,0.310,9.00,
3.6150,0.2439,0.4439,-0.2370,0.2349,-0.026,-0.108,0.000,0.000,0.4,1.3,-0.3,-1.1,0.0,0.0,-0.2,0.2,0,0,0.730,0.300,6.02,
3.6200,0.2378,0.4362,-0.2370,0.2349,-0.039,-0.109,0.000,0.000,0.4,1.3,-0.4,-1.1,0.0,0.0,-0.0,0.2,0,0,0.750,0.310,5.04,
3.6250,0.2378,0.4362,-0.2370,0.2349,-0.050,-0.109,0.000,0.000,0.4,1.3,-0.5,-1.1,0.0,0.0,0.1,0.2,0,0,0.740,0.310,6.90,
3.6300,0.2378,0.4362,-0.2370,0.2349,-0.042,-0.076,0.000,0.000,0.4,1.3,-0.4,-0.8,0.0,0.0,-0.0,0.5,0,0,0.730,0.310,5.08,
3.6350,0.2378,0.4362,-0.2370,0.2349,-0.036,-0.048,0.000,0.000,0.4,1.3,-0.4,-0.5,0.0,0.0,-0.1,0.8,0,0,0.740,0.290,7.01,
3.6400,0.2378,0.4362,-0.2370,0.2349,-0.031,-0.024,0.000,0.000,0.4,1.3,-0.3,-0.2,0.0,0.0,-0.1,1.0,0,0,0.730,0.300,8.64,
3.6450,0.2378,0.4362,-0.2370,0.2349,-0.026,-0.004,0.000,0.000,0.4,1.3,-0.3,-0.0,0.0,0.0,-0.2,1.3,-1,0,0.740,0.300,8.80,
3.6500,0.2378,0.4362,-0.2370,0.2349,-0.022,0.014,0.000,0.000,0.4,1.3,-0.2,0.1,0.0,0.0,-0.2,1.4,-1,0,0.730,0.280,5.08,
3.6550,0.2378,0.4362,-0.2370,0.2349,-0.019,0.028,0.000,0.000,0.4,1.3,-0.2,0.3,0.0,0.0,-0.2,1.6,0,0,0.720,0.300,5.86,
3.6600,0.2378,0.4362,-0.2370,0.2349,-0.016,0.041,0.000,0.000,0.4,1.3,-0.2,0.4,0.0,0.0,-0.3,1.7,0,0,0.730,0.300,6.18,
3.6650,0.2378,0.4362,-0.2370,0.2349,-0.014,0.035,0.000,0.000,0.4,1.3,-0.1,0.3,0.0,0.0,-0.3,1.6,0,0,0.740,0.310,5.08,
3.6700,0.2378,0.4362,-0.2370,0.2349,-0.012,0.030,0.000,0.000,0.4,1.3,-0.1,0.3,0.0,0.0,-0.3,1.6,0,0,0.730,0.310,8.08,
3.6750,0.2378,0.4362,-0.2370,0.2349,-0.010,0.025,0.000,0.000,0.4,1.3,-0.1,0.3,0.0,0.0,-0.3,1.5,0,0,0.730,0.310,7.46,
3.6800,0.2378,0.4362,-0.2370,0.2349,-0.008,0.021,0.000,0.000,0.4,1.3,-0.1,0.2,0.0,0.0,-0.4,1.5,0,1,0.740,0.310,5.08,
3.6850,0.2378,0.4362,-0.2370,0.2349,-0.007,0.018,0.000,0.000,0.4,1.3,-0.1,0.2,0.0,0.0,-0.4,1.5,0,0,0.740,0.310,9.04,
3.6900,0.2378,0.4362,-0.2370,0.2349,-0.006,0.015,0.000,0.000,0.4,1.3,-0.1,0.2,0.0,0.0,-0.4,1.4,0,0,0.750,0.310,6.26,
3.6950,0.2378,0.4362,-0.2370,0.2349,-0.005,0.013,0.000,0.000,0.4,1.3,-0.1,0.1,0.0,0.0,-0.4,1.4,0,0,0.730,0.280,5.08,
3.7000,0.2378,0.4362,-0.2370,0.2349,-0.004,0.011,0.000,0.000,0.4,1.3,-0.0,0.1,0.0,0.0,-0.4,1.4,0,0,0.720,0.310,7.41,
3.7050,0.2378,0.4362,-0.2370,0.2349,-0.004,-0.007,0.000,0.000,0.4,1.3,-0.0,-0.1,0.0,0.0,-0.4,1.2,0,0,0.730,0.300,5.07,
3.7100,0.2378,0.4362,-0.2369,0.2349,-0.003,-0.023,0.000,0.000,0.4,1.3,-0.0,-0.2,0.0,0.0,-0.4,1.1,0,0,0.730,0.300,7.10,
3.7150,0.2378,0.4362,-0.2369,0.2349,-0.003,-0.036,0.000,0.000,0.4,1.3,-0.0,-0.4,0.0,0.0,-0.4,0.9,0,1,0.720,0.320,10.65,
3.7200,0.2378,0.4362,-0.2369,0.2349,-0.002,-0.048,0.000,0.000,0.4,1.3,-0.0,-0.5,0.0,0.0,-0.4,0.8,0,0,0.720,0.310,9.08,
3.7250,0.2378,0.4362,-0.2369,0.2349,-0.002,-0.057,0.000,0.000,0.4,1.3,-0.0,-0.6,0.0,0.0,-0.4,0.7,0,0,0.720,0.300,6.02,
3.7300,0.2447,0.4370,-0.2369,0.2349,-0.002,-0.065,0.000,0.000,0.4,1.3,-0.0,-0.7,0.0,0.0,-0.4,0.6,0,0,0.740,0.300,5.07,
3.7350,0.2447,0.4370,-0.2369,0.2349,-0.001,-0.072,0.000,0.000,0.4,1.3,-0.0,-0.7,0.0,0.0,-0.4,0.6,0,0,0.730,0.310,6.91,
3.7400,0.2447,0.4370,-0.2369,0.2349,0.016,-0.062,0.000,0.000,0.4,1.3,0.2,-0.6,0.0,0.0,-0.6,0.7,0,0,0.730,0.300,5.08,
3.7450,0.2447,0.4370,-0.2369,0.2350,0.030,-0.052,0.000,0.000,0.4,1.3,0.3,-0.5,0.0,0.0,-0.7,0.8,0,0,0.720,0.300,7.05,
3.7500,0.2447,0.4370,-0.2369,0.2350,0.042,-0.044,0.000,0.000,0.4,1.3,0.4,-0.4,0.0,0.0,-0.9,0.8,0,0,0.730,0.310,10.68,
3.7550,0.2447,0.4370,-0.2369,0.2350,0.053,-0.038,0.000,0.000,0.4,1.3,0.5,-0.4,0.0,0.0,-1.0,0.9,0,0,0.740,0.300,9.28,
3.7600,0.2447,0.4370,-0.2369,0.2350,0.062,-0.032,0.000,0.000,0.4,1.3,0.6,-0.3,0.0,0.0,-1.0,1.0,0,0,0.730,0.310,6.09,
3.7650,0.2447,0.4370,-0.2369,0.2350,0.069,-0.027,0.000,0.000,0.4,1.3,0.7,-0.3,0.0,0.0,-1.1,1.0,0,0,0.720,0.300,5.08,
3.7700,0.2447,0.4370,-0.2369,0.2350,0.076,-0.023,0.000,0.000,0.4,1.3,0.8,-0.2,0.0,0.0,-1.2,1.1,0,0,0.720,0.310,6.86,
3.7750,0.2447,0.4370,-0.2369,0.2350,0.081,-0.020,0.000,0.000,0.4,1.3,0.8,-0.2,0.0,0.0,-1.2,1.1,0,0,0.730,0.300,5.08,
3.7800,0.2447,0.4370,-0.2368,0.2350,0.086,-0.017,0.000,0.000,0.4,1.3,0.9,-0.2,0.0,0.0,-1.3,1.1,0,0,0.740,0.330,6.83,
3.7850,0.2447,0.4370,-0.2368,0.2350,0.090,-0.014,0.000,0.000,0.4,1.3,0.9,-0.1,0.0,0.0,-1.3,1.1,0,0,0.740,0.330,9.38,
3.7900,0.2447,0.4370,-0.2368,0.2350,0.093,-0.012,0.000,0.000,0.4,1.3,0.9,-0.1,0.0,0.0,-1.4,1.2,0,0,0.730,0.310,10.02,
3.7950,0.2447,0.4370,-0.2368,0.2350,0.096,-0.010,0.000,0.000,0.4,1.3,1.0,-0.1,0.0,0.0,-1.4,1.2,0,0,0.750,0.300,5.12,
3.8000,0.2447,0.4370,-0.2368,0.2350,0.098,-0.009,0.000,0.000,0.4,1.3,1.0,-0.1,0.0,0.0,-1.4,1.2,0,1,0.760,0.320,5.36,
3.8050,0.2447,0.4370,-0.2368,0.2350,0.100,-0.007,0.000,0.000,0.4,1.3,1.0,-0.1,0.0,0.0,-1.4,1.2,0,0,0.740,0.310,7.08,
3.8100,0.2447,0.4370,-0.2368,0.2350,0.085,-0.006,0.000,0.000,0.4,1.3,0.9,-0.1,0.0,0.0,-1.3,1.2,0,0,0.720,0.290,5.08,
3.8150,0.2447,0.4370,-0.2368,0.2351,0.072,-0.005,0.000,0.000,0.4,1.3,0.7,-0.1,0.0,0.0,-1.2,1.2,0,0,0.730,0.320,6.59,
3.8200,0.2447,0.4370,-0.2368,0.2351,0.062,-0.005,0.000,0.000,0.4,1.3,0.6,-0.0,0.0,0.0,-1.0,1.2,0,1,0.740,0.330,8.51,
3.8250,0.2447,0.4370,-0.2368,0.2351,0.052,-0.004,0.000,0.000,0.4,1.3,0.5,-0.0,0.0,0.0,-1.0,1.2,0,0,0.760,0.310,5.08,
3.8300,0.2447,0.4370,-0.2368,0.2351,0.044,-0.003,0.000,0.000,0.4,1.3,0.4,-0.0,0.0,0.0,-0.9,1.3,0,1,0.740,0.310,9.78,
3.8350,0.2447,0.4370,-0.2368,0.2351,0.038,-0.003,0.000,0.000,0.4,1.3,0.4,-0.0,0.0,0.0,-0.8,1.3,0,0,0.730,0.310,5.93,
3.8400,0.2455,0.4301,-0.2368,0.2351,0.032,-0.002,0.000,0.000,0.4,1.3,0.3,-0.0,0.0,0.0,-0.8,1.3,0,0,0.750,0.310,5.07,
3.8450,0.2455,0.4301,-0.2368,0.2351,0.027,0.015,0.000,0.000,0.4,1.3,0.3,0.1,0.0,0.0,-0.7,1.4,0,0,0.750,0.320,7.12,
3.8500,0.2455,0.4301,-0.2368,0.2351,0.023,0.029,0.000,0.000,0.4,1.3,0.2,0.3,0.0,0.0,-0.7,1.6,0,0,0.740,0.310,7.26,
3.8550,0.2455,0.4301,-0.2367,0.2351,0.020,0.042,0.000,0.000,0.4,1.3,0.2,0.4,0.0,0.0,-0.6,1.7,0,0,0.730,0.300,5.08,
3.8600,0.2455,0.4301,-0.2367,0.2351,0.017,0.052,0.000,0.000,0.4,1.3,0.2,0.5,0.0,0.0,-0.6,1.8,0,0,0.740,0.310,13.71,
3.8650,0.2455,0.4301,-0.2367,0.2351,0.014,0.061,0.000,0.000,0.4,1.3,0.1,0.6,0.0,0.0,-0.6,1.9,0,0,0.760,0.280,5.07,
3.8700,0.2455,0.4301,-0.2367,0.2351,0.012,0.069,0.000,0.000,0.4,1.3,0.1,0.7,0.0,0.0,-0.6,2.0,0,0,0.740,0.310,6.02,
3.8750,0.2455,0.4301,-0.2367,0.2351,0.010,0.075,0.000,0.000,0.4,1.3,0.1,0.8,0.0,0.0,-0.5,2.0,0,0,0.720,0.320,5.07,
3.8800,0.2455,0.4301,-0.2367,0.2351,-0.008,0.081,0.000,0.000,0.4,1.3,-0.1,0.8,0.0,0.0,-0.4,2.1,0,0,0.740,0.310,7.03,
3.8850,0.2455,0.4301,-0.2367,0.2351,-0.024,0.085,0.000,0.000,0.4,1.3,-0.2,0.9,0.0,0.0,-0.2,2.1,0,0,0.730,0.310,6.27,
3.8900,0.2455,0.4301,-0.2367,0.2352,-0.037,0.089,0.000,0.000,0.4,1.3,-0.4,0.9,0.0,0.0,-0.1,2.2,0,1,0.720,0.310,5.07,
3.8950,0.2455,0.4301,-0.2367,0.2352,-0.048,0.093,0.000,0.000,0.4,1.3,-0.5,0.9,0.0,0.0,0.0,2.2,0,1,0.730,0.310,10.01,
3.9000,0.2455,0.4301,-0.2367,0.2352,-0.058,0.096,0.000,0.000,0.4,1.3,-0.6,1.0,0.0,0.0,0.1,2.2,0,1,0.730,0.310,8.24,
3.9050,0.2455,0.4301,-0.2367,0.2352,-0.066,0.098,0.000,0.000,0.4,1.3,-0.7,1.0,0.0,0.0,0.2,2.3,0,0,0.730,0.310,5.07,
3.9100,0.2455,0.4301,-0.2367,0.2352,-0.073,0.100,0.000,0.000,0.4,1.3,-0.7,1.0,0.0,0.0,0.3,2.3,0,1,0.740,0.330,5.07,
3.9150,0.2455,0.4301,-0.2367,0.2352,-0.079,0.102,0.000,0.000,0.4,1.3,-0.8,1.0,0.0,0.0,0.4,2.3,0,0,0.730,0.300,5.83,
3.9200,0.2455,0.4301,-0.2367,0.2352,-0.067,0.070,0.000,0.000,0.4,1.3,-0.7,0.7,0.0,0.0,0.2,2.0,0,1,0.720,0.320,5.08,
3.9250,0.2455,0.4301,-0.2367,0.2352,-0.057,0.043,0.000,0.000,0.4,1.3,-0.6,0.4,0.0,0.0,0.1,1.7,0,1,0.740,0.310,6.34,
3.9300,0.2455,0.4301,-0.2367,0.2351,-0.048,0.019,0.000,0.000,0.4,1.3,-0.5,0.2,0.0,0.0,0.0,1.5,0,1,0.740,0.290,5.08,
3.9350,0.2455,0.4301,-0.2367,0.2351,-0.041,-0.000,0.000,0.000,0.4,1.3,-0.4,-0.0,0.0,0.0,-0.0,1.3,0,0,0.740,0.300,8.83,
3.9400,0.2455,0.4301,-0.2367,0.2351,-0.035,-0.017,0.000,0.000,0.4,1.3,-0.3,-0.2,0.0,0.0,-0.1,1.1,0,1,0.740,0.310,8.71,
3.9450,0.2455,0.4301,-0.2367,0.2351,-0.030,-0.031,0.000,0.000,0.4,1.3,-0.3,-0.3,0.0,0.0,-0.1,1.0,0,1,0.740,0.300,5.07,
3.9500,0.2455,0.4301,-0.2367,0.2351,-0.025,-0.043,0.000,0.000,0.4,1.3,-0.3,-0.4,0.0,0.0,-0.2,0.9,0,0,0.750,0.310,5.07,
3.9550,0.2385,0.4293,-0.2367,0.2351,-0.021,-0.054,0.000,0.000,0.4,1.3,-0.2,-0.5,0.0,0.0,-0.2,0.8,0,0,0.740,0.310,5.79,
3.9600,0.2385,0.4293,-0.2367,0.2351,-0.018,-0.046,0.000,0.000,0.4,1.3,-0.2,-0.5,0.0,0.0,-0.3,0.8,0,1,0.750,0.300,5.08,
3.9650,0.2385,0.4293,-0.2367,0.2351,-0.015,-0.039,0.000,0.000,0.4,1.3,-0.2,-0.4,0.0,0.0,-0.3,0.9,0,0,0.730,0.310,7.37,
3.9700,0.2385,0.4293,-0.2367,0.2352,-0.013,-0.033,0.000,0.000,0.4,1.3,-0.1,-0.3,0.0,0.0,-0.3,1.0,0,0,0.740,0.290,5.08,
3.9750,0.2385,0.4293,-0.2367,0.2352,-0.011,-0.028,0.000,0.000,0.4,1.3,-0.1,-0.3,0.0,0.0,-0.3,1.0,0,0,0.740,0.310,13.49,
3.9800,0.2385,0.4293,-0.2367,0.2352,-0.010,-0.024,0.000,0.000,0.4,1.3,-0.1,-0.2,0.0,0.0,-0.3,1.1,0,0,0.750,0.310,5.07,
3.9850,0.2385,0.4293,-0.2367,0.2352,-0.008,-0.020,0.000,0.000,0.4,1.3,-0.1,-0.2,0.0,0.0,-0.4,1.1,0,0,0.730,0.300,5.75,
3.9900,0.2385,0.4293,-0.2367,0.2352,-0.007,-0.017,0.000,0.000,0.4,1.3,-0.1,-0.2,0.0,0.0,-0.4,1.1,0,1,0.740,0.320,5.08,
3.9950,0.2385,0.4293,-0.2367,0.2352,-0.006,-0.015,0.000,0.000,0.4,1.3,-0.1,-0.1,0.0,0.0,-0.4,1.1,0,0,0.740,0.300,6.68,
4.0000,0.2385,0.4293,-0.2367,0.2352,0.029,-0.029,0.000,0.000,0.4,1.3,0.3,-0.3,0.0,0.0,-0.7,1.0,0,0,0.730,0.300,5.07,
4.0050,0.2385,0.4293,-0.2367,0.2352,0.058,-0.042,0.000,0.000,0.4,1.3,0.6,-0.4,0.0,0.0,-1.0,0.9,0,0,0.750,0.320,6.87,
4.0100,0.2385,0.4293,-0.2367,0.2352,0.083,-0.052,0.000,0.000,0.4,1.3,0.8,-0.5,0.0,0.0,-1.3,0.8,0,1,0.730,0.310,8.37,
4.0150,0.2385,0.4293,-0.2367,0.2352,0.104,-0.061,0.000,0.000,0.4,1.3,1.0,-0.6,0.0,0.0,-1.5,0.7,0,0,0.730,0.290,8.32,
4.0200,0.2385,0.4293,-0.2367,0.2352,0.122,-0.069,0.000,0.000,0.4,1.3,1.2,-0.7,0.0,0.0,-1.7,0.6,0,0,0.730,0.290,5.08,
4.0250,0.2385,0.4293,-0.2367,0.2352,0.137,-0.075,0.000,0.000,0.4,1.3,1.4,-0.8,0.0,0.0,-1.8,0.5,0,0,0.740,0.310,5.56,
4.0300,0.2463,0.4231,-0.2367,0.2352,0.150,-0.081,0.000,0.000,0.4,1.3,1.5,-0.8,0.0,0.0,-1.9,0.5,0,0,0.740,0.290,5.07,
4.0350,0.2463,0.4231,-0.2367,0.2352,0.161,-0.085,0.000,0.000,0.4,1.3,1.6,-0.9,0.0,0.0,-2.0,0.4,0,0,0.740,0.310,5.34,
4.0400,0.2463,0.4231,-0.2367,0.2352,0.154,-0.106,0.000,0.000,0.4,1.3,1.5,-1.1,0.0,0.0,-2.0,0.2,0,0,0.760,0.310,5.08,
4.0450,0.2463,0.4231,-0.2367,0.2352,0.148,-0.124,0.000,0.000,0.4,1.3,1.5,-1.2,0.0,0.0,-1.9,0.1,0,0,0.750,0.310,6.19,
4.0500,0.2463,0.4231,-0.2367,0.2352,0.142,-0.139,0.000,0.000,0.4,1.3,1.4,-1.4,0.0,0.0,-1.9,-0.1,0,0,0.740,0.310,8.11,
4.0550,0.2463,0.4231,-0.2367,0.2352,0.138,-0.152,0.000,0.000,0.4,1.3,1.4,-1.5,0.0,0.0,-1.8,-0.2,0,0,0.740,0.290,5.07,
4.0600,0.2463,0.4231,-0.2367,0.2352,0.134,-0.162,0.000,0.000,0.4,1.3,1.3,-1.6,0.0,0.0,-1.8,-0.3,0,0,0.740,0.300,8.46,
4.0650,0.2463,0.4231,-0.2367,0.2352,0.131,-0.172,0.000,0.000,0.4,1.3,1.3,-1.7,0.0,0.0,-1.7,-0.4,0,0,0.740,0.300,5.07,
4.0700,0.2471,0.4162,-0.2367,0.2352,0.128,-0.179,0.000,0.000,0.4,1.3,1.3,-1.8,0.0,0.0,-1.7,-0.5,0,0,0.750,0.290,5.07,
                                                                                                                                                                                                                                                                                                                                                                                                                                                                                                                                                                                 